rank	lemma
119	sich
166	gibt
169	Menschen
171	man
191	Jahren
197	Informationen
200	neue
212	Kinder
222	Euro
223	Unternehmen
227	anderen
232	Jahre
236	neuen
251	Verfügung
253	weitere
254	Bereich
255	ersten
261	bietet
264	gilt
267	geht
269	steht
270	Hochschule
274	Entwicklung
288	Schulen
297	Sachsen
300	andere
303	vielen
307	Schülerinnen
310	jedoch
314	Themen
317	per
318	sollten
320	liegt
329	insbesondere
330	kommt
333	Dies
336	nutzen
337	verschiedenen
338	Projekte
339	besteht
340	bieten
349	findet
353	Personen
354	eigenen
359	Kindern
362	eigene
365	stellt
372	unterstützt
378	Projekt
381	Frauen
382	Studierenden
386	beiden
388	jeweiligen
393	deutschen
397	Maßnahmen
398	Mitarbeiter
399	erfolgt
409	gehört
413	Aufgaben
414	beispielsweise
418	aktuellen
421	macht
424	Fall
425	Veranstaltungen
426	daher
429	große
431	letzten
434	sowohl
438	Inhalte
439	Nutzung
442	gute
443	zeigt
451	Angebote
454	Leistungen
457	Zusammenarbeit
458	einzelnen
462	Form
463	Millionen
467	bleibt
470	großen
474	lässt
480	Kunden
482	aktuelle
485	gemacht
486	informieren
489	weiteren
492	Höhe
494	Patienten
495	Stunden
497	Zudem
498	ebenfalls
507	Berlin
511	Interesse
513	derzeit
515	insgesamt
519	setzt
525	Herausforderungen
526	Webseite
529	entwickelt
537	Alltag
540	Familien
542	GmbH
543	Medien
547	Seiten
548	Stiftung
549	Wochen
550	digitale
553	führt
560	wichtige
563	Anforderungen
574	gerne
575	gesetzlichen
576	hohe
578	meist
580	Überblick
583	Fällen
586	Region
587	Studierende
588	Website
591	besondere
592	digitalen
593	somit
594	sozialen
600	Jugendlichen
601	Tage
602	Umsetzung
606	ermöglicht
611	verschiedene
613	Erfahrungen
616	Jugendliche
619	anderem
620	aufgrund
623	dienen
624	gab
626	weniger
630	Ansprechpartner
631	Baden-Württemberg
632	Bedeutung
634	Möglichkeiten
637	allerdings
638	besten
640	kleine
644	verwendet
648	Bereichen
649	Cookies
651	Hochschulen
653	Mitglieder
654	NRW
656	Schutz
658	Verfahren
660	durchgeführt
661	ermöglichen
665	kleinen
668	weiterhin
669	weltweit
670	wichtigsten
671	zunächst
675	Digitalisierung
676	Google
677	Hause
678	Verwendung
679	dient
680	ebenso
682	grundsätzlich
684	jederzeit
686	mehrere
688	nächsten
693	Freistaat
695	Produkte
696	Sinne
703	heißt
704	häufig
708	solche
710	unterschiedliche
711	vergangenen
713	öffentlichen
720	Beginn
722	Bundesregierung
723	Einrichtungen
724	Kompetenzen
725	Landes
726	Leipzig
731	Voraussetzungen
732	Wissenschaft
733	aktiv
734	aktuell
735	beraten
739	freuen
740	gemeinsame
741	genutzt
742	gespeichert
743	gleichzeitig
744	guten
746	jungen
747	konnten
751	unterschiedlichen
753	zahlreiche
756	Angaben
758	Dresden
760	Ergebnisse
761	Integration
763	Kommunen
764	Kooperation
766	Länder
770	angeboten
771	entsprechend
774	informiert
776	persönlichen
777	richtet
779	soziale
783	zusätzlich
786	Bund
787	Kindes
791	Schülern
792	Technik
793	Teilnehmer
795	bedeutet
796	benötigen
797	bestimmte
798	bringt
800	einigen
803	fand
806	möglichst
808	personenbezogenen
809	sagt
810	sieht
812	umgesetzt
814	zweiten
817	App
820	Bezug
822	Browser
824	Europäischen
826	Gestaltung
831	Materialien
834	Regelungen
835	Service
837	Start
839	Tagen
840	Zeiten
841	ausschließlich
844	dadurch
847	entsprechenden
848	erklärt
849	fördert
850	gestellt
852	individuelle
862	Bevölkerung
863	Corona
866	Fakultät
867	Fokus
869	Hinweise
873	Mitglied
874	Monate
875	Nutzer
876	Pandemie
877	Semester
883	Ziele
884	befinden
885	beträgt
887	entsprechende
888	ergänzt
890	fördern
891	hohen
893	internationalen
897	wichtiger
899	Absatz
901	Austausch
903	Bayern
904	Bedarf
905	Berliner
908	Durchführung
912	Interessen
913	Köln
914	Lehrkräfte
920	Rheinland-Pfalz
922	Technologien
923	Union
926	dar
927	eingesetzt
928	enthält
930	erfolgen
932	gegeben
934	hierfür
936	individuellen
940	richtige
942	spielt
947	Artikel
952	Ebene
953	Eigenschaften
956	Internetseite
957	Landkreis
958	Lösungen
959	Media
961	Mittel
962	Monaten
964	Organisationen
965	Politik
968	Standort
971	Zeitraum
973	beziehungsweise
975	erhält
976	erstellt
977	funktioniert
978	gefördert
979	ging
981	größten
982	hilft
983	stärken
984	technische
985	trotz
987	verbunden
988	welcher
989	Öffentlichkeit
992	Behandlung
994	Besucher
996	Fähigkeiten
998	Initiative
1000	Konzept
1002	Niedersachsen
1005	Prüfungen
1007	Stuttgart
1008	Umfeld
1011	Veränderungen
1012	Videos
1016	allgemeinen
1017	arbeitet
1018	ausgeschlossen
1021	betroffen
1025	gemäß
1026	genannten
1030	handelt
1032	regionalen
1033	sinnvoll
1034	sogenannte
1035	technischen
1036	teilweise
1037	verpflichtet
1038	wenden
1040	Änderung
1044	Anbieter
1045	Anzahl
1046	Aspekte
1048	Behörden
1050	Chancen
1052	EU
1053	Engagement
1057	Gemeinden
1059	Kommunikation
1063	Ländern
1064	Matratze
1066	Minuten
1067	Männer
1068	München
1071	Regeln
1073	Schwerpunkt
1075	Social
1077	Teams
1080	Vergleich
1081	Vernetzung
1083	Vielfalt
1088	benötigt
1089	berufliche
1090	bildet
1092	erreicht
1093	erstellen
1094	finanziellen
1095	gemeinsamen
1096	gesamte
1097	gesamten
1098	geschaffen
1100	großer
1101	inzwischen
1103	nimmt
1105	organisiert
1106	richtigen
1108	spricht
1112	wobei
1116	öffentliche
1123	Bayerischen
1124	Bedingungen
1126	Beschäftigten
1127	Bürgerinnen
1129	Corona-Pandemie
1130	Entwicklungen
1131	Erkrankungen
1135	Hinweis
1137	Ideen
1140	Michael
1143	Mittelpunkt
1144	Münster
1151	Sicht
1154	Tiere
1155	Tipps
1156	Umgang
1158	Versorgung
1161	Webseiten
1162	Wege
1163	Weiterentwicklung
1165	Workshops
1166	angepasst
1168	beschäftigt
1169	bezeichnet
1171	erlebt
1179	kostenfrei
1180	könnten
1181	mögliche
1182	neues
1185	politischen
1191	umfasst
1193	veröffentlicht
1194	vorgesehen
1195	wirkt
1198	Übersicht
1202	Anliegen
1205	Aufbau
1207	Auswahl
1208	Barrierefreiheit
1210	Bilder
1211	Coronavirus
1213	Demokratie
1214	Download
1215	Experten
1218	Geschichten
1221	Handeln
1223	II
1224	IP-Adresse
1225	Impfung
1226	Jahres
1232	Perspektiven
1234	Planung
1236	Probleme
1237	Prozess
1238	Regionen
1239	Ressourcen
1240	Teilnehmenden
1241	Vorgaben
1242	Wirkung
1244	Zugriff
1246	alten
1247	aufgenommen
1248	befindet
1250	beginnt
1251	behandelt
1252	beruflichen
1253	besonderen
1254	bewerben
1255	entscheidet
1256	entweder
1257	erfasst
1258	erleben
1259	erscheint
1262	festgelegt
1263	folgenden
1264	ganze
1265	gefunden
1266	getestet
1267	gleichen
1268	großes
1269	innovative
1270	kam
1271	lediglich
1274	nachhaltige
1275	profitieren
1276	regionale
1277	sodass
1280	untersucht
1281	wissenschaftliche
1282	zugleich
1283	Änderungen
1288	Aktivitäten
1289	Anfrage
1291	Auswirkungen
1292	Bestandteil
1293	Bewohner
1295	Datenschutzerklärung
1296	Dienste
1297	Dienstleistungen
1300	Erfüllung
1303	Fotos
1305	Geräte
1307	Gründe
1309	Institut
1311	Kollegen
1314	Mitarbeiterinnen
1319	Organisation
1320	Plätze
1322	Spiele
1324	Unternehmens
1330	begleiten
1331	berät
1332	bestehenden
1334	braucht
1336	erfüllt
1339	folgt
1340	ganzen
1341	gelöscht
1342	geregelt
1343	gestaltet
1344	hält
1346	lohnt
1347	läuft
1348	mittels
1351	notwendigen
1352	nächste
1353	of
1354	politische
1355	prüfen
1356	reicht
1357	richten
1358	schafft
1359	sogenannten
1360	verarbeitet
1361	verbessert
1362	vielfältigen
1363	welches
1365	wichtigen
1366	wirtschaftlichen
1369	zentrale
1370	zentralen
1372	zuständige
1373	zuständigen
1374	überwiegend
1378	Abitur
1380	Anschließend
1381	Bau
1382	Beteiligten
1383	Betreuung
1385	Christian
1387	Facebook
1390	Hamburg
1391	Hannover
1397	Investitionen
1398	Kita
1400	Management
1401	Methode
1402	Methoden
1403	Ministerium
1404	Namen
1407	Regelung
1410	Städte
1411	Systeme
1412	Titel
1413	Tokio
1414	Umfang
1415	Verbesserung
1416	Veröffentlichung
1417	Zahl
1420	Zwecke
1422	begleitet
1424	berücksichtigt
1425	beteiligt
1426	betroffene
1428	digital
1429	durchaus
1430	einschließlich
1431	einzelne
1434	entsteht
1435	geeignet
1437	genommen
1438	geplant
1439	geschützt
1440	gesellschaftlichen
1441	gezielt
1442	größere
1444	klassischen
1445	kostenlose
1446	mehreren
1448	modernen
1449	möglichen
1450	neuer
1452	persönliche
1453	praktische
1454	schließt
1456	sofern
1457	solchen
1459	stammt
1464	unabhängig
1466	verfügbar
1467	verfügt
1468	verhindern
1469	vermittelt
1470	verschiedener
1471	verändert
1472	vielfältige
1474	wenige
1475	wenigen
1476	wesentlich
1477	übernimmt
1483	Ablauf
1486	Anregungen
1489	Ausgaben
1491	Bedürfnisse
1492	Brandenburg
1495	Dinge
1497	Einstieg
1500	Fans
1501	Feedback
1503	Funktionen
1504	Großteil
1505	Gymnasiums
1506	Hierbei
1508	Instagram
1509	Interessenten
1510	Jahrhundert
1513	Klassen
1514	Kombination
1515	Kommission
1516	Lebens
1524	Olympischen
1526	Preise
1528	Rahmenbedingungen
1530	Schuljahr
1533	Stärkung
1534	Sächsischen
1536	Therapie
1538	Version
1539	Vorfeld
1540	Vorschriften
1541	Web
1542	Wohnungen
1543	Wünsche
1546	ausgerichtet
1549	begonnen
1550	besitzt
1551	bessere
1555	direkten
1556	diskutiert
1558	eingereicht
1560	entstanden
1561	erfordert
1562	ergeben
1563	ergibt
1564	erworben
1565	finanzielle
1567	frühzeitig
1568	geltenden
1570	genießen
1571	gewählt
1572	gezeigt
1574	hergestellt
1576	individuell
1577	jeweilige
1578	kommenden
1579	konkreten
1580	kontinuierlich
1581	künftig
1583	leichter
1584	letzte
1588	passiert
1589	private
1590	privaten
1592	schneller
1593	schreibt
1594	seien
1599	stellte
1605	vorgestellt
1608	welchem
1611	zahlreichen
1614	zusammengestellt
1615	zusätzliche
1616	Ärzte
1624	Aktionen
1625	Anlagen
1626	Anträge
1628	Beiträge
1629	Belange
1630	Berücksichtigung
1631	Betrieben
1632	Campus
1634	Datenschutz
1636	Deutschlands
1639	Diskussion
1641	Düsseldorf
1644	Empfehlungen
1645	Europas
1646	European
1647	Europäische
1648	Evangelischen
1649	Forum
1654	Genehmigung
1655	Grundlagen
1659	Inklusion
1663	Karten
1666	Kriterien
1667	Kritik
1674	Ministerpräsident
1675	Modell
1677	Netz
1679	Newsletter
1681	Nordrhein-Westfalen
1682	Optimierung
1683	Parteien
1684	Passwort
1686	Phase
1687	Problemen
1688	Produkten
1690	Profil
1692	Punkte
1695	Risiken
1696	Räume
1698	Schweiz
1700	Studie
1701	Studiums
1703	Städten
1707	Träger
1708	USA
1709	Unterschiede
1710	Untersuchungen
1712	Verständnis
1713	Veränderung
1714	Vorhaben
1715	Vortrag
1720	abgeschlossen
1722	anpassen
1725	begrenzt
1726	bekommt
1727	beobachtet
1728	bereitgestellt
1730	beschreibt
1732	besseren
1733	bestimmten
1734	bewusst
1735	bisherigen
1736	bundesweit
1738	darunter
1741	durchzuführen
1742	engagiert
1744	erarbeitet
1745	erleichtern
1746	ersetzen
1747	erwartet
1748	eröffnet
1750	externe
1751	fällt
1752	geeignete
1753	gelingt
1754	genannt
1756	getragen
1757	getroffen
1758	gewährleisten
1759	gewährleistet
1760	gutes
1761	heutigen
1762	historischen
1763	hoher
1764	interessiert
1765	klicken
1766	knapp
1767	konkrete
1769	lädt
1770	medizinischen
1774	nennt
1776	nutzt
1778	orientiert
1779	personenbezogene
1781	präsentiert
1782	rechtliche
1783	relevanten
1784	sagte
1787	siehe
1788	spezielle
1790	startet
1792	trägt
1796	verbindet
1798	verlangt
1799	voller
1802	vorhanden
1805	wesentlichen
1807	zieht
1808	zugänglich
1809	zumindest
1811	zählt
1812	äußerst
1820	Aktion
1823	Analyse
1825	Ansätze
1826	Ausnahme
1830	Begründung
1832	Bestellung
1833	Bezirksregierung
1834	Broschüre
1835	Business
1838	Details
1839	Dialog
1840	Dienst
1842	Diskussionen
1843	Dritten
1845	Einfluss
1846	Einstellungen
1847	Einzelfall
1848	Entscheidungen
1850	Erstellung
1851	Evaluation
1852	Fakten
1853	Farben
1855	Flyer
1857	Freien
1861	Gedanken
1865	Grenzen
1866	Gruppen
1867	Gutschein
1868	Gäste
1869	Heilbronn
1871	Hintergrund
1872	Identität
1877	Landesregierung
1878	Landkreise
1882	Martin
1883	Mobilität
1884	Module
1885	Motto
1887	Office
1889	Orientierung
1890	Physiotherapie
1892	Prozesse
1893	Registrierung
1895	Sachen
1896	Sachsens
1897	Satzung
1898	Services
1903	Studenten
1905	Termine
1906	Texte
1907	Trends
1912	Workshop
1915	Zuge
1918	aufgebaut
1919	ausdrücklich
1920	beantworten
1921	beantwortet
1923	beitragen
1924	bekannten
1925	belegt
1926	berichtet
1927	beschlossen
1928	beschrieben
1929	beschäftigen
1931	besucht
1933	beziehen
1935	deutscher
1936	durften
1939	eignen
1940	einsetzen
1942	engagieren
1943	entwickelte
1944	erarbeiten
1945	erforderlichen
1946	erhöht
1947	erstmals
1948	erweitert
1952	gearbeitet
1953	gesprochen
1954	gewonnen
1955	höher
1957	intensive
1958	internationale
1961	kulturellen
1962	kurze
1963	kümmern
1964	langfristig
1967	länger
1970	mittleren
1971	mittlerweile
1972	nahezu
1973	näher
1974	positive
1975	prüft
1978	schnelle
1979	schriftlichen
1980	sicheren
1983	sorgt
1984	späteren
1985	steigern
1990	vergeben
1991	versucht
1992	vielfältig
1993	vorab
1994	voraus
1995	vorbereitet
1997	weisen
1998	wissenschaftlichen
1999	wissenschaftlicher
2000	zeichnen
2005	Öffnungszeiten
2015	Akteure
2016	Angehörigen
2017	Ansatz
2020	Apps
2021	Arbeits-
2022	Aufmerksamkeit
2023	Auszeichnung
2024	Bachelor
2025	Bearbeitung
2026	Begleitung
2028	Behinderungen
2029	Bereiche
2030	Berufe
2032	Bestand
2033	Bestimmungen
2034	Betreiber
2036	Bremen
2037	Bundesrat
2038	Bücher
2039	DRK
2040	Datei
2042	Dennoch
2044	Diagnostik
2046	Dokumente
2048	Dresdner
2050	Ehrenamt
2052	Eindruck
2053	Einschränkungen
2054	Einwilligung
2057	Events
2058	Fachkräfte
2059	Fassung
2061	Finanzierung
2062	Format
2063	Formen
2065	Frankreich
2066	Gebieten
2068	Gründung
2072	Hierzu
2073	Hilfen
2074	Hinblick
2076	Informations-
2077	Infos
2078	Initiativen
2079	Innovationen
2080	Internetseiten
2081	Interview
2083	JavaScript
2085	Jens
2086	Kampagne
2087	Karl
2088	Karlsruhe
2089	Kinder-
2090	Klimaschutz
2091	Kompetenz
2092	Krankheiten
2093	Lebensqualität
2094	Lehr-
2095	Lehrkraft
2100	Meldungen
2103	Mitgliedern
2105	Modul
2111	Netzwerke
2112	Netzwerken
2114	News
2116	Persönlichkeit
2117	Potenzial
2118	Praktika
2119	Programme
2120	Projektes
2121	Präsident
2122	Prävention
2125	Qualifikationen
2127	Rechte
2128	Restaurants
2130	Sammlung
2132	Sanierung
2133	Schwierigkeiten
2134	Schäden
2138	Spieler
2139	Standorten
2141	Teile
2142	Teilnehmerinnen
2143	Thomas
2145	Transparenz
2146	Twitter
2148	Tätigkeiten
2149	Umsatz
2150	Vermittlung
2152	Vielzahl
2153	Vorbereitung
2154	Vordergrund
2155	Vorlesungen
2156	Vorteile
2157	Websites
2160	Zweck
2161	aktivieren
2162	allgemeine
2164	anmelden
2165	aufgestellt
2170	beinhaltet
2171	betrachten
2172	betroffenen
2174	definiert
2178	desto
2179	digitaler
2181	ehemaligen
2182	eingeladen
2183	einmalig
2184	empfohlen
2187	erfolgreiche
2189	erhoben
2192	erneut
2193	ersetzt
2195	finanziell
2196	findest
2199	frühen
2200	gebracht
2201	gegenseitig
2202	gelegt
2203	gelernt
2204	gemeldet
2205	gesellschaftliche
2206	gestartet
2207	gesucht
2208	getan
2209	gewährt
2210	greifen
2211	größte
2212	herunterladen
2213	hervor
2216	hingegen
2217	höheren
2218	kurzen
2220	laufenden
2221	legt
2222	liefert
2223	live
2224	manchen
2225	mussten
2226	nachhaltigen
2228	natürlichen
2229	offenen
2230	passenden
2231	pädagogischen
2233	relativ
2234	scheint
2235	schweren
2236	schützt
2237	sicherlich
2238	spannend
2239	spätestens
2241	standen
2243	sucht
2244	sächsische
2245	treten
2246	trifft
2248	vereinbart
2249	verfolgt
2250	verloren
2251	verpflichtend
2252	verständlich
2254	vieles
2256	voraussichtlich
2257	vorbereiten
2258	vorgenommen
2261	weiterer
2263	wertvolle
2264	wiederum
2265	zugelassen
2266	zunehmend
2268	Überprüfung
2269	ältere
2282	AG
2283	Abschnitt
2284	Absolventen
2285	Akademie
2288	Anbietern
2290	Anlage
2291	Anlass
2292	Anleitung
2293	Apple
2294	Arbeitswelt
2295	Arten
2297	Augsburg
2298	Auseinandersetzung
2299	Ausgangspunkt
2300	Ausleihe
2302	BGB
2304	Beste
2305	Betriebe
2308	Bewertungen
2309	Bonn
2310	Bundes
2311	Bundesländern
2312	Bundesministerium
2313	Chemnitz
2314	City
2315	DHBW
2316	Darstellung
2322	Drittel
2323	Einblicke
2325	Einschätzung
2326	Ergänzung
2327	Erhebung
2329	Erwachsene
2330	Erziehung
2333	Flüchtlinge
2335	Formulare
2336	Fort-
2337	Fragestellungen
2338	Französisch
2339	Freunden
2340	Funktionalität
2343	Gebäuden
2344	Geschwindigkeit
2345	Gesetzes
2346	Gewinn
2348	Gästen
2351	Hamburger
2352	Herrn
2356	Inhaber
2357	Inhalten
2358	Installation
2359	Institutionen
2360	Instrument
2362	Justiz
2363	Jürgen
2364	Kauf
2366	Kontext
2369	Konzepte
2371	Kreativität
2373	Kölner
2375	Lebensjahr
2376	Lehrenden
2377	Lehrkräften
2378	Linie
2379	Marketing
2380	Matratzen
2381	Maß
2382	Maßnahme
2383	Mecklenburg-Vorpommern
2387	Mittelstand
2390	Müller
2392	Online-Shop
2394	Partnern
2395	Patientinnen
2397	Podcast
2399	Potenziale
2401	Projektarbeit
2402	Risiko
2403	SGB
2404	SPD
2407	Schrift
2408	Schulleitung
2410	Server
2412	Situationen
2413	Standards
2414	Stellenwert
2415	Struktur
2416	Studien-
2417	Tages
2420	Teilnehmern
2422	Texten
2424	Tickets
2427	Trainer
2431	Universitäten
2435	Verantwortlichen
2436	Verbraucher
2437	Vergütung
2438	Verlag
2441	Virus
2443	Vorlage
2444	Vorstand
2445	Warenkorb
2450	Wintersemester
2451	Wissenschaftlerinnen
2452	Worte
2453	Zielgruppe
2454	Zusammensetzung
2455	Zwickau
2456	achten
2457	alleine
2458	allgemein
2459	alte
2460	angezeigt
2461	anhand
2463	anzubieten
2466	ausgewertet
2467	ausländischen
2470	beantragt
2471	begegnen
2472	begeistert
2475	bestellt
2476	bestens
2477	beteiligen
2478	betonte
2480	betrifft
2481	bewertet
2485	dauert
2486	denke
2487	diesjährigen
2490	ehemalige
2491	engagierte
2492	entdecken
2493	entspricht
2495	erhobenen
2496	erhöhen
2498	ermittelt
2499	erreichbar
2500	erzeugt
2501	erzählt
2503	externen
2505	fehlt
2506	festen
2507	finde
2508	freie
2509	freue
2510	freut
2511	gefährdet
2512	gegebenenfalls
2513	gegründet
2514	geplanten
2515	geprägt
2516	gerecht
2517	gesagt
2518	gesehen
2519	gesetzliche
2521	gleiche
2522	grundlegende
2523	größeren
2524	guter
2525	hauptsächlich
2528	hinsichtlich
2529	hinweg
2530	hohem
2531	hängt
2532	häufiger
2533	höhere
2539	interkulturelle
2541	jährliche
2543	kleiner
2544	kleines
2545	kombiniert
2547	kontaktieren
2548	konzipiert
2549	kurzfristig
2555	machte
2556	manche
2558	maßgeblich
2559	medizinische
2560	mithilfe
2561	müsse
2563	nachhaltiger
2564	nationalen
2565	nutzbar
2566	oftmals
2567	optimale
2569	optimiert
2570	passende
2572	praktischen
2573	präsentieren
2574	rechnen
2575	regelmäßige
2576	registrieren
2578	schalten
2579	schwere
2580	schöne
2583	sichere
2584	sonstige
2585	starken
2586	steckt
2587	stimmt
2589	teilgenommen
2590	teils
2591	testen
2592	tolle
2593	ums
2594	unkompliziert
2595	unterrichtet
2596	unterschiedlichsten
2599	verbundenen
2600	verschaffen
2601	verstärkt
2603	vieler
2605	vorgelegt
2607	vorliegt
2608	weiteres
2609	weitgehend
2610	welchen
2611	wertvollen
2612	wesentliche
2614	widerrufen
2615	wirtschaftliche
2616	zeichnet
2617	zukünftigen
2618	zusätzlichen
2619	Übungen
2622	überzeugt
2632	Aalen
2633	Abgabe
2637	Adressen
2638	Afrika
2639	Akteuren
2643	Anfragen
2646	Ansprüche
2648	Aufwand
2649	Augen
2650	Ausgleich
2651	Auswertung
2652	Autos
2653	Babys
2654	Beachtung
2657	Beispiele
2658	Bekämpfung
2659	Belastungen
2660	Berichte
2661	Bernd
2662	Berufsleben
2663	Beschreibung
2666	Beteiligung
2667	Bewerber
2668	Bewertung
2670	Bildern
2671	Bluetooth
2672	Bundesamt
2675	Bundestagswahl
2676	Bühne
2677	Bürgern
2678	China
2679	DOSB
2680	DSGVO
2685	Dateien
2686	Deggendorf
2688	Dritter
2689	Durchschnitt
2691	Eigentümer
2692	Energiewende
2693	Engagements
2694	Erasmus
2696	Erfolge
2697	Erklärung
2698	Erkrankung
2700	Errichtung
2701	Erwartungen
2702	Erweiterung
2703	Fachhochschule
2704	Figuren
2706	Fläche
2707	Forderung
2709	Frankfurt
2712	Fächer
2716	Gebühren
2717	Gefahren
2719	Geimpfte
2720	Gemeinschaft
2722	Geräten
2723	Gesichter
2724	Gesundheitswesens
2726	Grünen
2727	Grünflächen
2728	Haltung
2729	Hausarzt
2731	Hessen
2732	Häuser
2733	Höxter
2734	Impfstoffe
2735	Impfungen
2736	Informatik
2738	Instituts
2739	Instrumente
2740	Israel
2745	Klick
2746	Klima
2747	Klinik
2749	Kontaktdaten
2750	Konzeption
2751	Konzerte
2752	Kooperationen
2754	Kurse
2756	Lehrveranstaltungen
2757	Leitung
2759	Lockdown
2760	Magazin
2761	Mail
2763	Mangel
2764	Markus
2765	Maske
2767	Medikamente
2768	Medium
2771	Meißen
2772	Messe
2773	Metern
2774	Microsoft
2776	Mietvertrag
2777	Ministerien
2778	Mitgliederversammlung
2779	Modelle
2780	Musikschule
2781	Nachbarn
2782	Naturwissenschaften
2783	Neuruppin
2785	Notwendigkeit
2786	Nutzern
2787	Nürnberg
2788	Oberstufe
2790	Orte
2792	Peter
2793	Pflanzen
2794	Pflegeversicherung
2797	Portal
2798	Presse
2799	Projekts
2800	Präsenzunterricht
2801	Publikationen
2802	Qualifizierung
2805	Relevanz
2809	Runde
2810	Sachsen-Anhalt
2811	Schritte
2812	Schulleiter
2813	Schwächen
2814	Servern
2816	Sitzung
2818	Sortiment
2820	Sprachen
2823	Staatsregierung
2824	Stadtteil
2825	Statistiken
2826	Strategie
2827	Straßen
2828	Strukturen
2829	Studentinnen
2830	Studiengangs
2831	Studiengänge
2832	Studiengängen
2834	Szene
2835	Techniken
2836	Technologie
2837	Telekom
2838	Tests
2841	Training
2842	Transfer
2844	Umfrage
2845	Verbindungen
2846	Verdacht
2847	Vereinbarung
2848	Vergabe
2850	Verhalten
2851	Verpflichtung
2853	Vertiefung
2855	Vorschläge
2857	Wahrnehmung
2860	Wechsel
2861	Weltkrieg
2862	Werte
2863	Wettbewerbe
2865	World
2866	Wörter
2867	Zahlung
2868	Zertifikat
2870	abgegeben
2871	abhängig
2872	aktiven
2873	aktualisiert
2874	aktueller
2876	ambulante
2877	anerkannt
2878	angegeben
2879	angewendet
2880	attraktive
2881	aufgeführt
2883	ausgestattet
2885	außergewöhnliche
2886	basiert
2887	baut
2889	bearbeitet
2890	begann
2891	begrüßt
2893	bequem
2894	besonderer
2895	besonderes
2896	bestimmen
2897	bestätigt
2898	betreiben
2899	betreibt
2900	betreut
2903	bewerten
2904	bewährte
2905	bezüglich
2907	daraus
2910	demokratischen
2911	digitales
2912	direkte
2914	einbezogen
2915	elektronische
2916	endet
2918	erfolgreichen
2919	erfolgte
2921	erhältlich
2922	erkannt
2923	erlassen
2924	erprobt
2925	errichtet
2927	erteilen
2928	erweitern
2933	fachliche
2935	fanden
2937	festgelegten
2938	festgestellt
2939	flexible
2941	formuliert
2943	fühlt
2944	gebaut
2946	gedacht
2947	gefasst
2948	gefragt
2949	geführt
2950	gehalten
2951	gekommen
2952	gelang
2953	geleitet
2954	gemeinnützige
2955	genaue
2956	genügend
2957	geprüft
2959	gesammelt
2960	geschrieben
2961	gesetzt
2962	gespielt
2963	gewählten
2964	gezielte
2966	greift
2968	heiße
2970	herrscht
2971	hört
2973	innovativen
2974	integriert
2975	interdisziplinäre
2976	interessieren
2978	keinerlei
2979	kg
2980	klare
2981	klären
2982	komplexen
2983	konsequent
2984	kontrolliert
2985	kulturelle
2986	künftigen
2987	lag
2989	laufende
2990	lebt
2991	lokale
2992	lokalen
2993	ländlichen
2994	längere
2995	maximal
2996	mitgeteilt
2997	mittelständische
2998	mobilen
3001	nahm
3002	normale
3003	notwendige
3006	personenbezogener
3007	pflegen
3009	produziert
3010	rechtlichen
3011	regelmäßigen
3013	regulär
3016	schnellen
3017	schriftliche
3018	schulischen
3023	sprach
3024	staatlichen
3025	starke
3026	stattfindenden
3027	stärker
3028	sämtliche
3029	to
3030	tut
3031	täglichen
3033	umfassende
3036	verarbeiten
3037	verbindlich
3038	verfügbaren
3039	verfügen
3040	verhindert
3043	versorgt
3044	verteilt
3045	vertieft
3046	vertraut
3047	virtuelle
3048	vollen
3049	voran
3050	vorhandene
3051	vorhandenen
3052	wahrgenommen
3053	weist
3054	weiterentwickelt
3055	weiterführende
3056	weiterzuentwickeln
3058	wächst
3059	zeitnah
3061	zukünftig
3063	zusammenarbeiten
3064	zwingend
3065	Örtliche
3066	Österreich
3067	ökologische
3068	übergeben
3069	übernommen
3070	überprüft
3088	Absicherung
3090	Account
3098	Andreas
3099	Ansonsten
3100	Anstieg
3101	Antragstellung
3102	Anwendungen
3105	Arbeitsalltag
3106	Arbeitslosigkeit
3107	Arbeitsstelle
3109	Archiv
3111	Aspekten
3114	Aufsicht
3116	Ausführungen
3117	Ausnahmefällen
3118	Auszubildende
3119	Auszubildenden
3120	BNE
3122	Bausubstanz
3123	Bayerische
3124	Bayerisches
3125	Beauftragten
3126	Bedenken
3127	Bedürfnissen
3129	Benutzer
3130	Benutzung
3131	Berater
3132	Bereitschaft
3133	Bereitstellung
3134	Berufsausbildung
3135	Berufsorientierung
3136	Beschluss
3137	Besonderheiten
3139	Bibliothek
3140	Bibliotheken
3141	Bielefeld
3143	Blumen
3145	Branche
3146	Bundesebene
3147	Bundesländer
3148	Burg
3150	Cloud
3152	Coaching
3158	Datenerhebung
3159	Debatte
3160	Definition
3164	Diabetes
3165	Diakonie
3169	Direktor
3170	Distanz
3172	EUR
3173	Effekte
3174	Einblick
3176	Einhaltung
3177	Einklang
3179	Einnahmen
3182	Einstellung
3183	Eintragung
3184	Einwohnern
3185	Elemente
3186	Empfehlung
3187	Energien
3188	Englisch
3189	Ereignis
3190	Ergebnissen
3191	Erkenntnisse
3192	Erwachsenen
3193	Erwerb
3195	Event
3196	Experimente
3197	Expertinnen
3198	Faktor
3199	Faktoren
3201	Finanzen
3202	Firmen
3203	Formate
3204	Forscher
3205	Freistaates
3206	Freunde
3208	Friedrich
3209	Fristen
3210	Future
3211	Fälle
3212	Führungskräfte
3214	Gegensatz
3215	Gelände
3217	Generationen
3218	Genossenschaften
3219	Geschäftsstelle
3220	Gesellschaften
3221	Gesundheits-
3223	Gottes
3224	Gottesdienst
3226	Graduate
3227	Grundrechte
3228	Grundstück
3229	Größen
3230	Gründen
3231	Gutachten
3235	Hardware
3236	Hauptstadt
3237	Haus-
3238	Haushalte
3239	Heinrich
3240	Helfer
3241	Herkunft
3242	Highlight
3243	Himmel
3244	Hinsicht
3248	IT
3251	Immobilien
3252	Impulse
3253	Infrastruktur
3254	Inland
3255	Innovation
3257	Intelligenz
3260	Internets
3261	Interviews
3262	Italien
3263	Jahrzehnten
3264	Jonas
3265	Julia
3266	Jury
3268	KI
3269	Kampagnen
3270	Karriere
3271	Kategorien
3272	Kenntnis
3273	Kirchen
3274	Klimawandels
3275	Know-how
3276	Kommentare
3277	Kompetenzzentrum
3278	Komplexität
3279	Konferenz
3280	Konsequenzen
3281	Konstanz
3282	Kontakte
3283	Koordination
3286	Kreises
3287	Kretschmer
3288	Kreuz
3289	Krise
3290	Kultusministerium
3292	Landes-
3293	Landesamt
3294	Lebensmitteln
3295	Leipziger
3296	Leitbild
3297	Lernenden
3298	Logo
3300	Mannschaft
3301	Marken
3302	Maschinen
3303	Masterstudium
3304	Matthias
3306	Meldung
3307	Mengen
3308	Migration
3310	Minister
3311	Mitarbeitenden
3312	Mitarbeitern
3314	Mitteln
3316	Modulen
3318	Museen
3319	Märkte
3321	Nationen
3322	Neubrandenburg
3323	Nicole
3326	Objekte
3327	Ohren
3329	One
3330	PDF
3332	Partizipation
3333	Partnerin
3334	Partnerschaft
3335	Paul
3337	Pflegebedürftige
3338	Pflegeeinrichtungen
3340	Pflichten
3341	Phasen
3343	Plattformen
3344	Polen
3346	Preisvergleich
3347	Produktentwicklung
3348	Professorin
3349	Präsenz
3350	Pädagogische
3351	Ravensburg
3354	Regensburg
3356	Rehabilitation
3357	Reihenfolge
3358	Religion
3359	Richtlinien
3360	Rollen
3361	Roten
3362	Räumlichkeiten
3364	Rückmeldung
3365	Saison
3367	Schichten
3369	School
3370	Schulalltag
3371	Schulleiterin
3372	Schulträger
3375	Senat
3376	Sieg
3377	Sitz
3378	Smartphones
3381	Sommersemester
3384	Spanisch
3385	Spektrum
3387	Spezialisten
3388	Sportvereine
3389	Spuren
3390	Staaten
3391	Staatsministeriums
3392	Stadtwerke
3393	Standard
3394	Standorte
3395	Stationen
3396	Stellung
3397	Stellvertreter
3398	Steuern
3399	Steuerung
3400	Stil
3401	Stimmrecht
3402	Stoffe
3404	Störungen
3405	Suchmaschinen
3406	Syrien
3407	Söder
3408	TH
3409	TU
3412	The
3413	Tieren
3415	Trägerschaft
3419	Unterrichts
3420	Variante
3422	Vereine
3423	Vereinen
3424	Verlauf
3426	Vermeidung
3427	Verordnung
3428	Verpflegung
3429	Versand
3431	Vorhabens
3432	Vorkenntnisse
3433	Vorlagen
3434	Vorsitzende
3435	Wagner
3437	Weichen
3438	Weiterbildungen
3439	Weitergabe
3440	Welle
3442	Werke
3445	Wirksamkeit
3446	Wolfgang
3448	Wunder
3449	Wände
3455	Zinssatz
3457	Zusammenhalt
3458	Zusammenhänge
3459	Zusammenwirken
3460	Zweifel
3463	abgesagt
3464	abgestimmt
3465	abrufen
3466	abschließend
3467	akademischen
3468	aktive
3469	aktiviert
3472	angebotenen
3473	angelegt
3474	angeschlossen
3475	angesprochen
3476	angewiesen
3477	anonym
3478	anonymisiert
3479	anregen
3480	anzuwenden
3481	aufeinander
3482	aufgehoben
3484	auseinander
3486	ausgebaut
3487	ausgewählten
3488	ausgezahlt
3489	ausländische
3490	ausprobieren
3492	aussieht
3494	bedroht
3495	befragt
3496	befähigen
3498	bereitet
3499	bereitstellen
3500	beruflich
3501	besetzen
3502	betreffenden
3503	betrieblichen
3504	bezahlt
3505	bezieht
3506	bislang
3507	brauche
3508	chemische
3509	cm
3510	dahin
3511	dargestellt
3512	dauerhaft
3516	demografischen
3517	demokratische
3518	detaillierte
3519	dokumentieren
3520	dokumentiert
3523	durchgeführten
3525	echte
3526	effektiv
3527	effizienten
3528	einfachen
3529	eingeben
3530	eingeschränkt
3531	eingestellt
3532	einiger
3533	einsehen
3535	einzubringen
3536	einzuhalten
3537	endgültig
3538	entfalten
3539	entscheidend
3540	erfassen
3541	erforderliche
3542	erheblich
3543	erhielten
3544	erhöhten
3545	erinnern
3546	erkennbar
3547	erläutert
3548	erstattet
3550	europäischer
3552	faire
3553	festgehalten
3554	fordert
3556	ganzheitlichen
3557	gebe
3558	geboten
3559	gebucht
3560	geeigneten
3561	gefeiert
3563	geimpft
3564	geladen
3565	geleistet
3566	gelesen
3567	gelungene
3569	gemeinsames
3570	genauer
3571	geschieht
3572	geschlossenen
3573	geschützten
3574	gesichert
3575	gespeicherten
3576	gesperrt
3578	gesunde
3579	gezahlt
3580	großem
3582	hervorragende
3583	herzlich
3584	hilfreich
3585	hinterlassen
3586	historische
3588	ideale
3592	innere
3593	internationaler
3594	internen
3595	investiert
3596	junger
3597	kalte
3599	kennenzulernen
3600	klassische
3601	komfortabel
3602	korrekte
3603	kostenlosen
3604	kostet
3606	künftige
3607	künstlerischen
3608	langen
3613	mobil
3614	moderner
3615	möglicherweise
3616	nebenbei
3618	neuem
3620	nominiert
3622	offene
3623	optimal
3624	organisieren
3625	persönliches
3626	pflegt
3628	praxisnah
3630	profitiert
3633	reagiert
3634	realisieren
3637	reduziert
3639	reine
3642	schlägt
3644	selbstverständlich
3645	seltenen
3646	sexueller
3648	sichtbar
3649	sinnvolle
3654	sozial
3655	sozusagen
3656	spannende
3657	spätere
3658	startete
3659	steigt
3660	stetig
3662	tatsächlichen
3663	theoretisch
3664	theoretischen
3667	tritt
3669	unmittelbar
3670	unterscheiden
3671	unterschiedlicher
3672	unverändert
3673	verankert
3674	verbreitet
3677	verliehen
3678	verlinkten
3679	vermutlich
3681	verschiedensten
3682	versenden
3683	verstanden
3684	versteht
3685	verteilen
3686	vertiefen
3687	veröffentlichten
3688	via
3689	virtuellen
3690	vollständige
3692	vorgeschrieben
3695	weißt
3696	wichtiges
3697	wählt
3698	zentral
3700	zulässig
3702	zuwendungsfähigen
3703	Ägypten
3704	ändert
3706	ökologischen
3707	ökonomische
3708	örtlichen
3709	überarbeitet
3711	übrigens
3741	Abonnement
3742	Absatzes
3743	Absolventinnen
3744	Abstimmung
3745	Abteilungen
3746	Ads
3747	Afghanistan
3748	Agency
3749	Agenda
3751	Alternativen
3752	Amazon
3753	Amerika
3756	Angebots
3757	Angelegenheiten
3758	Angesichts
3759	Animation
3760	Anleitungen
3761	Anreise
3762	Ansprechpartnerin
3763	Ansteckung
3764	Anteile
3765	Anzeigen
3766	Arbeitsbedingungen
3767	Arbeitsschutz
3770	Aufgabenerfüllung
3771	Auftritt
3772	Augenmerk
3774	Ausbildungs-
3775	Ausbildungsbetriebe
3776	Auslandsaufenthalte
3777	Ausrichtung
3780	Auszahlung
3782	Autor
3783	Azubis
3784	Bandbreite
3785	Banken
3787	Baustein
3789	Beantwortung
3792	Befähigung
3793	Begegnung
3794	Begeisterung
3795	Begriffe
3796	Beine
3797	Beratungsangebot
3798	Berufsbildung
3799	Berufseinstieg
3801	Beschlüsse
3805	Betracht
3806	Bewerbungen
3807	Beziehungen
3808	Bibel
3810	Bildungs-
3811	Bildungssystem
3813	Bluthochdruck
3814	Blüten
3815	Bodensee
3816	Bord
3817	Branchen
3818	Briefe
3819	Browsers
3820	Buchung
3821	Budget
3823	Bundesrepublik
3824	Bundeswehr
3825	Büchern
3826	Cafeteria
3828	Casino
3829	Center
3831	Chor
3832	Cookie
3833	Corona-Infektion
3834	Corona-Verordnung
3835	DDR
3836	Dahinter
3841	Datenverarbeitung
3842	Depression
3846	Dienstes
3847	Dienstleister
3848	Distanzunterricht
3849	Disziplinen
3851	Dozenten
3852	Durchblutung
3853	E-Mails
3854	EBM
3856	Effizienz
3860	Einkommens-
3863	Eintrag
3865	Einzug
3869	Energieeffizienz
3870	Energieversorgung
3871	Engineering
3872	Entgelt
3875	Ereignissen
3876	Erforschung
3877	Erhaltung
3878	Ermessen
3879	Erziehungsberechtigten
3881	Evangelische
3882	Expert
3884	FAQ
3885	FH
3886	Fach-
3887	Fachanwalt
3888	Fachkräftemangel
3889	Fachmesse
3890	Fachrichtungen
3891	Fahrzeug
3893	Feier
3894	Felix
3895	Ferne
3899	Filme
3900	Finanzamt
3902	Flucht
3903	Forderungen
3904	Formulierung
3906	Foyer
3907	Freiwilligen
3910	Fächern
3911	Förderverein
3916	Ganztagsschulen
3917	Gastgeber
3918	Gasthochschule
3919	Geduld
3920	Geflüchtete
3922	Gegenstände
3925	Generell
3927	Gesamtnote
3928	Geschlecht
3931	Geschäftsführer
3932	Geschäftsmodelle
3933	Gesetze
3934	Gespräche
3935	Gesundheitsförderung
3936	Gesundheitsversorgung
3938	Gewinne
3941	Gleiches
3942	Gleichstellung
3943	Grafik
3944	Gremien
3946	Group
3948	Grundgesetz
3949	Grundstücke
3950	Gründer
3951	Grüne
3953	Gärten
3954	Halle
3955	Handlungsempfehlungen
3956	Handwerks
3957	Handwerkskammer
3958	Hausordnung
3959	HdM
3960	Herstellung
3961	HfG
3962	Highlights
3963	Hilfsbereitschaft
3966	Hotels
3967	Hygienekonzept
3968	Händen
3969	ID
3970	III
3971	ISO
3972	Identifizierung
3975	Infektionen
3976	Influencer
3978	Insekten
3979	Interaktion
3980	Interesses
3981	Interessierte
3983	JUNIOR
3984	Jahrhunderts
3985	Jan
3988	Japan
3990	Jugendamt
3991	Jugendherbergen
3992	Jugendhilfe
3994	KMU
3995	Kabarettisten
3996	Kaiserslautern
3997	Kalenderjahr
3998	Kandidaten
4001	Kitas
4002	Klage
4003	Klassenzimmer
4005	Kliniken
4006	Klinikum
4007	Kolleginnen
4008	Kommentar
4009	Kommunale
4010	Komponenten
4011	Konflikt
4012	Kontaktbeschränkungen
4013	Kooperationspartner
4014	Krankenkassen
4015	Krankenversicherung
4018	Landeshauptstadt
4019	Landesprogramm
4020	Landkreisen
4023	Laufe
4024	Laune
4025	Lebens-
4026	Lebensdauer
4028	Lebensunterhalt
4030	Leibniz
4032	Leistungsfähigkeit
4033	Lena
4034	Lernens
4035	Leser
4038	Logistik
4039	Logos
4040	Länge
4043	Marcel
4045	Masken
4046	Maskenpflicht
4047	Mathematik
4048	Max
4049	Maße
4050	Maßstab
4051	Medienkompetenz
4053	Meinungen
4054	Mensa
4055	Menü
4057	Mieterverein
4059	Minderung
4060	Mischung
4061	Mitarbeit
4062	Mitarbeitende
4063	Mitgliedschaft
4064	Mitgliedsstaaten
4066	Modellen
4067	Modernisierung
4068	Modulhandbuch
4069	Monats
4070	Moritz
4071	Muster
4072	Männern
4075	Mütter
4076	Nachfrage
4077	Naturschutz
4078	Navigation
4080	Netzwerkes
4082	Newsletters
4084	Niveau
4085	No
4086	Normen
4087	Oberlausitz
4088	Objekt
4091	Open
4092	Orchester
4093	Partnerschaften
4094	Passauer
4095	Pfarrer
4096	Pflegebedürftigen
4097	Philosophie
4099	Plätzen
4100	Positionen
4101	Potential
4102	Potsdamer
4103	Privatpersonen
4106	Programmen
4107	Programms
4108	Projekten
4109	Projektmanagement
4110	Promotion
4111	Präsentation
4112	Prüfungsfach
4113	Prüfungsleistungen
4114	Prüfungsordnungen
4115	Publikation
4116	Qualitätssicherung
4118	Realität
4120	Rechtsberatung
4121	Rechtsgrundlage
4122	Referat
4123	Referenten
4124	Regie
4125	Richtigkeit
4126	Robert
4127	Roboter
4128	Roman
4129	Rudolf
4130	Rundfunks
4132	Rückfragen
4134	Sand
4137	Schnittstellen
4138	Schulentwicklung
4139	Schulleitungen
4140	Schumann
4142	Schwerpunktthema
4145	Science
4146	Sebastian
4149	Sekretariat
4150	Sekundarstufe
4151	Selbstständigen
4153	Semestern
4158	Shopping
4160	Sieger
4165	Sommerferien
4166	Soziales
4167	Sozialgesetzbuch
4168	Sozialwesen
4170	Spende
4171	Sports
4172	Staatliche
4173	Staatsministerium
4174	Stars
4175	Start-ups
4176	Station
4178	Stipendien
4179	Stipendium
4180	Strategien
4181	Strecke
4182	Stromkosten
4183	Studien
4184	Stufen
4187	Support
4190	TV
4191	Tabelle
4194	Taufe
4197	Testung
4198	Textilien
4199	Themenbereich
4200	Tiefe
4201	Tier-
4202	Tool
4203	Tools
4204	Tourismus
4205	Traditionen
4206	Transport
4208	Trennung
4209	Türen
4210	Umstände
4211	Uni
4212	Unterseite
4213	Unterzeichnung
4214	Update
4215	Ursache
4216	Urteil
4217	Varianten
4218	Verankerung
4219	Veranstaltungsreihe
4220	Verbreitung
4221	Vereinbarungen
4222	Vereins
4223	Verfügbarkeit
4224	Verhältnisse
4225	Verknüpfung
4226	Verordnungen
4227	Versicherungsschutz
4228	Vertragsstaaten
4229	Vielmehr
4232	Vollständigkeit
4233	Vorgehensweise
4234	Vorkommen
4235	Vorstandes
4237	Vorträge
4238	Vorträgen
4239	WBS
4240	WDR
4241	Waldes
4242	Wandel
4244	Warentest
4245	Wegweiser
4252	Wertschätzung
4254	Wettbewerben
4255	Wettbewerbs
4256	Wiesbaden
4257	Wiesen
4258	Winfried
4259	Wohlbefinden
4261	Würzburg
4263	Zeitschriften
4264	Zellen
4266	Zentren
4267	Zinsen
4268	Zivilgesellschaft
4269	Zuschuss
4270	Zuwendung
4271	abgelegt
4272	abgeschlossenen
4274	abwechselnd
4275	abzuschließen
4276	akute
4277	akzeptiert
4278	alltäglichen
4279	amtlichen
4280	and
4281	angemessene
4282	angemessenen
4283	angenommen
4284	angesehen
4285	arbeitete
4286	aufgerufen
4287	aufgetreten
4288	aufgezeigt
4290	aufrecht
4291	aufzunehmen
4292	ausbauen
4293	ausgebildet
4294	ausgefüllt
4295	ausgegeben
4296	ausgerechnet
4297	ausgesetzt
4298	ausgesprochen
4299	ausgewählte
4300	ausgezeichnet
4301	auslösen
4302	auszutauschen
4303	bedeutende
4304	beeinflussen
4305	beendet
4306	befolgen
4307	befreit
4308	beider
4309	beigetragen
4310	bekamen
4312	bekennt
4313	bemühen
4314	benannt
4315	benutzt
4316	berechtigtes
4317	bereitgestellten
4318	beruht
4319	beschreiben
4321	bestimmtes
4322	besuchten
4323	betrachtet
4325	bewahren
4326	bewirken
4327	bezogen
4328	binden
4329	bisherige
4330	blieb
4331	brauchst
4332	breiten
4333	breites
4334	bündeln
4337	daraufhin
4339	dauerte
4340	de
4341	derzeitige
4343	diesjährige
4344	diskutierten
4346	durchgängig
4348	dürfte
4349	eigenes
4350	einerseits
4351	einfache
4352	eingegangen
4354	eingeschrieben
4355	eingetragen
4356	einiges
4357	einmalige
4359	eintreten
4360	einzelner
4361	einzigartigen
4362	einzusetzen
4363	elektronischen
4364	empfehlenswert
4365	empfiehlt
4366	entfällt
4367	enthaltenen
4370	entsprechender
4371	entstand
4372	entwickelten
4373	erfahrenen
4374	erfolgreicher
4375	erfährst
4376	ergänzende
4377	erheblichen
4378	erhebt
4379	erklärte
4380	erleichtert
4381	erlernen
4382	erneuerbaren
4384	erreichte
4385	erscheinen
4386	erschlossen
4387	erzielten
4388	etablieren
4389	etabliert
4390	extra
4392	feiert
4395	finanziert
4396	fokussiert
4397	folgende
4398	forscht
4400	fortgeführt
4401	fortgesetzt
4402	fragt
4403	frische
4404	frühestens
4405	führte
4406	füllen
4408	fürs
4410	garantiert
4411	gebeten
4412	gegangen
4413	gegenseitige
4414	gegründete
4415	gekauft
4416	gekennzeichnet
4417	geklärt
4418	gelingen
4419	geltend
4420	gemeint
4421	genannte
4422	genesen
4423	gepflegt
4424	geringen
4425	gerufen
4426	gesellschaftliches
4427	gesorgt
4428	gespendet
4429	gestiegen
4430	gesunden
4431	gesundes
4432	gesundheitlichen
4433	getreten
4434	gewann
4436	gewisse
4437	gewohnten
4438	gewonnenen
4439	gezogen
4440	gleicher
4441	gleichermaßen
4442	gliedert
4443	gründet
4444	gutem
4445	gäbe
4446	gänzlich
4448	gültigen
4449	günstiger
4450	halben
4451	hebt
4452	herauszufinden
4453	herkömmliche
4455	hervorragenden
4456	hierüber
4457	hieß
4458	hinweisen
4461	höchste
4462	höchsten
4463	iOS
4465	inklusiven
4466	intelligente
4467	interdisziplinär
4468	interdisziplinären
4469	interessante
4470	interessierten
4471	interkulturellen
4473	juristischen
4474	jüdischen
4475	jünger
4476	kirchliche
4477	kirchlichen
4478	kirchlicher
4480	klinische
4481	kommerziellen
4482	kommunalen
4483	komplette
4484	komplexe
4485	konzentriert
4487	kostenfreien
4488	kreative
4489	kulinarische
4490	kurzem
4491	kurzer
4492	kurzweiligen
4493	könne
4494	kümmert
4496	landwirtschaftlichen
4497	lautet
4498	leitet
4499	letztendlich
4504	machten
4505	maximalen
4506	mehrfach
4507	meldet
4508	mitteilen
4509	mittelständischen
4510	mitunter
4511	mitzugestalten
4512	mobiles
4513	musikalischen
4514	mündlichen
4517	nachfolgend
4518	nachgehen
4519	nachgewiesen
4522	nationale
4523	nationaler
4524	neuesten
4525	niedersächsischen
4527	nunmehr
4528	nächstes
4529	nötigen
4531	obliegt
4532	offenbar
4533	offizielle
4534	offiziellen
4535	orientierte
4536	parallel
4538	plant
4540	positiven
4541	positives
4542	problemlos
4543	professionelle
4544	professionellen
4546	psychisch
4547	psychischen
4548	qualifizierte
4552	realen
4553	realisiert
4555	regelt
4556	reinen
4560	schwerer
4561	selbständig
4562	setzte
4563	sexuellen
4564	sicherer
4565	sicherzustellen
4566	sitzt
4568	solltest
4569	sonstigen
4570	spannenden
4572	speziellen
4573	spezifische
4574	sportliche
4576	stammen
4577	stationäre
4578	statistisch
4579	stehe
4582	strategische
4584	ständigen
4586	teilzunehmen
4588	typische
4589	tägliche
4590	tätigen
4591	umfangreichen
4592	umfassenden
4593	umsetzen
4594	umzusetzen
4595	unberührt
4597	unterhalten
4598	unterstützte
4600	ursprünglichen
4601	verabschiedet
4602	veranlassen
4603	veranstaltet
4604	verbracht
4605	verbundene
4606	verdient
4607	vereinbarte
4610	verkauften
4611	verknüpft
4612	verlängert
4613	vermieden
4614	vermutet
4615	vernetzen
4617	verringert
4619	vertraglichen
4621	veränderten
4623	veröffentlichte
4625	volle
4626	vorgesehenen
4629	vorrangig
4630	wachsen
4632	wahrzunehmen
4633	weiterbilden
4634	weitergeleitet
4635	wendet
4639	wirksam
4640	wissenschaftlich
4641	wohingegen
4642	wunderschöne
4643	zahlt
4644	zeigte
4645	zentraler
4646	zentrales
4647	zertifiziertes
4649	zukommen
4650	zulassen
4651	zumal
4652	zunehmende
4653	zusammengefasst
4654	zustande
4655	zweimal
4656	zwischenzeitlich
4658	Öffentlichkeitsarbeit
4659	Öffnung
4660	Überschriften
4661	Übertragung
4662	Überwachung
4664	ähnliche
4665	ähnlichen
4666	ärztlichen
4667	äußern
4668	öffentlicher
4669	öffnet
4670	übergreifende
4671	übermittelt
4672	übernahm
4673	überschreiten
4674	überwacht
4711	ABK
4712	AGB
4713	ARD
4714	Aaron
4716	Abgrenzung
4717	Abholung
4718	Abiturprüfung
4719	Abläufe
4720	Abmeldung
4722	Abschied
4723	Abschlussarbeiten
4724	Abschlussprüfung
4725	Absendung
4726	Abständen
4728	Abwechslung
4729	Abwehr
4730	Abwicklung
4731	Academy
4732	AfD
4733	Agentur
4734	Akademische
4735	Akkreditierung
4736	Akku
4737	Akteur
4738	Aktivität
4739	Aktualität
4740	Akzeptanz
4741	Alexander
4742	Allergiker
4743	Alumni
4744	Amtes
4745	An-
4746	Anbindung
4748	Anfängen
4749	Angelpunkt
4750	Angestellten
4751	Anhalt
4754	Anlaufstelle
4756	Ansichten
4757	Ansprechpersonen
4758	Ansätzen
4760	Antrags
4761	Anträgen
4763	Arbeitsaufwand
4764	Arbeitsbereiche
4765	Arbeitsgruppe
4766	Arbeitsleben
4768	Arbeitsplätze
4770	Architekten
4771	Argument
4772	Argumentation
4773	Asien
4774	Asylbewerber
4775	Attest
4776	Attraktivität
4777	Aufbewahrung
4778	Aufforstung
4780	Aufgabenstellung
4781	Auflage
4782	Aufnahmen
4783	Aufsichtsrat
4784	Aufsichtsrats
4785	Auftraggeber
4788	Ausbildungsplätze
4790	Ausflüge
4791	Ausnahmen
4792	Ausschreibung
4793	Aussprache
4794	Ausstellungen
4795	Auswahlverfahren
4796	Auswärtigen
4797	Automatisierung
4798	BAföG
4799	BIBB
4800	BW
4801	Bachelor-
4802	Bakterien
4804	Barbara
4805	Barrieren
4809	Becken
4810	Beeinträchtigungen
4811	Befragten
4812	Befragungen
4813	Befreiung
4814	Begabtenförderung
4815	Begabungen
4816	Begegnungen
4817	Begrüßung
4818	Beides
4819	Beinen
4821	Benachrichtigungen
4822	Beratungen
4823	Beratungs-
4824	Bereicherung
4825	Bereiches
4827	Berg-
4828	Berlin-Brandenburg-schlesische
4829	Berufswahl
4830	Bescheinigung
4831	Beschreibungen
4832	Beschäftigte
4834	Bestandteile
4835	Bestellungen
4836	Bethel
4837	Betriebes
4838	Betriebliches
4839	Betriebssystem
4840	Bettina
4841	Beurteilung
4842	Beweglichkeit
4843	Bewegungen
4845	Bewertungsausschuss
4846	Bewohnerinnen
4847	Bewusstsein
4850	Bezirk
4851	Biber
4852	Bienen
4853	Bildungsangebote
4854	Bildungseinrichtungen
4855	Bildungsforschung
4858	Biomasse
4859	Bistum
4860	Björn
4861	Bonner
4863	Braunschweig
4864	Brustkrebs
4865	Bundeshaushalt
4867	Bundesrates
4870	Bäume
4871	Bäumen
4872	Bürgerbeteiligung
4873	Büros
4874	CDU
4877	Caritas
4878	Celsius
4880	Chemikalien
4882	Christa
4883	Christen
4884	Claudia
4885	Clean
4886	Code
4887	Corona-Krise
4888	Corona-Virus
4889	Corona-Warn-App
4890	DB
4891	DGUV
4892	DIPLOMA
4893	DRK-Suchdienst
4894	DWBO
4895	Dankeschön
4898	Data
4899	Datenbank
4900	Datenbanken
4901	Datenschutz-Grundverordnung
4902	Datenschutzgrundverordnung
4912	Deutschlandfunk
4917	Diversity
4918	Domain
4920	Dreh-
4921	Dynamik
4922	Döpfer
4923	EKD
4924	ESF
4925	EU-Kommission
4926	Ebenen
4929	Ehrgeiz
4930	Eignungsprüfung
4932	Eingabe
4933	Einheit
4934	Einkauf
4935	Einreichung
4936	Einsatzkräfte
4937	Einsatzstelle
4938	Einsicht
4940	Einvernehmen
4941	Einzelheiten
4943	Elementen
4944	Elisabeth
4945	Elternzeit
4946	Emma
4947	Endgerät
4948	Endgeräten
4949	England
4950	Ensembles
4951	Entscheidungsträger
4955	Entwurf
4956	Erbrecht
4957	Erdbeben
4958	Ereignisse
4959	Erfahrungsberichte
4960	Erfassung
4961	Ergänzend
4964	Erinnerungen
4965	Ermittlung
4967	Erreichung
4968	Erschließung
4969	Erst-
4972	Esslingen
4973	Etablierung
4975	Expertise
4976	Explorer
4977	FAQs
4978	FC
4980	Fachbereich
4981	Fachhochschulreife
4982	Fachkraft
4983	Fachleuten
4984	Fachschule
4985	Fachzeitschrift
4988	Fahrt
4989	Fairen
4990	Fake
4991	Fakultäten
4992	Familienkasse
4993	Fazit
4995	Feldern
4997	Ferner
4998	Fernstudium
4999	Fertigkeiten
5002	Festlegung
5003	Feuchtigkeit
5004	Finanzverwaltung
5005	Firmenkunden
5006	Flexibilität
5008	Flüchtlingen
5009	Follower
5010	Fonds
5011	Fontane
5012	Formulars
5013	Forschungsschwerpunkt
5014	Fortführung
5016	Frauenarzt
5019	Funktionsfähigkeit
5020	Funktionsumfang
5022	Förder-
5023	Förderfähig
5024	Fördermitteln
5025	Förderungen
5027	GB
5028	Games
5031	Gebiete
5035	Gefährdung
5037	Gehalt
5039	Gemeinschaftsschule
5041	Gender
5042	Generation
5043	Genesene
5045	Genossenschaft
5047	Gerechtigkeit
5049	Geschäfte
5050	Geschäften
5053	Gesundheitsamt
5054	Gesundheitswesen
5056	Getränke
5057	Geweben
5058	Gewinnung
5059	Gewähr
5060	Gewährleistung
5061	Gewährung
5066	Gmünd
5069	Grafiken
5071	Großstädten
5072	Grundsätzen
5073	Grundwasser
5074	Gruppenarbeiten
5076	Gutscheincode
5077	Göttingen
5078	Gültigkeit
5079	Günstige
5080	Gütern
5081	HTWG
5082	Haare
5083	Hahn
5084	Hamm
5085	Handels
5086	Handlungen
5087	Harry
5088	Hate
5090	Hauptsache
5091	Hauptsitz
5092	Hausaufgaben
5095	Heilige
5096	Heimatland
5097	Heimerer
5098	Heise
5099	Heizkosten
5102	Helferinnen
5103	Herzen
5104	Herzens
5105	Hilfskräfte
5106	Hintergründe
5110	Hoffmeister-Kraut
5111	Homeoffice
5112	Hort
5113	Hunde
5114	Hygiene
5115	Hände
5116	Händler
5117	IHK
5118	IKEA
5119	ISB
5121	Immobilie
5123	Individualität
5125	Info
5126	Informationsblatt
5127	Inhaltlich
5128	Innenstadt
5129	Innovations-
5130	Inspiration
5131	Institute
5133	Internetauftritt
5134	Intro
5135	Inzidenz
5136	Jahresbericht
5138	Jahrgang
5139	Jahrgangsstufe
5140	Jahrzehnte
5142	Jeff
5143	Joachim
5144	Jobcenter
5145	Johann
5146	Journalisten
5149	Jäger
5150	Jörg
5151	Kabinett
5154	Kameras
5156	Kanäle
5157	Kapital
5158	Kapitel
5159	Kategorie
5162	Kennzeichnung
5164	Kern
5165	KfW
5167	Kilowattstunden
5169	Kindergärten
5170	Kindertageseinrichtungen
5171	Kindertagesstätten
5173	Kirchengesetzes
5174	Klassenstufe
5175	Klausur
5176	Klausuren
5177	Klavier
5178	Kloster
5180	Kommune
5181	Kompetenzentwicklung
5182	Komponente
5183	Konditionen
5184	Konferenzen
5185	Konfiguration
5186	Konstruktion
5187	Konsumverhalten
5188	Kontaktaufnahme
5189	Kontaktformular
5190	Kopien
5191	Krankengymnastik
5192	Krankenhäusern
5195	Kreis-
5196	Kreise
5197	Kreisen
5199	Kreistag
5200	Kretschmann
5201	Kräften
5203	Kultureinrichtungen
5205	Kunst-
5206	Kuratorium
5207	Kursstufe
5208	Kurt
5209	Kurzum
5211	Künste
5212	Kürze
5213	Label
5215	Landesverband
5216	Landeszentrale
5217	Landkarte
5218	Landratsamtes
5219	Landsberg
5220	Landtag
5223	Lattenrost
5225	Lebenshilfe
5226	Lebenssituation
5227	Lehramt
5228	Lehren
5230	Lehrerinnen
5231	Lehrern
5232	Lehrgänge
5233	Lehrplan
5234	Leitfaden
5235	Lernsituationen
5236	Lesekompetenz
5237	Lieder
5238	Lieferketten
5239	Lieferzeiten
5241	Ludwig
5242	Lutz
5243	Lörrach
5244	Löschung
5246	MDR
5247	MINT
5253	Malu
5255	Marke
5257	Mars
5258	Masterstudiengänge
5259	Maßgabe
5261	Mediziner
5263	Mehrkosten
5264	Meinungsbildung
5266	Melanie
5267	Merkmalen
5268	Metadaten
5269	Metropolregion
5273	Milliarden
5275	Ministeriums
5276	Mission
5277	Mitgliedstaaten
5278	Mitsprache
5281	Mobbing
5283	Momentan
5284	Muslime
5287	Münsterland
5289	Nachfolger
5291	Nachwuchs
5296	Naturschutzes
5297	Naturwissenschaft
5298	Nebenwirkungen
5299	Netflix
5301	Neuinfektionen
5302	Neuseeland
5303	New
5305	Niederlanden
5306	Niedersachsens
5307	Niedersächsische
5308	Nordsachsen
5309	Notebook
5310	Noten
5311	Nutzerinnen
5312	Nähere
5313	Nährstoffe
5316	Offenheit
5319	Online-Terminbuchung
5320	Optik
5322	Option
5323	Optionen
5324	Organe
5325	Organspende
5326	Orten
5328	PCR-Test
5329	Palette
5330	Paralympics
5332	Parkplatz
5334	Partners
5337	Persönlichkeiten
5338	Pfand
5339	Pfarrerin
5340	Pfarrerinnen
5341	Pflanzenschutzmittel
5342	Pflegefachkräfte
5343	Pflegegrad
5344	Pflegekasse
5345	Pflegekräfte
5347	Physik
5348	Planungen
5349	Player
5350	Plugin
5351	Pläne
5352	Potsdam
5353	Praxen
5354	Praxiserfahrungen
5355	Praxissemester
5356	Preisverleihung
5357	Premiere
5360	Professur
5361	Profis
5362	Programmheft
5363	Projektergebnisse
5364	Prozessen
5365	Prozesses
5366	Prämien
5367	Psychische
5368	Punkten
5369	Pädagogen
5371	Qualifikationsphase
5372	Quartier
5373	Quellen
5374	RKI
5376	Rabatte
5377	Rad
5378	Rand
5379	Rang
5384	Rechenzentrum
5385	Rechner
5386	Rechten
5387	Rechtmäßigkeit
5388	Rechtsanwälte
5389	Rechtsprechung
5390	Reduktion
5392	Regenzeit
5394	Religionen
5395	Renaissance
5398	Research
5399	Revolution
5400	Rhein
5401	Richter
5403	Rohstoffe
5404	Rollstuhl
5405	Rostock
5406	Rubrik
5407	Rubriken
5408	Runden
5409	Rundfunk
5410	Russisch
5411	Russland
5412	Römer
5413	Rückzahlung
5415	SPIER
5416	SRH
5417	SV
5418	Saarland
5419	Sabine
5422	Samsung
5425	Schaltfläche
5426	Schatten
5430	Schmerzen
5432	Scholz
5433	Schulbildung
5435	Schulpsychologen
5436	Schulpsychologie
5437	Schultag
5438	Schulung
5439	Schulungen
5440	Schutzmaßnahmen
5441	Schwarzen
5442	Schwerpunkten
5443	Schwäbisch
5445	Schüleraustausch
5448	Seelsorge
5449	Seen
5452	Sekunden
5453	Seminare
5454	Seminaren
5455	Sendung
5456	Senior
5457	Shop
5458	Shops
5460	Shows
5461	Sicherstellung
5463	Sitten
5464	Soldaten
5465	Sonderpreis
5466	Songs
5467	Sozialgeld
5468	Spahn
5469	Spanien
5470	Spannungsfeld
5471	Sparkasse
5472	Speech
5473	Speisen
5474	Split
5475	Sponsoren
5476	Sprach-
5478	Sprung
5481	Staatsbibliothek
5482	Staatssekretär
5483	Stabilisierung
5484	Stadtentwicklung
5485	Startseite
5487	Stefan
5489	Stellungnahmen
5490	Stern
5491	Stichtag
5492	Stichwort
5493	Stiftungszweck
5497	Strom-
5498	Studienplatz
5499	Stufe
5501	Stuttgarter
5502	Städteforum
5503	Substanzen
5504	Suchfunktion
5505	Symptome
5506	Systems
5507	Szenen
5508	Südwesten
5510	THD
5512	TV-L
5513	Tagesablauf
5514	Tageszeitung
5515	Tagungen
5516	Talente
5518	Tatsache
5520	Technology
5521	Teig
5523	Tellerrand
5524	Terminen
5525	Testament
5526	Testsieger
5527	Theodor
5529	Theologie
5530	Thorsten
5531	Tilgung
5533	Top
5534	Tour
5535	Tradition
5538	Trend
5539	Trinkwasser
5542	UNESCO
5543	UNICEF
5545	Ulrike
5546	Umbau
5547	Umsatzsteuergesetz
5548	Umständen
5549	Umwelt-
5553	Universitätsklinikum
5554	Unsicherheit
5555	Unterbringung
5557	Unternehmern
5558	Ursula
5559	Veranstalter
5560	Verantwortliche
5561	Verantwortlicher
5562	Verbote
5563	Verbraucherinnen
5564	Verbund
5565	Vereinten
5566	Vereinzelt
5567	Verfolgung
5568	Verhaltensweisen
5571	Verleihung
5572	Verletzung
5573	Verletzungen
5576	Versetzung
5577	Verstärkung
5578	Vertreterinnen
5579	Vertretung
5580	Vertrieb
5581	Verträge
5584	Vorbereitungen
5585	Vorbild
5586	Vorgehen
5587	Vorjahr
5589	Vorsitzenden
5590	Vorsitzender
5591	WLAN
5592	WRO
5593	Wahlrecht
5594	Wahrung
5595	Wahrzeichen
5596	Wandels
5597	Wartezeiten
5598	Wassers
5599	Wasserstoff
5600	Webauftritts
5602	Weltbett
5603	Welten
5604	Weltkulturerbe
5606	Wertschöpfung
5607	Wesen
5608	Wettkampf
5609	Wichtigkeit
5610	Wide
5611	Widerspruch
5613	Wiener
5615	Wilhelmshaven
5618	WiredMinds
5620	Wissenstransfer
5621	Wissensvermittlung
5623	Wohnort
5624	Wohnraum
5626	Worauf
5627	Worten
5628	Wurzeln
5629	York
5630	Youtube
5631	Zahlungen
5632	Zaun
5633	Zehen
5634	Zeitalter
5636	Zentrums
5637	Zielsetzung
5638	Ziffer
5639	Zugangsvoraussetzungen
5640	Zugänge
5641	Zukunftsfähigkeit
5642	Zulassungsbeschränkung
5643	Zusammenfassung
5644	Zuschauern
5645	Zuschüsse
5646	Zutaten
5648	Zuwendungen
5650	Zweifamilienhaus
5651	Zweifelsfall
5654	abgefragt
5655	abgegebenen
5656	abgerechnet
5657	abgeschafft
5658	abgezogen
5659	abrufbar
5660	abschließenden
5662	absolutes
5664	absolviert
5665	aktuellem
5666	akuten
5667	allzu
5670	ambulant
5671	ambulanten
5672	amerikanische
5673	amerikanischen
5676	andererseits
5677	anderweitig
5678	anerkannte
5679	angebracht
5680	angebunden
5681	angefangen
5682	angegebenen
5683	angehenden
5684	angekündigt
5685	angemeldet
5687	angenehme
5688	angeordnet
5690	angestrebt
5691	angewandt
5692	animieren
5693	ankommt
5695	anlässlich
5698	anschauen
5699	anschauliche
5701	ansprechende
5702	anspruchsvolle
5703	antragstellende
5704	anwenden
5706	anzupassen
5707	appelliert
5710	aufbereitet
5711	auftauchen
5712	aufzeigen
5713	aufzubauen
5714	ausdrucken
5716	ausgelegt
5717	ausgeliehen
5718	ausgenommen
5719	ausgeschöpft
5720	ausgesucht
5721	ausgetauscht
5722	ausgewiesenen
5723	auslöst
5724	ausprobiert
5725	aussagekräftige
5728	aussuchen
5729	auszeichnet
5730	auszuschließen
5731	basieren
5732	bedarfsgerechten
5734	beeinflusst
5735	beeinträchtigt
5737	befördern
5738	begabte
5739	begehrt
5740	begeistern
5741	begreifen
5743	beherbergt
5744	behinderte
5745	beizufügen
5747	bekanntesten
5748	bekomme
5749	bekommst
5750	bekämpfen
5751	bekämpft
5752	belastet
5753	beleuchtet
5754	beliebig
5755	beliebte
5756	beliebten
5757	beliebtesten
5758	belohnt
5759	bemüht
5760	benachbarten
5761	benannte
5762	benötigte
5763	benötigten
5764	berechnet
5765	berechtigt
5767	berufsbegleitend
5768	beruhen
5769	beschriebenen
5770	besprechen
5771	bestehende
5772	bestehender
5773	bestmöglich
5774	bestmöglichen
5775	bestätigte
5776	besuchte
5777	beten
5778	betreffende
5779	beurteilen
5780	bewegt
5781	beworben
5782	bezahlten
5783	blickt
5784	brachte
5785	britische
5788	bunt
5789	chinesischen
5790	christliche
5791	chronischen
5794	dargelegt
5795	dauerhaften
5796	dazugehörigen
5797	dazwischen
5798	definitiv
5799	denkt
5800	denselben
5802	deutschlandweit
5803	diente
5804	dieselben
5805	direkter
5806	diverse
5807	dortigen
5809	dreijährige
5811	duale
5812	durchgeführte
5813	durchschnittliche
5814	dynamische
5816	ehrenamtlichen
5817	eigenständig
5818	eindeutige
5819	einfaches
5820	einfließen
5821	eingebaut
5822	eingebracht
5823	eingebunden
5825	eingeholt
5826	einher
5827	einlösen
5830	einseitige
5832	einverstanden
5833	einzubeziehen
5834	elementar
5836	empfangen
5837	en
5838	energie-
5839	enge
5840	enorme
5841	entdeckt
5842	entschied
5843	entspannter
5844	entstehenden
5845	entworfen
5846	erbracht
5847	erfahrbar
5848	erfordern
5849	erforscht
5850	ergreifen
5851	erhöhte
5852	erinnert
5855	errichtete
5856	erschien
5858	erschweren
5859	erschwerten
5862	erstes
5863	erstmalig
5864	erstreckt
5865	erteilt
5866	erteilte
5870	erzeugten
5871	erzielen
5872	erzielt
5873	etc
5877	eventuell
5878	exakt
5879	experimentieren
5880	fachlich
5881	fachlichen
5882	falschen
5883	fehlende
5884	feinen
5887	feste
5888	feststellen
5889	fiel
5890	finalen
5891	finanzierte
5894	fließen
5895	fließt
5896	flächendeckende
5897	folgendem
5898	französische
5899	freiem
5901	freier
5902	freiwillige
5904	freundliche
5905	fristgemäß
5906	früheren
5910	fühle
5911	führende
5913	gGmbH
5914	galt
5915	ganzes
5916	ganzjährig
5917	geblieben
5918	gebrauchen
5919	gebunden
5920	gebundene
5921	gedruckte
5922	gedruckter
5923	gedrückt
5924	gefestigt
5925	gefordert
5926	geforderten
5927	gefährlichen
5928	gefällt
5929	geförderte
5930	gefüllt
5931	gegenwärtig
5932	gehobenen
5933	gelehrt
5934	geliefert
5935	gemeinsamer
5936	genauen
5937	genehmigt
5939	genügen
5940	genügt
5941	gereicht
5942	geringem
5943	gesammelten
5944	geschafft
5945	gescheitert
5946	geschädigt
5947	gesellschaftlicher
5948	gesenkt
5950	gesondert
5951	gespeicherte
5952	gestalteten
5953	gestattet
5954	gestellten
5955	gesteuert
5956	gesundheitsfördernden
5958	getroffene
5959	gewarnt
5960	geweckt
5961	gewohnt
5962	gewünschte
5963	gewünschten
5964	geübt
5965	gingen
5967	gleichwertig
5968	globalen
5969	gratis
5971	großzügige
5972	grundlegend
5973	größerer
5977	gängigen
5978	gültige
5981	hab
5982	haften
5983	halbes
5984	heiligen
5985	heimische
5986	heimischen
5987	herangezogen
5989	herausgegeben
5990	herausragender
5991	herrschen
5993	heruntergeladen
5994	hervorzuheben
5995	heutzutage
5996	hieraus
5997	hiervon
5998	hilfreiche
5999	hingewiesen
6002	hinzukommen
6003	hinzuweisen
6004	hohes
6005	hundert
6006	häufigsten
6007	häuslicher
6008	höchster
6009	iPhone
6010	identisch
6013	immerhin
6016	infiziert
6017	informativen
6018	inhaltliche
6019	inhaltlichen
6020	innovativ
6022	insoweit
6023	inspirierenden
6024	integrieren
6025	intensiver
6026	interaktive
6027	internationales
6029	inwieweit
6032	jegliche
6033	jemanden
6034	jährlichen
6035	jüdische
6036	kamen
6039	kennt
6040	kennzeichnen
6041	kleinere
6042	kognitiven
6043	komme
6045	kommunaler
6047	kommuniziert
6048	kompakt
6049	kompetente
6050	kompetenter
6051	komplexer
6053	kontinuierliche
6054	kontrollieren
6055	konzipieren
6056	korrigiert
6057	kreiert
6058	kreisfreien
6060	körperlich
6061	künstlerische
6062	kürzlich
6063	landwirtschaftliche
6064	langer
6065	langfristige
6066	lebendigen
6067	leckere
6070	leistet
6071	leistete
6072	leiten
6073	leitete
6074	liebt
6078	meiste
6079	menschlichen
6081	mittlere
6082	mobile
6083	mobilisiert
6084	monatliche
6087	motorisierten
6089	nachfolgenden
6090	nachträgliche
6091	nachvollziehbar
6092	namhafter
6093	natürliche
6095	negative
6096	negativen
6097	niedrigem
6098	niedrigeren
6100	nochmals
6101	normalerweise
6102	nutze
6103	nächstmöglichen
6104	nützlich
6105	obere
6106	offiziell
6107	ordentliche
6108	orientieren
6110	perfekte
6112	politischer
6113	polnischen
6114	privater
6115	professioneller
6116	psychischer
6117	psychotherapeutische
6118	qualifizieren
6119	qualifiziert
6120	qualifizierter
6121	qualitativ
6122	ratsam
6124	rechtswidrige
6126	regelmäßiger
6128	regionaler
6129	registriert
6130	regulären
6131	reist
6132	restlichen
6133	riesigen
6134	ruft
6137	sanft
6138	saniert
6139	schlicht
6141	schnelles
6142	schonen
6143	schwierige
6144	schwärmen
6145	schädlichen
6146	schönen
6147	sehe
6148	seitdem
6150	selben
6151	selbstständiges
6152	sensibilisiert
6153	separat
6154	separaten
6155	setzten
6156	sichergestellt
6157	sichert
6159	sogenannter
6160	solches
6161	souverän
6162	spart
6163	speichert
6164	spezialisiert
6165	spezifischen
6166	spiegelt
6169	sportlich
6170	spüren
6172	starker
6173	stationär
6175	stehenden
6178	strukturierten
6179	stößt
6180	systematischen
6182	teilt
6183	telefonisch
6184	teurer
6186	thematisiert
6187	tollen
6189	traditionellen
6190	traditioneller
6191	transparent
6192	traten
6194	typischen
6196	umfassend
6197	umgebaut
6198	umgehen
6199	umso
6200	unbekannt
6201	unerlässlich
6202	ungemein
6203	unklar
6204	unkomplizierte
6205	unmittelbaren
6206	untereinander
6207	untergebracht
6208	unterliegen
6209	unterscheidet
6210	untersuchten
6211	unterteilt
6212	unverzüglich
6213	unzulässig
6216	verantwortungsbewusst
6219	verbreiteten
6221	verdanken
6222	verdeutlicht
6224	vereinbarten
6225	vereint
6227	vergewissern
6228	vergleichbare
6229	verhältnismäßig
6231	verkauft
6232	verlegt
6233	verleiht
6234	verletzt
6236	vermehren
6239	verschlüsselt
6241	versehen
6242	versetzt
6244	verstößt
6245	vertritt
6246	verwalten
6247	verwaltet
6248	verwendeten
6249	verwies
6250	verwiesen
6251	verwirklichen
6252	verzeichnen
6254	vgl
6255	vielerlei
6256	vielfach
6257	vielseitig
6258	vielseitigen
6259	vierten
6260	virtuell
6261	voneinander
6263	vorangegangenen
6264	vorerst
6265	vorgegeben
6268	vorzubereiten
6270	wachsende
6271	wahre
6273	warmes
6274	wartet
6277	weiterentwickeln
6278	weitergeben
6279	weiterhelfen
6280	weiterleiten
6281	werben
6283	wertvoller
6284	westlichen
6285	wichtigste
6286	widmet
6288	wirksame
6290	wirtschaftlich
6291	wirtschaftlicher
6292	wodurch
6295	wünschte
6296	zeichnete
6297	zeigten
6298	zeitlich
6299	zeitliche
6300	zertifiziert
6301	zitiert
6302	zog
6305	zubereitet
6307	zugegriffen
6308	zugeschickt
6310	zumeist
6312	zusätzlicher
6313	zweijährige
6315	Ämtern
6316	Ärztinnen
6319	Überraschungen
6320	Überraschungsaufgabe
6323	ähnlichem
6324	älter
6325	älteste
6326	ärztlicher
6328	überlassen
6329	überlegt
6330	überprüfen
6331	überreicht
6332	überschritten
6333	üblichen
6334	übrigen
6429	ALG
6430	ARS
6431	ASP
6432	AWO
6433	Abbau
6434	Abbildung
6437	Abfälle
6438	Abgerundet
6439	Abhängigkeit
6440	Abhängigkeiten
6442	Abkühlung
6443	Ablenkung
6445	Abriss
6446	Absagen
6448	Abschlussarbeit
6449	Abschnitts
6450	Abschätzung
6451	Absolvierung
6452	Absonderung
6453	Absprache
6454	Abtretung
6455	Abwasser
6456	Abwesenheit
6457	Abwägung
6458	Abzug
6459	Accounts
6461	Achtsamkeitsübungen
6462	Adblocker
6463	Additive
6464	Adolf
6465	Adressaten
6466	Advanced
6467	Advertising
6468	Agenturen
6469	Agrar-
6470	Agrarwirtschaft
6471	Ahlener
6473	Air
6475	Akkus
6476	Akteurinnen
6477	Alaska
6478	Alben
6479	Alleinerziehende
6481	Allgemeinheit
6482	Allgemeinverfügung
6483	Allgäu
6484	Alltags
6485	Alten-
6486	Altenberg
6488	Altersgruppe
6489	Althusmann
6490	Altstadt
6491	Amphibien
6492	Amtsgericht
6493	Amtszeit
6494	Analysen
6495	Analyst
6496	Analytics
6497	Anbieters
6500	Andrew
6501	Android
6503	Anforderung
6504	Angeklagten
6505	Angestellte
6507	Angriffe
6508	Anlageneinheiten
6509	Anlaufstellen
6511	Anlehnung
6512	Anna
6513	Annahme
6514	Anne
6515	Anordnung
6516	Anordnungen
6517	Anpassungen
6518	Anrechnung
6519	Anrecht
6520	Anregung
6521	Anschrift
6523	Ansprüchen
6524	Ansteckungsgefahr
6525	Antigen-Schnelltests
6527	Antimon
6528	Antonio
6530	Antritt
6532	Anwender
6533	Anwesenheit
6534	Anzeichen
6536	Applaus
6537	Appstores
6539	Arbeitgebern
6540	Arbeitsauftrag
6541	Arbeitsergebnisse
6542	Arbeitskräften
6543	Arbeitslose
6545	Arbeitsmaterialien
6546	Arbeitsplätzen
6547	Arbeitsumfeld
6549	Arbeitsweise
6550	Arbeitsweisen
6551	Arbeitszeiten
6552	Archäologie
6554	Armenien
6555	Aroma
6556	Arsen
6557	Artikels
6558	Arts
6560	Arztbesuchen
6561	Aserbaidschan
6562	Aspekt
6563	Assistance
6564	Astronauten
6565	Attraktionen
6566	Aufarbeitung
6567	Aufenthaltes
6570	Aufgabenbereiche
6571	Aufgabenfeld
6572	Aufhebung
6573	Auflagen
6574	Aufpreis
6575	Aufruf
6576	Aufschluss
6577	Aufspaltung
6578	Aufsätze
6579	Auftakt
6580	Auftaktveranstaltung
6581	Auftrags
6582	Auftragsverarbeiter
6583	Auftragsverarbeitung
6584	Aufwendungen
6587	Augusta
6588	Aus-
6590	Ausblendung
6591	Auseinandersetzungen
6593	Ausflügen
6594	Ausfuhr
6595	Ausfälle
6596	Ausführung
6597	Ausgestaltung
6598	Ausgleichszulage
6599	Auslandsamt
6600	Auslöser
6601	Ausmaß
6602	Ausschreibungen
6603	Ausschuss
6604	Ausschüssen
6606	Aussicht
6607	Aussteller
6608	Ausstieg
6609	Austauschs
6610	Austragungsort
6611	Auswertungen
6613	Automobilindustrie
6614	Autoren
6615	Außenbereich
6616	Außenpolitik
6617	Außenstelle
6618	Axel
6621	BGM
6622	BKK
6623	BMBF
6625	Babylon
6626	Bach
6628	Bachelorarbeit
6629	Backup
6631	Balance
6633	Balzac
6634	Bamberg
6635	Bamberger
6636	Bands
6637	Bann
6638	Barmherzigkeit
6639	Bars
6640	Bauabschnitt
6641	Bauarbeiter
6642	Bauch-
6645	Bauernhöfe
6646	Bauleitplanung
6647	Bauphysik
6648	Bausteine
6649	Baustelle
6650	Bauten
6651	Bautzen
6654	Bayerns
6655	Beamtenverhältnis
6656	Beantragung
6658	Bearbeitungszeit
6659	Beauftragung
6660	Beauty
6661	Bedarfen
6662	Bedingt
6663	Bedürfnis
6664	Beendigung
6665	Beethovenhalle
6667	Befristung
6668	Begegnungsort
6669	Behandlungsansätze
6670	Beichte
6671	Beilage
6673	Beispielen
6674	Beitragsnummer
6675	Bekanntwerden
6676	Bekenntnis
6677	Belastungsfähigkeit
6678	Beleuchtung
6679	Beliebtheit
6680	Belohnung
6681	Belohnungen
6682	Benutzername
6683	Beobachtung
6684	Beratungsangebote
6685	Beratungsgespräch
6686	Beratungsstelle
6687	Beratungsstunden
6688	Beratungszentrum
6689	Berichterstattung
6690	Berichts
6691	Berlin-Brandenburg
6692	Berufen
6694	Berufs-
6695	Berufsalltag
6696	Berufsbild
6697	Berufsfeldern
6698	Berufsoberschule
6699	Berufsregeln
6702	Berufsstart
6703	Berufstätige
6704	Beschaffung
6705	Bescheinigungen
6706	Beschränkung
6707	Besichtigung
6708	Best
6709	Bestattung
6710	Bestellvorgang
6712	Bestseller
6713	Besuche
6714	Besuchern
6715	Betonung
6716	Betrachtung
6717	Betreuungsbedarf
6718	Betriebskosten
6719	Betriebskostenabrechnung
6721	Betrug
6722	Beträge
6723	Betätigung
6725	Beweidung
6726	Bewerbungsmappe
6727	Bewerbungsprozess
6728	Bewilligung
6729	Bewilligungsbehörde
6730	Bewunderung
6732	Bezos
6733	Bezugnahme
6734	Bielefeld-Pass
6736	Bilanz
6737	Bildenden
6739	Bildungspläne
6740	Bildungsportal
6741	Bildungszentrum
6742	Bindungszeitraum
6743	Biodiversität
6744	Biodiversitätsstrategie
6745	Biosensor
6746	Biotechnologie
6747	Birgit
6749	Black
6751	Blickpunkt
6752	Blickwinkel
6753	Blogs
6756	Blühflächen
6757	Boateng
6758	Bochum
6760	Borken
6761	Borkumfahrt
6762	Box
6763	Brandenburger
6764	Brandschutzbeauftragten
6765	Bratkartoffeln
6766	Brauchtum
6767	Brei
6768	Breitbandausbaus
6769	Breite
6770	Briefen
6771	Briefkästen
6772	Bronzemedaille
6773	Broschüren
6775	Brücken
6776	Brüder
6777	Brüssel
6778	Buches
6780	Buchstaben
6781	Bundesagentur
6784	Bundesbank
6785	Bundesbürger
6786	Bundesgesundheitsminister
6787	Bundeskabinett
6790	Bundesministeriums
6791	Bundesmittel
6792	Bundesprogramms
6795	Bundesstiftung
6796	Bundestages
6797	Bundestags
6798	Bundesverband
6801	Busse
6802	Bären
6803	Böblingen
6804	Böden
6805	Börse
6806	Bühl
6807	Bündnis
6809	Bürgerlichen
6810	Bürgerliste
6813	CA
6814	CCBE
6815	CESSDA
6816	CO
6818	CPU
6819	CRIFBÜRGEL
6820	CSS
6821	CT
6822	Carbon
6823	Care
6824	Career
6825	Carl
6826	Carla
6827	Carsten
6828	Casinos
6829	Category
6830	Catering
6831	Cent
6832	Certified
6833	Champion
6834	Chancengleichheit
6835	Change
6836	Charaktere
6837	Checken
6838	Checkliste
6840	Chemie
6841	Chemnitzer
6842	Chile
6843	Chipkarte
6845	Chirurgie
6847	Christi
6848	Christina
6849	Chronik
6850	Chöre
6851	Chören
6852	Claus
6853	Cleanup
6854	Clubs
6855	CoSpaces
6856	Codes
6857	College
6858	Colt
6859	Congress
6860	Conversion
6861	Corona-Situation
6862	Corona-Test
6863	Corona-Winter
6864	Corona-Zeit
6865	CoronaVO
6866	Coronabedingt
6867	Coronapandemie
6868	Corporate
6869	Coupon
6871	Credit
6872	Crowdfinanzierung
6873	DAX
6874	DECHEMA
6875	DENIC
6876	DEVK
6877	DFG
6879	DIN
6880	DKFZ
6881	DOSB-Vizepräsidentin
6882	DS-GVO
6883	Daniela
6886	Darlehen
6887	Darmgesundheit
6891	Date
6892	Dateiablage
6893	Datenschutzbeauftragten
6894	Datenträgern
6895	Datenübermittlung
6896	Datenübertragungsraten
6897	David
6899	Deck
6900	Deckel
6901	Defizite
6902	Dehnungs-
6903	Delegation
6904	Delegiertenversammlung
6905	Dell
6906	Demenz
6907	Demnächst
6908	Denkmal
6910	Deportationen
6911	Depot
6916	Derweil
6922	Diabetikern
6923	Diagnose
6925	Diakonischen
6926	Diaspora
6937	Diebe
6938	Dienstbezüge
6939	Dienstleistern
6940	Dienstsitz
6941	Dienststellen
6942	Dienstverhältnis
6943	Diepholz
6945	Dieter
6947	Director
6949	Direktorin
6950	Direktwerbung
6951	Diskussionsrunden
6953	Diözese
6954	Doktorarbeit
6955	Dokumentarfilm
6956	Dolmetscher
6957	Donnerstagabend
6958	Dormagen
6959	Dortmund
6960	Downloads
6961	Draht
6962	Dreiecke
6963	Dreyer
6964	Drogen
6965	Druckkopf
6967	Dunkeln
6968	Durchsetzungsvermögen
6970	Dächern
6971	E-Mobilität
6972	E-Paper
6973	ECDL
6975	EGW
6976	EHC
6977	EMA
6978	EOC
6979	EU-Bürger
6980	Echtheit
6981	Eck
6982	Effekt
6983	Egoismus
6986	Ehrung
6987	Eigenanteil
6988	Eignung
6989	Ein-
6990	Einarbeitung
6991	Einbau
6992	Einbeziehung
6993	Einbezug
6994	Einbindung
6995	Eindrücke
6996	Eindämmung
6998	Einfacher
6999	Einflüsse
7000	Einführungsphase
7001	Eingabemaske
7002	Einheiten
7003	Einsam
7004	Einsatzmöglichkeiten
7005	Einschlägige
7006	Einschränkung
7007	Einsätze
7008	Einträgen
7009	Einverständnis
7010	Einweisung
7011	Einwohnerinnen
7012	Einwohnerzahl
7013	Einzelfällen
7015	Einziehung
7016	Einzugsgebiet
7017	Eisbären
7019	Elektro-
7020	Elektroautos
7022	Elementarbereich
7023	Elternschaft
7024	Elternvertreter
7025	Email
7026	Emil
7027	Emotionen
7030	Endgeräte
7033	Energieeinsparungen
7034	Energiesparen
7035	Energieträgern
7036	Energiewirtschaft
7037	Englischkenntnissen
7038	Englischunterricht
7039	Ensemble
7041	Enterprise
7042	Entgeltgruppe
7044	Entnahme
7046	Entscheidungsfindung
7049	Entstehung
7050	Entwickler
7051	Entwicklungs-
7052	Entwicklungspotenzial
7053	Epochen
7055	Erdnüsse
7057	Erfahrungsaustausch
7058	Erfindung
7060	Erfolgsfaktoren
7061	Erfordernisse
7064	Erkenntnis
7065	Erkenntnissen
7066	Erkennung
7067	Erklärungen
7068	Erlass
7070	Erleichterungen
7071	Erläuterungen
7072	Ermöglichung
7073	Ernennung
7074	Erneuerung
7075	Erprobung
7076	Erreger
7079	Ersatz
7080	Erstattung
7083	Erteilung
7084	Erwachsenenbildung
7085	Erwachsener
7086	Erwartung
7087	Erweiterte
7089	Erzieher
7090	Eröffnung
7091	Essay
7092	EssenDiese
7093	Etablierten
7096	Europe
7099	Eva
7100	Exemplarisch
7101	Existenz
7102	Expertin
7103	Extremismus
7104	Exzellenzinitiative
7105	Eylert-Schwarz
7107	FBZ
7109	FDP
7112	FOMO
7113	FOREL
7114	FSV
7116	FVS
7117	Fabian
7118	Fachabteilungen
7119	Fachbeitrag
7120	Fachbereichs
7121	Fachdidaktik
7122	Fachhochschulen
7123	Fachkräften
7124	Fachkräftesicherung
7125	Fachrichtung
7126	Fachsemester
7127	Fachtagung
7128	Fachunterricht
7129	Fahne
7131	Fahrgäste
7132	Fahrradfahren
7133	Fahrradhändler
7134	Fahrradstraße
7135	Fahrten
7136	Fahrtkosten
7137	Fahrweise
7138	Fahrzeuge
7139	Fahrzeughalter
7142	Familienbetrieb
7143	Familienmitglied
7144	Familienzentren
7146	Fashion
7148	Favoriten
7150	Feder
7151	Federführung
7152	Feiertagen
7153	Fein-
7154	Felder
7155	Fenstern
7157	Fernsehsender
7158	Fernunterricht
7159	Feststellung
7160	Fette
7162	Fiktion
7163	Films
7164	Filter
7166	Finanzhilfen
7169	Fischer
7170	Fischerei
7171	Fleischkonsum
7172	Fleischuntersuchung
7174	Florian
7175	Flughäfen
7177	Flut
7178	Flächen
7179	Flüge
7180	Food
7182	Formaten
7183	Forschungs-
7184	Forschungseinrichtung
7185	Forschungsgebiete
7186	Forschungsprojekte
7187	Forschungsschwerpunkte
7188	Forschungsvorhaben
7189	Forschungszentren
7190	Forschungszentrum
7191	ForstBW
7192	Forsten
7193	Fortbildungen
7195	Fortschritte
7196	Foto-
7197	Fotografie
7198	Fragestellung
7199	Frank
7200	Frauenanteil
7201	Frauenhaus
7202	Frech
7203	Freiberufler
7204	Freibetrag
7205	Freiburg
7206	Freiburger
7207	Freiräume
7209	Freital
7211	Freizeitgestaltung
7212	Fresenius
7213	Freundinnen
7214	Freundschaften
7215	Friede
7216	Friends
7217	Fristende
7218	Früchte
7220	Fundament
7221	Funden
7222	Fundstück
7223	Funktionsweise
7225	Förderangebote
7226	Förderbedarf
7227	Förderlinien
7228	Förderperiode
7229	Förderprogramm
7230	Förderprogramme
7231	Förderprojekten
7232	Förderrichtlinie
7233	Förderschule
7234	Förderunterricht
7236	Führungen
7237	Führungskräften
7239	Fürsten
7240	Fürth
7241	Füßen
7243	GWLB
7245	Game
7248	Ganztagsschule
7250	Gardinen
7251	Gastbeitrag
7252	Gastgewerbes
7253	GdB
7254	Geborgenheit
7255	Gebot
7256	Geburtsdatum
7257	Gebärdensprache
7258	Gebäudes
7259	Gedenkstätten
7260	Gefährdungsbeurteilung
7261	Gefühle
7265	Gehörlosigkeit
7266	Geldbuße
7267	Gelder
7272	Genehmigungsverfahren
7273	Genuss
7274	GeoSN
7275	Georg
7276	Georgia
7278	Georgien
7279	German
7280	Gesamtkonzept
7281	Gesamtwert
7282	Gesang
7283	Geschenke
7284	Geschlechter
7285	Geschäfts
7286	Geschäftsbereich
7287	Geschäftsergebnisse
7288	Geschäftsführung
7289	Geschäftsjahr
7290	Geschäftskunden
7291	Geschäftsstellen
7292	Geschäftstätigkeit
7293	Gesellschaftern
7294	Gesetzbuch
7295	Gesetzen
7296	Gesetzeslage
7297	Gesprächs
7298	Gesprächspartner
7299	Gestalter
7300	Gesteine
7301	Gesundheitsbehörde
7302	Gesundheitsberufe
7303	Gesundheitsmarktes
7304	Getesteten
7305	Gewalterfahrungen
7306	Gewerbe
7307	Gewerbe-
7308	Gewerbegebiet
7309	Gewerbetreibenden
7310	Gewichtsverlust
7311	Gewichtung
7313	Gewinner
7315	Giffey
7316	Glanz
7318	Glauchau
7320	Gleichwohl
7321	Glied
7322	Gliedkirchen
7325	Gottfried
7326	Graaf
7327	Grabstätte
7329	Grafen
7331	Greifswald
7332	Gremium
7333	Grey
7334	Grill
7337	Großsiedlungen
7338	Großstadt
7339	Großveranstaltungen
7340	Grund-
7341	Grundbildung
7342	Grunderwerbsteuer
7343	Grundgesetzes
7344	Grundkurs
7345	Grundordnung
7346	Grundrecht
7347	Grundschulen
7348	Grundschullehramt
7349	Grundschulzeit
7350	Grundschüler
7351	Grundsicherung
7352	Grundstein
7353	Grundsteuer
7354	Gründerpreis
7355	Grünstrom
7358	Gutscheine
7359	Gutscheins
7360	Günter
7361	Gütersloh
7362	Güterverkehr
7363	HAW
7364	HBC
7365	HF
7366	HFT
7367	HNF
7368	HNU
7370	Hacker
7372	Haftung
7373	Haiti
7374	Haltegriffen
7376	Halter
7378	Handlungsbedarf
7379	Handlungsfelder
7380	Handwerksberuf
7381	Hannes
7382	Hans
7383	Hansestadt
7385	Harald
7386	Hartnäckigkeit
7387	Harzes
7388	Hass
7391	Haupt-
7392	Hauptversammlung
7393	Hauses
7394	Haushaltsplan
7397	Haustür
7399	Hauswirtschaft
7400	Havixbeck
7401	Hedwig
7402	Heide
7403	Heidekreis
7404	Heidelberg
7405	Heilig
7406	Heilpflanzen
7407	Heimspiel
7408	Helga
7409	Henning
7410	Hepatitis
7411	Heranwachsenden
7412	Herausragend
7413	Hermann
7414	Hermes
7415	Heroin
7416	Hersfeld
7417	Herzfrequenz
7418	Hessischen
7419	Heu
7420	Heumann
7421	Heuschnupfen
7422	Hey
7424	HfWU
7427	Hilfetelefons
7428	Hindernisse
7430	Historie
7436	Hochschulkommunikation
7437	Hochschullehrer
7438	Hochschulreife
7439	Hochtouren
7440	Hochwasserschutz
7441	Hochzeiten
7442	Hoffmann
7443	Hohenzollern
7444	Home
7445	Home-Office
7446	Homeschooling
7447	Honig
7448	Hopfen
7449	Hospiz
7450	Host
7451	Hotline
7452	Huber
7453	Hugo
7455	Hunderttausende
7456	Hundes
7457	Hygieneregeln
7458	Hype
7459	Hypertext
7460	Händehygiene
7461	Härte
7463	Häusern
7465	Hörern
7467	Hürden
7469	ISS
7470	IT-Compliance
7471	IV
7472	IW
7477	Immateriellen
7478	Immissionsschutzbehörde
7479	Impf-
7480	Impfangebote
7481	Impfnachweis
7482	Impfschutz
7484	Impressum
7485	Ina
7487	Indikator
7488	Individualverkehrs
7489	Industriegebiet
7490	Infektionsrate
7491	Informationsbeschaffung
7492	Infrastrukturen
7493	Ingenieur-
7494	Ingenieuren
7495	Inhaltsstoffen
7496	Initiator
7497	Innenminister
7498	Innenstädte
7499	Innovationsgeist
7500	Institutsambulanzen
7501	Integrierten
7502	Intel
7503	Intendant
7504	Intensität
7505	Intensivbetten
7506	Intensivstation
7513	Internetauftritts
7514	Internetportals
7515	Internetpräsenz
7516	Internetverbindung
7517	Internetzugang
7518	Intrigen
7519	Investition
7520	Investitionskosten
7521	Investitionszuschüsse
7522	Investoren
7523	Inzidenzwert
7524	Irak
7525	Iran
7526	Isabel
7527	Island
7528	Jagd
7529	Jahresband
7530	Jahreshauptversammlung
7531	Jahrhunderte
7532	Jahrzehnt
7535	Jeannette
7536	Jedermann
7539	Jerusalem
7540	Jesus
7541	Jobs
7542	Jochen
7543	Journalismus
7544	Juan
7545	Jubiläumsaktionen
7546	Jubiläumschronik
7548	Juden
7549	Judentum
7550	Judith
7552	Jugendarbeit
7553	Juristen
7554	Juristische
7557	KABl
7559	KVB
7560	Kader
7562	Kaffeevollautomaten
7563	Kai
7564	Kandidat
7565	Kanzlerkandidaten
7567	Kapazitäten
7569	Karsten
7570	Karwe
7572	Katastrophenschutz
7573	Katharina
7574	Kathedrale
7575	Kathrin
7576	Katrin
7577	Katzen
7582	Kenntnisnahme
7583	Kerstin
7584	Ketten
7586	Kilogramm
7587	Kilometern
7588	Kindergeld
7589	Kindergeldberechtigten
7590	Kinderprogramm
7591	Kindertageseinrichtung
7593	Kirchengemeinde
7594	Kirchengesetz
7595	Kirchenkreis
7596	Kirchenleitung
7597	Kirchenmusik
7598	Kirchenordnung
7599	Kirschen
7600	Klagen
7601	Klang
7604	Klarheit
7605	Klassenarbeiten
7606	Klaus
7609	Kleinigkeiten
7610	Kleinkinder
7611	Kleinkindern
7612	Kleinsten
7613	Kleinstunternehmen
7614	Klicks
7615	Klimaschutzmaßnahmen
7616	Klischeefrei
7617	Kläger
7618	Klägerin
7619	Klänge
7621	Kneipen
7622	Koalition
7623	Koch-Institut
7624	Kolbingen
7625	Kolleg
7626	Komfort
7627	Kommissionsmitglieder
7630	Kommunalwahlen
7632	Komponisten
7633	Kondition
7634	Konflikten
7635	Kongress
7636	Konrad
7637	Konsequenz
7638	Konsistorium
7639	Kontakten
7640	Kontaktpersonen
7641	Kontoauszug
7642	Kontrast
7643	Kontrollen
7646	Konzepten
7647	Konzern
7648	Konzerne
7649	Koordinierung
7650	Kopie
7651	Korrektur
7652	Korridor
7653	Kraft-Wärme-Kopplung
7654	Kraftfahrzeuge
7655	Krankengeld
7656	Krankenhausregister
7657	Krankenpflege
7658	Krankheitserreger
7659	Krankheitsverlauf
7660	Krebshilfe
7661	Krebsregister
7663	Kreditkarten
7664	Kredits
7665	Krefeld
7667	Kriminalitätsopfer
7668	Krisen
7669	Krisenzeiten
7670	Kronshagen
7671	Kruse
7672	Kräfte
7673	Kräftigungsübungen
7674	Kulissen
7675	Kulturen
7676	Kulturhauptstadt
7677	Kulturwandel
7678	Kultus
7679	Kultusministerkonferenz
7680	Kundendaten
7681	Kunststoff
7682	Kunstwerken
7683	Kursteilnehmer
7685	Kurzarbeit
7686	Kurzarbeitergeld
7689	Kälbern
7690	Känguru
7691	Köhler
7693	Körpers
7694	Körperschaften
7699	KünstlerInnen
7700	Künstlers
7701	Künstliche
7703	Küsten
7704	LFK
7705	LGL
7706	LZG
7707	Ladeleistung
7708	Lagerfeld
7711	Landesanstalt
7712	Landeskirche
7714	Landfrauen
7715	Landgericht
7719	Landkreises
7720	Landshut
7721	Landwirte
7722	Landwirten
7724	Larry
7725	Laschet
7726	Lasten
7727	Lattenroste
7729	Lausitz
7730	Lebendige
7731	Lebensfreude
7732	Lebensführung
7733	Lebensgefühl
7734	Lebenshaltung
7735	Lebenslagen
7736	Lebensmittels
7737	Lebensmittelsicherheit
7738	Lebenspartner
7739	Lebensräume
7740	Lebensstil
7741	Lebensversicherung
7742	Lebensversicherungen
7743	Lebenswelten
7744	Lebenswirklichkeit
7746	Leerstellen
7748	Legislaturperiode
7749	Lehramtsstudiums
7750	LehrerInnenbildung
7751	Lehrstuhl
7752	Leibniz-Institut
7753	Leichtbau
7754	Leistungssport
7755	Leitlinie
7756	LernSax
7757	Lerneinheit
7758	Lernförderung
7759	Lernkultur
7760	Lernmaterialien
7761	Lernprozess
7762	Lernzeit
7763	Lernziele
7764	Lesenacht
7765	Lesens
7766	Lesern
7767	Lesesaal
7768	Lesungen
7769	Letzteres
7770	Leuchtturmprojekt
7771	Lichtquelle
7774	Liegeeigenschaften
7775	Liegekomfort
7776	Life
7777	Likes
7778	Limit
7779	Lingner
7780	Linien
7781	Linktext
7782	Lippstadt
7783	Listen
7784	Litern
7785	Liudger
7787	Live-Stream
7788	Lizenzgebühr
7789	Lob
7790	Logik
7791	London
7792	Lorsch
7795	Ludwigsburg
7796	Luftwaffe
7797	Lukas
7798	Luxus
7799	Läden
7800	Lämmer
7801	Lärm
7803	Lösungsansätze
7804	Lücke
7805	Lücken
7806	MBA
7807	MFO
7808	MINT-Bereich
7809	MS
7810	MacBook
7811	Mach
7812	Machtspiele
7813	Magenta
7814	Magneten
7817	Maike
7819	Main
7820	Mainz
7821	Makeup
7822	Makey
7824	Mama
7825	Mammographie
7827	Mannschaften
7828	Manuelle
7829	Marburg
7830	Maria
7831	Marije
7832	Mario
7833	Market
7834	Markgräflerland
7835	Martina
7836	Marzahn-Hellersdorf
7837	Masern
7839	Master
7840	Masterstudiengangs
7841	Materialeinsatz
7842	Mathe
7843	Matomo
7844	Matt
7847	Mechanik
7848	Mediation
7849	Mediator
7850	Medicines
7851	Medienkonzept
7852	Mediennutzung
7853	Medienpädagogischen
7854	Medizinprodukten
7856	Meet
7858	Mehrwert
7860	Mehrzahl
7861	Meilenstein
7862	Meilensteine
7863	Meinungsfreiheit
7864	Mendelssohn
7865	Menschenrechten
7866	Menschenrechtsverletzungen
7867	Menschheit
7868	Mentorin
7869	Mentorinnen
7873	Methodik
7874	Mettmann
7875	Mewes
7876	Meyer
7878	Miet-
7879	Mietern
7880	Mietspiegel
7881	Mietwohnung
7883	Minderjährige
7884	Mindestabstand
7887	Ministerin
7891	Missbrauch
7892	Missbrauchs
7893	Mitarbeiters
7894	Mitarbeitervertretung
7896	Mitschülern
7897	Mittagszeit
7898	Mitteilungen
7899	Mitteleuropa
7900	Mittelsachsen
7902	Mittelverwendung
7904	Mitwirkung
7905	Mobilfunkanbieter
7906	Modellprojekte
7907	Modells
7908	Modem
7910	Modulbeschreibungen
7911	Momente
7912	Monika
7913	Montagmorgen
7915	Moschee
7916	Mosel
7917	Motive
7920	Multiplikatoren
7922	Murugan
7923	Musiker
7924	Mythen
7925	Mädchens
7930	Münchner
7931	Münsteraner
7933	Müttern
7934	N-JOY
7935	NDR
7937	Nachbarschaftshilfe
7939	Nachschlagewerk
7940	Nachteil
7941	Nachteile
7942	Nachtzeit
7943	Nachweise
7944	Nahrung
7947	Nation
7948	Nationalsozialisten
7949	Natives
7950	Nebeneffekt
7952	Network
7953	Netzbetreiber
7954	Netzpolitik
7957	Neubaus
7958	Neubauten
7959	Neuerungen
7960	Neugestaltung
7961	Neugierde
7962	Neuigkeiten
7963	Neuruppiner
7964	Neustadt
7965	Neustadt-Glewe
7966	Neustarthilfe
7967	Newslettern
7968	Nichtbestehen
7969	Nico
7973	Night
7974	Nikolaus
7975	Nord
7976	Nordosten
7977	Not
7978	Notebooks
7979	Notlagen
7980	Notsituationen
7981	Nova
7982	Novartis
7985	Nutzername
7986	Nutzungsbedingungen
7987	Näheres
7988	Nässe
7989	OP
7990	OPAL
7991	Oberbegriff
7993	Obergrenze
7994	Oberhausen
7995	Oberschwaben
7996	Oberstudiendirektor
7997	Objekten
8001	Olaf
8003	Oldenburg
8004	Olympia
8006	Online-Angebot
8007	Online-Format
8008	Online-Plattform
8009	Onlineshop
8011	Operationen
8012	Opferhilfe
8013	Optimismus
8014	Ordnungswidrigkeiten
8015	OrganOff
8016	Orgeln
8017	Ortes
8018	Ortschaften
8019	Ortsteile
8020	Oskar
8021	Ostsee
8022	Otto
8023	PC-Headsets
8024	PDF-Reader
8025	PIN
8026	PITKo
8027	PS
8028	PV-Anlage
8030	Paare
8031	Pacht
8032	Pandemie-bedingt
8033	Pandemiegeschehen
8034	Papierform
8035	Paragraph
8037	Parallelen
8038	Paralympischen
8039	Parameter
8040	Pariser
8041	Parlaments
8042	Partnerstadt
8044	Passau
8045	Pastor
8046	Paten
8047	Patent
8048	Patientenzufriedenheit
8049	Patricia
8050	Pawel
8051	Perfektion
8052	Performance
8053	Personalakte
8054	Personalausweis
8055	Personalisierung
8056	Personalrat
8057	Personals
8060	Personengruppen
8061	Persönlichkeitsentwicklung
8063	Petra
8064	Pfad
8065	Pfeiler
8066	Pflanze
8067	Pflanzenarten
8069	Pflegebedürftiger
8070	Pflegebedürftigkeit
8071	Pflegeheim
8073	Pforzheim
8074	Philadelphia
8075	Philipp
8076	Philippe
8077	Philippinen
8078	Philosophen
8079	Photovoltaikanlage
8080	Physician
8081	Physiotherapeuten
8082	Physiotherapie-Schule
8083	Phänomen
8084	Phänomene
8085	Pille
8086	Pirna
8087	Pistazien
8089	Plakat
8090	Plakaten
8092	Planer
8093	Plastiken
8094	Plaßschule
8096	Plug-in-Hybrid
8097	Plugins
8098	Podcasts
8099	Podest
8100	Poesie
8101	Pol
8102	Politikerinnen
8103	Politikern
8104	Pommern
8105	Porsche
8106	Portfolio
8107	Positionspapier
8108	Praktikanten
8109	Praktiken
8110	Praxiserfahrung
8111	Praxisphasen
8112	Praxiswissen
8114	Preis-Leistungsverhältnis
8115	Pressekonferenz
8116	Pressemitteilung
8117	Priorität
8118	Privatisierung
8119	Privatschulen
8120	Privatsphäre
8123	Produktionsbedingungen
8125	Programmierern
8126	Programmierung
8127	Programmphase
8128	Projekt-
8129	Projektpartner
8130	Projektphase
8131	Projektschulen
8132	Projektträger
8133	Promovierende
8134	Protagonistin
8135	Protein
8136	Protest
8137	Protocol
8138	Protokoll
8139	Protokollführer
8140	Provider
8141	Provinz
8142	Prozesstechnik
8143	Präsentationen
8144	Präsenzbetrieb
8145	Präsenzsemester
8146	Präsenzveranstaltung
8147	Präsenzveranstaltungen
8148	Prüfstelle
8149	Prüfungsamt
8150	Prüfungsteil
8151	Psychologen
8152	Psychologie
8153	Pubertät
8154	Publikums
8158	QVM
8159	Qigong
8161	Qualitäten
8162	Quartal
8163	Quereinsteiger
8164	Quote
8165	REWE
8166	RL
8167	Racing
8168	Radfahren
8170	Radons
8171	Raiffeisenbanken
8172	Raster
8175	Ratschlägen
8176	Ratten
8177	Raumfahrt
8178	Reaktionen
8179	Realisierung
8180	Rechenzentren
8182	Rechners
8183	Rechts-
8184	Rechtsextremismus
8185	Rechtslage
8186	Rechtsverletzungen
8187	Redaktionen
8190	Referentinnen
8192	Regelfall
8193	Regelstudienzeit
8194	Regelunterricht
8195	Regierungsbezirk
8196	Regio
8198	Regional-
8199	Regisseurin
8200	Regular
8201	Reha
8203	Reichtum
8204	Reichweiten
8205	Reihen
8206	Reiseroute
8207	Reiter
8208	Rektor
8209	Remote
8210	Renovierung
8211	Report
8212	Reportagen
8213	Repräsentanten
8214	Repräsentation
8216	Responsive
8217	Ressorts
8218	Restaurierung
8219	Revier
8220	Revision
8222	Rhein-Neckar
8223	Rheinischen
8224	Rhythmus
8225	Rhön
8226	Richard
8227	Rio
8228	Road
8231	Rohmilch
8232	Rohstoffen
8233	Rohstoffgewinnung
8234	Rolf
8235	Ronald
8236	Rosemarie
8237	Rosen
8238	Rotation
8239	Rotes
8240	Rufnummer
8241	Rufnummern
8242	Ruhestand
8243	Ruhr
8244	Rundfunkbeitrag
8246	Rückfall
8247	Rückgabe
8250	Rückruf
8251	Rücksicht
8252	Rücksichtnahme
8253	Rücksprache
8256	SE
8259	SOL
8260	Saal
8261	Saale
8262	Saarlandes
8263	Saatchi
8264	Sachbearbeiterin
8265	Sachschaden
8266	Sachverhalte
8268	Sakramente
8269	Sammelband
8270	Samstagnachmittag
8271	Samuel
8272	San
8273	Satzkennung
8274	Scans
8276	Schadstoffe
8277	Schaffung
8278	Schau
8279	Schauer
8280	Schenkungen
8283	Schiffen
8284	Schirmherr
8287	Schlafmaske
8288	Schlafstörungen
8289	Schlagzeilen
8290	Schleimhaut
8291	Schleswig-Holstein
8292	Schließung
8295	Schlüsseldienstbetriebe
8296	Schlüsseltechnologie
8297	Schmitz
8298	Schmölz
8299	Schnelldurchgang
8300	Schnittstelle
8301	Schrauben
8303	Schreibweise
8304	Schriftart
8305	Schriften
8306	Schriftstellerin
8308	Schritten
8309	Schröder
8311	Schul-
8313	Schulbetrieb
8314	Schulbücher
8315	Schulfamilie
8316	Schulgebäude
8317	Schulgeld
8318	Schulgelände
8319	Schulgemeinschaft
8320	Schulkonferenz
8321	Schulleben
8322	Schultern
8323	Schulverein
8325	Schwangeren
8327	Schweden
8328	Schwerbehinderung
8329	Schwerpunkte
8330	Schwerpunktthemen
8331	Schwestern
8333	Schwung
8335	Schönheit
8336	Schöpflin
8337	Schöpfung
8339	Schülerschaft
8340	Scott
8342	Segen
8343	Sehbehinderung
8346	Seide
8347	Seifert
8349	Seiteneinsteiger
8350	Seitenlage
8352	Selbst-
8353	Selbstbestimmung
8354	Selbstbild
8355	Selbsthilfe
8356	Selbsthilfegruppen
8357	Selbstläufer
8358	Selbsttest
8360	Selbstverständnis
8361	Selbstvertrauen
8362	Seltenheit
8363	Senatsverwaltung
8365	Sensibilisierung
8368	Serien
8369	Seriosität
8370	Serviceleistungen
8371	Session
8372	Setzung
8373	Sicherheitsfrage
8374	Sicherheitskonzept
8375	Siegel
8376	Siegerehrung
8377	Siegfried
8378	Siemens
8379	Signatur
8381	Silentium
8383	Simon
8384	Sinfonieorchester
8385	Sitzmöglichkeiten
8386	Skizzen
8387	Skripte
8388	Sky
8389	Slahi
8390	Smart
8392	SocialTV
8393	Softwareentwicklung
8394	Soltau
8395	Sonderausstellungsfläche
8396	Sonderpädagogik
8397	Sonderstellung
8398	Sondervermögen
8399	Sonn-
8401	Sonnen-
8402	Sonntagabend
8404	Sophie
8406	Sorgerecht
8407	Sorgfalt
8408	Sorten
8409	Sozial-
8410	Sozialabgaben
8412	Sozialkompetenz
8413	Soziallotterie
8414	Sozialpädagoge
8415	Sozialversicherung
8416	Spanier
8417	Spannungen
8418	Speicher
8420	Spendern
8421	Sperrung
8422	Speyer
8423	Spezialisierung
8424	Spezialitäten
8426	Spielstätten
8427	Splash
8428	Sponsoring
8429	Sport-
8431	Spotify
8432	Sprachenzentrum
8433	Sprachförderung
8434	Sprachkurse
8435	Sprachnachricht
8436	Sprechstunden
8438	Spurensuche
8440	Staatskanzlei
8441	Staatsprüfung
8442	Stabilität
8443	Stadium
8445	Stadtbibliothek
8446	Stadtbücherei
8447	Stadtgebiet
8448	Stadtgutsiedlung
8449	Stadtrat
8450	Stall
8451	Stamm
8452	Star
8453	Starkregen
8454	Start-up
8455	Statistischen
8457	Stattdessen
8458	Stauraum
8460	Steffen
8462	Stellenangebote
8463	Stellungnahme
8464	Stetten
8466	Steuerberatern
8467	Steuerungsgremium
8468	Stich
8469	Stifter
8472	Stiftungen
8473	Stonehenge
8475	Straftaten
8476	Strahlenschutzverordnung
8477	Straßenbeleuchtung
8478	Straßenverkehr
8479	Streben
8480	Street
8481	Streit
8482	Stress
8483	Stromversorgung
8484	Struktur-
8485	Strukturentwicklung
8486	Studienanfänger
8487	Studienangebot
8488	Studienberechtigung
8489	Studienbereich
8490	Studienbetrieb
8491	Studienfächer
8492	Studienwahl
8493	Studierendenausweis
8494	Studio
8495	Studios
8496	Städtebau
8497	Stücke
8498	Stütze
8499	Stützen
8500	SuS
8501	Suchbegriff
8502	Suchergebnissen
8503	Suchtmitteln
8504	Suite
8505	Supermärkten
8507	Susanne
8508	Syker
8509	Symbole
8510	Synagoge
8511	Synergien
8513	Säulen
8514	Süd
8515	Südafrika
8516	Südkorea
8518	T-Zellen
8519	THEORG
8520	TV-Triell
8521	Tab
8522	Tabellen
8523	Tafelbild
8524	Tafeln
8525	Tagblatt
8526	Tages-
8527	Tagesordnung
8528	Tageszeit
8530	Tankstellen
8531	Tap
8532	Taschen
8533	Taschenfederkernmatratze
8534	Taskforce
8536	Tausend
8537	Teamarbeit
8538	Teamgeist
8539	Technik-Diversity-Chancengleichheit
8541	Technologietransfer
8542	Technologieunternehmen
8543	Teilnahmeberechtigt
8544	Teilnahmen
8545	Telefonbücher
8547	Telemedien
8548	Telgte
8549	Temperatur
8550	Tempo
8551	Tendenz
8552	Terminland
8553	Testpflicht
8554	Testphase
8555	Textdateien
8556	Theaters
8557	Themas
8558	Themenfelder
8559	Themenwelten
8561	Theorie
8562	Theorien
8563	Therapeuten
8564	Therapien
8565	Thüringen
8566	Tierhaltung
8567	Tierversuch
8568	Till
8569	Timo
8570	Tina
8571	Tischen
8572	Tobias
8573	Tokamak
8574	Tom
8575	Tommy
8576	Tonspur
8577	Toten
8578	Touchpoints
8579	Touren
8580	Touristen
8581	Transformation
8582	Transidentität
8583	Traumjob
8584	Treiber
8585	Tricks
8587	Triodos
8588	Tränen
8589	Tuch
8590	Tumors
8591	Turnhallensanierungsprogramm
8592	Töpfen
8593	Türkisch
8594	UEK
8595	UNESCO-Kommission
8596	URL
8597	URLs
8598	USB
8599	Ulm
8600	Umgebungen
8601	Umgestaltung
8602	Umkleiden
8603	Umsatzsteuer
8605	Umweltpolitik
8608	University
8612	Universitätsbibliothek
8613	Unrecht
8614	Unterbrechung
8615	Unterkünfte
8616	Unternehmensführung
8617	Unternehmensprozesse
8618	Unterrichtsinhalte
8619	Unterrichtsstunde
8620	Unterscheidung
8623	Upload
8624	Urheberrecht
8625	Urologen
8627	User
8628	Ute
8630	VERIVOX
8631	VG
8632	VI
8633	VMZ
8634	Van
8636	Veranlagung
8637	Verarbeitungsverzeichnis
8638	Verbands
8639	Verbandsgemeinde
8640	Verbandsgemeinden
8641	Verbesserungen
8642	Verbot
8643	Verbots
8644	Verbänden
8646	Verdienst
8647	Vereinbarkeit
8648	Vereinigten
8649	Vereinigung
8650	Vereins-
8651	Verfahrens
8652	Verfassers
8653	Verfassung
8654	Vergabeunterlagen
8655	Vergünstigungen
8656	Vergütungen
8657	Verhandlung
8659	Verkehrssektor
8660	Verkehrsträger
8662	Verkehrswert
8663	Verlages
8664	Verluste
8665	Vermarktung
8666	Vermietungen
8667	Vermittler
8668	Vermögenswerte
8669	Vernachlässigung
8670	Vernichtung
8671	Verpackungen
8672	Verpflichtungen
8673	Versammlungen
8674	Versammlungsleiter
8675	Verschlüsselung
8678	Versicherungen
8679	Versorgungsleistungen
8680	Versteigerung
8681	Verstorbenen
8683	Verstöße
8684	Versuche
8685	Vertrages
8686	Vertragsunterzeichnung
8687	Vertraulichkeit
8688	Vertretern
8689	Verträgen
8690	Verwaltungen
8691	Verwaltungsgerichte
8692	Verweilen
8693	Verwertung
8694	Verzehr
8695	Verzeichnis
8696	Verzeichnisse
8697	Veröffentlichungen
8698	Video-Konferenz
8699	Videokonferenz
8700	Villa
8701	Visionen
8702	Visualisierung
8703	Vitamin
8705	Vitamine
8706	Vogtlandkreis
8707	Vokabeln
8708	Volker
8709	Volksbanken
8710	Vollendung
8711	Volltext
8712	Vor-
8713	Vorauszahlung
8714	Vorbereitungsdienst
8715	Vorbereitungsdienstes
8716	Vorbeugung
8717	Vorerkrankung
8719	Vorläufer
8720	Vornamen
8721	Vorrang
8722	Vorrangprüfung
8723	Vorrat
8725	Vorsitz
8726	Vorsorgeuntersuchung
8727	Vorstands
8728	Vorstandsvorsitzender
8729	Vorstellungen
8730	Vorwort
8731	Väter
8732	Völkermord
8735	WRRL
8736	WWU
8738	Waffen
8739	Wahlberechtigten
8740	Wahlgang
8741	Wahlkreis
8742	Wahllokal
8743	Wahltag
8746	Wahrscheinlichkeit
8747	Wallbox
8749	Wanderausstellung
8752	Wartestand
8753	Wartezeit
8755	Waschmaschine
8756	Wasserversorgung
8757	Watt
8758	Weber
8759	Webserver
8760	Webshop
8762	Wegfall
8763	Weichmacher
8765	Weiterbildungsmöglichkeiten
8767	Weiße
8769	Wellen
8770	Weltmärkten
8771	Wende
8772	Werbe-
8773	Werbeanzeigen
8774	Werbemittel
8775	Werbetreibende
8776	Werdau
8777	Werken
8778	Werktage
8779	Werkzeuge
8781	Weser-Ems
8782	West
8783	Westmünsterland
8784	Westpfalz
8785	Wettbewerbs-
8786	Wette
8788	Widerruf
8789	Widerrufsrecht
8790	Widerspruchsrecht
8791	Widmann
8793	Wiederholung
8794	Wiedersehen
8795	Wildgehege
8796	Wilhelm
8799	Wintervögel
8801	Wirkstoff
8802	Wirkstoffen
8803	Wirkungen
8804	Wirtschafts-
8805	Wirtschaftsministerin
8806	Wirtschaftspolitik
8807	Wirtschaftswissenschaften
8808	Wissens
8809	Wissens-
8810	Wissenschaften
8811	Wissenschaftlern
8812	Wissenschaftszeitvertragsgesetz
8813	Wissenswerte
8814	Witze
8819	Wohnsiedlungen
8820	Wohnungsgeberbestätigung
8821	Wohnungstür
8822	Wohnungstüren
8823	Wolf
8824	Wolfsburg
8825	Wolldecken
8827	Wortwahl
8830	Wussten
8832	Wählern
8833	Wählerverzeichnis
8834	Wälder
8836	Wärme
8838	XI
8839	XIQIT
8840	Ylang
8842	Yvonne
8845	Zeichenbrett
8850	Zertifizierung
8851	Zeuge
8852	Zeugen
8853	Zielsetzungen
8854	Zins
8855	Zivilcourage
8856	Zone
8859	Zufall
8862	Zukunftsperspektiven
8864	Zulassungsausschusses
8868	Zuordnung
8869	Zusammenhängen
8871	Zusatzangebot
8872	Zusatzqualifikationen
8873	Zuschauenden
8875	Zuschusses
8876	Zuschüssen
8879	Zuwanderung
8880	Zwecken
8881	Zweckes
8883	Zwischenzeugnis
8886	abgebildet
8887	abgelaufenen
8888	abgerufen
8889	abhängige
8890	abonnieren
8891	abseits
8892	absolute
8893	absoluter
8894	abwechslungsreiche
8895	abweichenden
8896	abzubauen
8897	abzusichern
8898	adressieren
8899	agof
8901	akademisierte
8902	akkreditiert
8903	aktualisieren
8904	akzeptieren
8905	alleinige
8906	allergische
8907	allermeisten
8908	allgemeinbildenden
8909	alphabetisch
8911	altersgerecht
8913	amtlich
8914	amtliche
8916	analog
8917	andauern
8918	aneignen
8919	anerkannten
8921	anfangs
8922	anfertigen
8923	angebliche
8924	angebotene
8925	angefordert
8926	angehende
8927	angeht
8928	angehören
8929	angelegte
8930	angelegten
8931	angelehnt
8932	angenehm
8933	angesagt
8934	angeschafft
8935	angeschlossenen
8937	angesiedelt
8938	angesprochenen
8939	angestrebten
8941	anhaltenden
8942	anhören
8944	anknüpfen
8946	anonymisierte
8947	anschaulich
8949	anspruchsvollen
8950	anstatt
8951	anstecken
8952	anstehende
8954	antisemitische
8955	anvertraut
8956	anwendungsorientierte
8958	anziehen
8959	anzufertigen
8960	anzuregen
8961	arabischen
8962	arbeite
8963	arbeitest
8965	arbeitsmarktpolitischen
8966	architektonische
8967	archäologischer
8968	artikuliert
8969	attraktiv
8970	attraktiver
8971	audit
8979	aufbewahrt
8982	aufgeführten
8983	aufgegriffen
8984	aufgeschlossenes
8985	aufgezeichnet
8986	aufklären
8987	aufregenden
8988	aufrufen
8990	aufteilen
8991	aufzustellen
8992	aufzuwerten
8996	ausbilden
8997	auseinandersetzen
8998	ausfindig
8999	ausführen
9000	ausführliche
9001	ausführlichen
9003	ausgebildeten
9004	ausgeblendet
9005	ausgedehnt
9006	ausgedehnte
9007	ausgedehnten
9008	ausgedrückt
9009	ausgeführten
9010	ausgeglichen
9011	ausgeht
9012	ausgeprägt
9013	ausgeprägte
9014	ausgerichteten
9015	ausgerückt
9016	ausgeschriebene
9017	ausgestatteten
9018	ausgeweitet
9019	ausgewiesen
9020	ausgewogenen
9021	ausgewählt
9022	ausgezeichnete
9023	ausleihen
9024	ausländischer
9025	ausreichende
9026	ausreichenden
9027	ausreicht
9028	ausrichten
9030	auswirken
9031	auswirkt
9032	auswählen
9033	auszufüllen
9034	auszuprobieren
9035	automatische
9036	automatischen
9037	automatisiert
9039	außerordentlichen
9040	außerschulische
9041	außerschulischen
9042	baden-württembergischen
9043	barocken
9044	barrierefreie
9045	barrierefreien
9046	beachtet
9047	beauftragen
9048	bedanken
9050	bedeutenden
9051	bedienen
9052	bedient
9053	bedürfen
9055	beendete
9056	befasst
9057	befestigt
9058	befinde
9060	befähigt
9061	begabten
9062	begegnet
9063	begeisterte
9064	beglaubigte
9065	behaupten
9066	behilflich
9067	behindert
9068	behält
9069	beinhalten
9070	beispielhaft
9071	beiträgt
9072	beizutragen
9073	bekam
9074	bekanntgegeben
9075	bekräftigte
9076	belangt
9078	belastend
9079	belastende
9080	belaufen
9081	beliebige
9082	beliebt
9083	beliefert
9084	bemerkbar
9085	benennen
9086	beobachten
9087	berechtigte
9088	berechtigten
9089	bereichern
9090	bereichert
9091	berichtete
9092	berührt
9093	beschaffen
9094	beschränken
9095	beschränkt
9097	beseitigt
9098	besonderem
9099	besseres
9101	bestehe
9102	besticht
9103	bestmöglicher
9104	bestrafen
9105	betont
9106	betreten
9107	betriebliche
9108	betriebswirtschaftliche
9109	bevorzugt
9111	bewohnt
9113	bezahlbaren
9115	biblischen
9116	biegen
9117	bilingualen
9119	bindet
9120	binnen
9121	biologische
9122	biologischen
9123	bleibe
9124	blieben
9126	boomt
9128	breiter
9130	bundesweite
9131	bundesweiten
9132	bunte
9133	bunten
9135	che
9136	chemischen
9138	daheim
9140	darlegen
9141	darstellen
9142	darzustellen
9143	datenschutzrechtlichen
9144	dementsprechend
9148	derartiger
9149	derzeitigen
9150	derzeitiger
9153	deutlichen
9155	deutschsprachigen
9156	dfi
9157	dialogische
9159	dicken
9160	didaktische
9161	dieselbe
9162	differenziert
9163	diversen
9166	dreht
9167	drehte
9168	dreijähriger
9169	drittes
9170	droht
9171	druckenden
9172	dualen
9173	durchführbar
9174	durchgesetzt
9176	durchsetzen
9177	durchzusetzen
9178	easy
9179	ebnen
9180	effektive
9181	effektiver
9182	effektives
9183	effiziente
9184	ehrenamtlich
9185	ehrenamtliche
9186	ehrenamtliches
9188	eigens
9189	eignet
9192	einander
9193	einbauen
9194	einbinden
9195	einbringen
9196	eindeutig
9197	eindringen
9201	einfacheren
9202	einfachste
9203	einfachsten
9204	eingeblendet
9205	eingeführt
9206	eingegebenen
9207	eingeladene
9208	eingeloggt
9209	eingereichten
9210	eingeräumt
9211	eingesammelt
9212	eingeschlossen
9213	eingeschränkten
9214	eingesehen
9215	eingesetzte
9216	eingesetzten
9217	eingezahlt
9218	eingängige
9219	einheitlich
9222	einloggen
9223	einnimmt
9225	einsenden
9226	einst
9227	einstufen
9228	eintragen
9230	einwandfrei
9232	einzigartige
9233	einzige
9234	einzuführen
9235	einzugeben
9236	einzulegen
9237	einzureichen
9238	elegant
9239	elektrische
9240	elektrischen
9241	elektronisch
9242	elementaren
9243	elementarer
9244	empirischen
9245	empirischer
9246	endgültige
9247	enforeDasher
9248	engem
9249	enger
9251	englischsprachigen
9252	enorm
9253	enormen
9254	entfallen
9255	entgegengewirkt
9256	entgegenzusetzen
9257	enthielt
9258	entlasten
9259	entlastet
9260	entnommen
9261	erarbeitete
9262	erarbeiteten
9263	erfahrene
9264	erfassten
9265	erfolgreichem
9266	erfolgreiches
9267	erfolgter
9268	erfuhren
9269	erfunden
9270	ergebenden
9271	ergonomisch
9272	ergriffen
9274	erhalte
9275	erhaltene
9276	erhielt
9277	erkranken
9278	erkundigen
9279	erlebbar
9280	erleiden
9281	ermuntern
9282	ermutigt
9283	ermächtigt
9284	erneuert
9285	erneuten
9286	ernster
9287	ernsthaft
9288	ernten
9289	erproben
9290	errang
9291	erreichten
9292	erscheinende
9293	erschienen
9294	ersichtlich
9296	erstellten
9297	erstmaligen
9298	erteilten
9299	erweisen
9300	erwies
9301	erwirken
9302	erwirtschaften
9303	erzeugter
9304	erzielte
9305	erzwingen
9306	eröffnete
9307	erörtern
9308	erörtert
9310	ethische
9311	etliches
9314	evaluiert
9315	evangelisch-bildungsstark
9316	existiert
9317	exklusiv
9318	experimenta
9319	explizit
9320	expopharm
9321	extern
9322	externer
9323	fachspezifisch
9324	fahre
9326	fair
9329	familiären
9331	federführend
9332	fehlerhafte
9333	fehlten
9334	feierlich
9335	feierlichen
9336	feierte
9337	feines
9338	fertiggestellt
9339	fester
9340	festgelegte
9341	festgesetzt
9342	festhalten
9343	festzustellen
9344	finanzieller
9345	finanziere
9346	flachen
9347	flächendeckenden
9348	flächendeckender
9349	folgend
9350	for
9351	formlose
9353	forschen
9354	fortsetzen
9355	fotografischen
9356	freiberuflich
9357	freischalten
9359	freiwilliges
9360	fremde
9361	freundlicher
9362	frühere
9363	frühkindliche
9364	funktionierenden
9365	funktionierendes
9366	fährt
9367	führten
9368	galten
9369	ganzer
9370	geahndet
9371	gebaute
9372	gebündelt
9373	gecastet
9374	geehrt
9375	geeigneter
9377	geflüchteten
9378	gefolgt
9379	geforscht
9380	gefächerte
9381	gefährden
9382	gefährdeten
9383	gegenseitigem
9384	gehackt
9385	gehoben
9387	gehörte
9388	gekauften
9389	geklickt
9390	gekonnt
9391	gelaufen
9392	gelebt
9393	gelegen
9394	gelingenden
9395	gelte
9396	geltende
9397	geltendes
9398	gelungen
9399	gemessen
9400	gemischte
9402	gemütlichen
9403	genehmigte
9404	generiert
9405	genossen
9406	geografischen
9407	geologische
9408	geordnet
9409	gepackt
9410	geradezu
9411	geraten
9412	gerechnet
9413	gerechte
9414	gerichtet
9415	gerichtlichen
9416	geringe
9417	geringer
9418	gerüstet
9419	geschaltet
9420	gesellige
9421	gesetzlicher
9422	gesetzliches
9423	gesicherte
9424	gespendeten
9425	gestalte
9426	gesteigert
9427	gestrichen
9428	gestärkt
9429	gesundheitliche
9430	gesundheitlicher
9431	gesungen
9432	gesunken
9433	gesät
9434	geteilt
9435	gewartet
9436	gewechselt
9437	gewerbliche
9438	gewerblichen
9439	gewertet
9440	gewissermaßen
9441	gewähren
9442	gezwungen
9443	geändert
9444	gfi
9446	gleichem
9447	gleichgestellt
9448	gleichzeitige
9450	globale
9451	grobe
9452	grundlegenden
9453	grundsätzlicher
9454	größter
9455	gründete
9457	grünes
9458	gymnasialen
9459	günstigen
9460	hacken
9461	haftet
9462	halbe
9464	harte
9465	harten
9466	harter
9467	heilt
9468	herangehen
9469	herausfordernde
9470	herausragende
9471	herausragenden
9472	herrliche
9473	herunter
9474	heutige
9476	hielt
9477	hineinschnuppern
9478	hinreichend
9479	hintereinander
9480	hinterlegen
9481	hinterlegt
9482	hinzu
9484	historischer
9485	historisches
9486	hob
9487	hochrangige
9489	hochwertige
9490	hochwertigen
9491	hochwertiges
9493	hormonell
9496	häufige
9497	höchst
9498	höchstem
9499	höchstens
9500	höherer
9501	hörten
9502	idealen
9503	idealerweise
9504	identifizieren
9505	ignoriert
9506	illegale
9511	impfen
9512	implantierbare
9519	individueller
9520	industriellen
9522	informierten
9523	infrage
9525	initiiert
9526	initiierten
9527	inkl
9529	inländische
9530	inmitten
9531	inneren
9532	innovativer
9537	installiert
9539	integriertes
9540	interagieren
9541	interaktiven
9542	interdisziplinäres
9544	interessanten
9545	interkommunale
9546	irritiert
9547	israelischen
9548	jahrelang
9549	japanische
9551	jene
9552	jener
9554	jüdisches
9555	jüngere
9556	jüngste
9557	jüngsten
9558	jüngster
9559	kWh
9560	kauft
9561	kehrt
9562	kehrten
9563	keineswegs
9564	kenne
9565	kennengelernt
9566	kieferorthopädischen
9568	klappt
9569	klares
9570	klebt
9571	klein-
9572	klimapolitischen
9574	klinisches
9575	klugen
9577	knusprig
9578	knüpfen
9579	kombinieren
9580	kommende
9581	kommentieren
9582	kommerzielle
9583	kommunikative
9584	konsequenten
9585	konstruiert
9586	konzentrierte
9587	kooperieren
9588	kooperiert
9589	koordinieren
9590	koordiniert
9591	korrekt
9592	korrekten
9594	kreisfreie
9595	kritisch
9596	kritische
9597	kult
9598	körpereigene
9599	körperlichen
9600	körpernahe
9602	kürzere
9603	la
9605	landesweit
9606	langjährige
9607	langjährigen
9608	lasse
9609	lauten
9610	lautete
9611	lebenden
9613	lebenswerte
9614	lebte
9615	lebten
9616	legendären
9617	leichte
9618	leidet
9619	lerne
9620	lernst
9621	letztes
9622	letztlich
9624	lief
9625	liegende
9626	ließ
9627	lobende
9629	lockt
9630	längeren
9631	machbar
9632	machst
9634	manifestiert
9635	manuell
9636	markiert
9637	markierten
9638	massiven
9639	maßgeblichen
9640	mebis
9641	mechanische
9643	mehrmals
9644	meint
9645	meinte
9647	meldete
9648	mellitus
9650	merkt
9651	merkte
9653	misst
9655	mitbringst
9656	mitgebracht
9657	mitgestalten
9660	mittelfristig
9662	mitzubestimmen
9663	mm
9664	moBiel
9665	modellhaften
9666	moderiert
9668	modernes
9669	modifizierten
9670	modular
9671	monatlichen
9673	motiviert
9674	musikalisch
9675	musikalische
9676	mutige
9679	mächtig
9680	mächtigen
9681	mühsam
9683	müssten
9685	nachträglich
9686	nachwachsenden
9687	nachzuholen
9688	nackten
9689	nahelegen
9690	nahen
9691	nahmen
9692	namhafte
9694	nationales
9695	natürlicher
9696	natürliches
9698	negativer
9701	nervt
9703	neueren
9705	neuronale
9706	neuropsychologischen
9707	neusten
9708	neutral
9709	niedrigschwellige
9712	normalen
9713	normales
9714	nutzbare
9715	nutzerfreundlicher
9717	näheren
9718	nötige
9719	objektiv
9720	obligatorisch
9721	offenzulegen
9724	optimierte
9725	optional
9726	optischen
9728	ordnungsgemäße
9729	ordnungsmäßige
9730	organisatorisch
9731	organisatorische
9732	organisatorischer
9733	organischen
9734	organisierten
9735	pandemiebedingte
9736	partizipative
9737	partizipieren
9738	partnerschaftlichen
9739	passend
9740	passgenaue
9741	passgenauen
9742	passt
9744	perfekten
9745	personalisierten
9746	personeller
9747	persönlicher
9748	pflegende
9749	pflegerische
9750	physikalischen
9751	platzieren
9752	platziert
9753	platzsparende
9754	polizeiliche
9755	potenziell
9756	potenzielle
9757	praktischer
9758	praxisnahe
9759	praxisorientierte
9760	preußischen
9761	privatwirtschaftlich
9762	professionelles
9763	protestantische
9764	prämiert
9765	präzise
9766	psychiatrische
9767	psychiatrischen
9768	psychosomatischen
9769	publiziert
9771	qm
9772	qualifizierten
9773	qualitativen
9774	radioaktiver
9775	rapide
9776	rasch
9777	rasche
9778	rassistischer
9779	rbb
9780	real
9781	reale
9782	rechter
9783	rechtlicher
9784	rechtsextremistischen
9785	rechtsextremistischer
9786	reflektiert
9787	regelmäßiges
9788	reger
9789	regionales
9790	registrierten
9791	regulärer
9793	reicher
9795	relevant
9796	relevante
9797	religiöse
9798	renommierte
9799	renovierte
9800	repräsentative
9801	respektiert
9802	restliche
9803	resultieren
9804	resultiert
9805	riesige
9806	robust
9807	rohen
9810	ruhen
9812	russische
9813	rutschen
9815	räumliche
9817	sachgerechte
9818	sachlicher
9819	samt
9820	saubere
9822	schaut
9823	scheinbar
9826	schief
9830	schlechte
9831	schlechtes
9832	schlichtweg
9833	schlimme
9835	schneidet
9836	schnellem
9837	schnelleren
9838	schreitet
9839	schulintern
9840	schulische
9844	schweres
9845	schwierigen
9846	schädigen
9847	schönste
9848	schönsten
9849	scrollen
9851	seither
9852	selbstbestimmten
9853	selbstbestimmtes
9854	selbstständige
9856	selbständige
9857	senden
9858	sensiblen
9859	separate
9860	sexuelle
9861	siebten
9862	simplen
9864	sinnvollen
9865	sog
9866	sogleich
9867	solidarisch
9868	solidarische
9869	solltet
9870	sorbischer
9871	sorgten
9872	sozialer
9873	spektroskopische
9875	spezialisierten
9876	spiegeln
9877	spielerisch
9878	spinnen
9879	sportlichen
9880	sportlicher
9881	sprachlich
9882	sprachlichen
9883	sprechende
9884	sprich
9885	sprießen
9888	stabile
9889	stabilen
9890	starb
9891	starkem
9892	starkes
9893	starteten
9894	stationären
9895	statischen
9896	stattfindet
9897	staunend
9898	stehende
9899	stehst
9900	steigend
9901	steigende
9902	steigert
9903	stellst
9904	stellten
9905	stetige
9906	stetigen
9907	steuer-
9908	steuerlich
9909	stieg
9910	stiegen
9911	stilistisch
9912	stillgelegt
9913	strafbar
9914	strafbare
9916	strategisch
9917	streamt
9919	strenge
9920	strengen
9921	strong
9922	strukturieren
9923	strukturierte
9924	studentische
9925	studentischen
9926	studienbegleitenden
9928	studiere
9929	studiert
9930	studierte
9931	städtebaulich
9932	städtischen
9933	ständige
9934	ständiger
9935	stärkeren
9936	stärksten
9937	stärkt
9938	stöbern
9940	suchst
9941	systematische
9942	sämtlicher
9943	südlichste
9944	tatsächliche
9946	technischer
9947	telefonische
9948	testet
9949	thematisch
9950	thematische
9951	therapeutische
9953	tierischen
9954	traditionell
9955	traditionelle
9956	traf
9957	trainieren
9958	trainiert
9959	transparente
9960	trat
9961	treibt
9962	typisch
9963	typischerweise
9964	tätige
9965	tüfteln
9966	türkischen
9969	umdenken
9970	umfangreiche
9971	umfassender
9972	umfassendes
9973	umgekehrt
9974	umgestaltet
9976	umzugehen
9977	unabdingbar
9978	unabhängigen
9979	unabhängiges
9980	unbegrenzt
9981	unbekannte
9982	unberücksichtigt
9983	uneingeschränkt
9984	uneingeschränkten
9985	unermüdlich
9986	unfallversichert
9987	ungeeignet
9988	ungenau
9989	ungewohnt
9990	ungewollten
9991	ungewöhnliche
9992	ungewöhnlichen
9994	unmittelbare
9999	unterdrücken
10000	unterhält
10001	unterliegt
10003	unternehmerische
10004	unternehmerischen
10006	untersagt
10007	unterschieden
10008	unterschiedlichem
10009	unterstreicht
10010	unterzeichnen
10011	unverbindlich
10012	unverzichtbar
10013	unvorhersehbare
10014	unzureichend
10015	urbanen
10019	variieren
10020	variiert
10021	vbw
10022	verabreicht
10023	verabschiedete
10024	veralteten
10026	veranschaulicht
10027	veranstaltete
10028	verantworten
10030	verantwortungsvolle
10031	verantwortungsvollen
10032	verarbeitete
10033	verbaute
10034	verbergen
10035	verbleibenden
10036	verborgen
10037	verbrachte
10038	verbraucht
10040	verbreitete
10041	verbringt
10042	verdoppelt
10043	verdrängt
10044	vereinfacht
10046	verfasst
10048	verfügbare
10049	vergab
10050	vergibt
10051	vergisst
10052	vergleichbar
10053	vergleichsweise
10054	verheerenden
10055	verknüpfen
10056	verkündet
10057	verliert
10058	verlinken
10059	verlinkt
10060	verlässlich
10061	verlässliche
10062	verläuft
10064	vermeintlich
10065	vermietete
10066	vermisst
10067	vernachlässigt
10068	vernetzt
10069	vernetzten
10070	vernünftigen
10071	verordnete
10072	verpackt
10073	verpflichtenden
10074	verringern
10075	verschicken
10076	verschlossen
10077	verschwunden
10078	verschärft
10079	versehentlich
10080	versichert
10081	verspricht
10082	versteckt
10083	verstorbene
10084	verstärken
10085	verstärkten
10086	versuchten
10087	versäumt
10088	vertragliche
10089	vertreiben
10091	verursacht
10092	verwandelt
10093	verzichtet
10094	veränderte
10095	vielem
10097	virtuelles
10098	vollständigen
10099	vollziehen
10101	vorangetrieben
10102	vorantreiben
10103	vorbildliche
10104	vorgegebenen
10105	vorgehalten
10106	vorgemerkt
10107	vorgenannten
10108	vorgestellten
10109	vorhandener
10110	vorigen
10111	vorlesen
10112	vorlesungsfreien
10113	vorliegende
10114	vorliegenden
10115	vorläufigen
10116	vorsehen
10117	vorweihnachtliche
10118	vorzulegen
10119	vorübergehend
10120	wachsenden
10122	wahren
10124	warmen
10125	waschbar
10126	wechselt
10127	weibliche
10129	weiterempfehlen
10130	weiterführen
10131	weiterführenden
10132	weitergegeben
10133	weitergeht
10134	weiterzugehen
10135	weitesten
10136	weitestgehend
10137	weitgehende
10138	weltberühmten
10141	werdende
10143	wertvolles
10144	wesentlicher
10145	widersprechen
10146	widmen
10147	wiederhergestellt
10148	wiederholt
10149	wiederverwendet
10150	wiegt
10151	wirkungsvoll
10152	wirtschaften
10154	witzigen
10156	wohler
10157	wohne
10158	wohnliche
10159	wohnt
10160	womit
10161	womöglich
10162	wuchs
10163	wusste
10165	wählbar
10166	wählte
10168	wöchentliche
10169	wöchentlichen
10170	würdigen
10172	youngcaritas
10174	zeitlichen
10175	zertifizierten
10176	zeugt
10177	zielgerichtet
10178	zooplus
10180	zueinander
10181	zufolge
10182	zugenommen
10183	zugeordnet
10184	zugeschnitten
10185	zugeschnittenen
10186	zugestimmt
10188	zugute
10189	zukunftsfähig
10190	zukunftsorientiert
10191	zukünftige
10192	zukünftiger
10193	zunehmenden
10196	zurecht
10197	zurückblicken
10198	zurückgelegten
10199	zurückhaltend
10200	zurückliegenden
10201	zurückzahlen
10202	zusammenfasst
10203	zusammengesetzt
10204	zusammengetragen
10205	zusammenstellen
10206	zuverlässigen
10207	zuzulassen
10208	zuzusehen
10211	zweites
10213	Ähnliches
10214	Ämter
10215	Äpfel
10217	Ökologie
10218	Ökonom
10219	Ökosysteme
10220	Übelkeit
10221	Überarbeitung
10222	Überbrückungshilfe
10223	Übereinstimmung
10224	Übergriffen
10225	Überlegungen
10226	Überprüfungen
10227	Überschreitung
10228	Überschwemmungen
10229	Übersichten
10230	Überspannungsschutzgeräten
10231	Überweisungen
10236	ähneln
10237	älterer
10238	ärztliche
10239	öfter
10241	ökonomischen
10244	übergeordnete
10245	übergeordneten
10248	übermitteln
10249	überraschend
10250	überrascht
10251	überregionale
10252	überregionalen
10253	übersandt
10254	überschaubaren
10255	übersichtlichen
10257	übertragenen
10259	überweist
10260	übten
10985	A-Capella-Bands
10986	A-Jugend
10993	AA
10994	AAA
10995	AAPV
10996	AAS
10997	ABBA
10998	ABC
11001	ACE-Hemmern
11002	ACK
11003	ACOD-Kongress
11004	ACTRIS
11005	ACWY
11006	ADEX
11008	AG-Anmeldeformular
11009	AG-Stunden
11011	AGJFür
11013	AGW
11014	AHA-Vorschriften
11015	AIM
11017	AK
11019	AKP
11022	ALP
11023	AMDs
11024	AMICA
11025	AMK
11026	ANÜ
11027	AO
11028	AOK
11029	APIs
11030	APS
11031	AQS
11032	AQUA
11033	AR
11034	AR-Welt
11038	ARD-Morgenmagazin
11039	ARF
11040	ARIADNE
11042	ARPANET
11044	ASDN
11045	ASH-Bau
11046	ASMK
11047	ASOS
11048	ASR
11049	ASTRUM
11050	ASchulG
11052	ATW-Vorlesungssaal
11054	AUSY
11055	AV
11056	AV-Systemen
11057	AVB
11058	AVR
11059	AVS-Anbietern
11060	AWG
11061	Aachen
11062	Aachener
11064	AalenAutonomes
11065	Aargau
11068	Abbild
11069	Abblendlicht
11070	Abbruch
11071	Abbuchungsmitteilungen
11072	Abdallah
11073	Abendandachten
11074	Abende
11075	Abenden
11076	Abendgymnasien
11077	Abendland
11078	Abendmahl
11080	Abendschule
11081	Abenteurer
11082	Abfahrten
11083	Abfallbehälter
11084	Abfallwirtschaftsverbandes
11085	Abfederung
11086	Abfilmen
11087	Abfrage
11088	Abfuhr
11089	Abgabefrist
11090	Abgabenordnung
11092	Abgastemperaturen
11093	Abgelegene
11094	Abgemahnt
11095	Abgenommen
11096	Abgeordneten
11097	Abgeschlossene
11098	Abgestürzten
11099	Abhilfe
11100	Abholorte
11102	Abhören
11103	AbiturientInnen
11104	Abiturienten
11105	Abiturklausur
11106	Abklären
11107	Abklärung
11108	Abkürzung
11109	Abkürzungen
11110	Ablehnende
11111	Ablehnung
11112	Ableistung
11113	Ablenkungsmanövern
11114	Abmahner
11115	Abmahngefahr
11116	Abnahme
11118	Abnehmer
11119	Abo
11120	Abobestellung
11121	Aboformen
11122	Abokauf
11123	Abonnent
11124	Abonnenten
11125	Abonniere
11127	Abopreis
11128	Abrechnungsvorgaben
11129	Abrufverfahren
11131	Abschaffung
11134	Abschiebungshafteinrichtungen
11135	Abschiedsvorlesung
11136	Abschirmung
11137	Abschlag
11139	Abschlussausstellung
11140	Abschlusses
11141	Abschlussfeier
11142	Abschlussklassen
11143	Abschlussprojekt
11144	Abschlussprüfungen
11145	Abschlüssen
11146	Abschrift
11147	Abschwung
11148	Abschöpfen
11149	Absegnung
11150	Abseil-
11153	Absenders
11154	Absicht
11155	Absichten
11159	Absprachen
11160	Abstandhalten
11161	Abstands-
11162	Abstandsregel
11163	Abstandsregeln
11164	Abstandsvorschriften
11165	Abstiegskampf
11166	Abstimmungsprozesse
11167	Abstinenzwillen
11168	Abstoß
11169	Abstoßen
11170	Absturz-
11171	Absturzsicherungen
11172	Absätze
11173	Absätzen
11174	Abteikirche
11175	Abwahl
11176	Abwanderung
11177	Abwasser-Innovationspreis
11178	Abwasserbehandlung
11179	Abwasserpumpwerk
11180	Abwechselung
11181	Abweichend
11182	Abweichende
11183	Abweichendes
11184	Abweichungen
11185	Abwesenden
11186	Abzinsung
11188	Access
11189	Accessibility
11190	Accessibility-Schnittstellen
11191	Accessoire
11192	Accra
11193	Ach
11194	Achieng
11195	Achtsam
11196	Acker
11197	Ackerbaustrategie
11198	Ackerland
11199	Ackerstraße
11200	Action
11201	Actionbound
11202	Ad-hoc-Arbeitsgruppen
11203	AdR
11204	AdSense
11205	AdTech-Portfolio
11206	AdWords
11207	Adam
11208	Adamas
11210	Adapter
11211	Add-ons
11212	Addiction
11213	Addition
11215	Ader
11216	Adler
11217	Admin
11218	Administrator
11219	Adobe
11221	Adoption
11222	Adress-
11223	Adressbuch
11224	Adresszeile
11225	Adriaen
11229	Adventsgottesdienst
11230	Adventskalender
11231	Adventskalender-Türchen-Öffnen
11232	Advertising-Anzeige
11233	Aegidienberg
11234	Aegidius-Haus
11235	Aero-Clip
11236	Aerobic-Videos
11237	Aerobicangebot
11238	Aeternitas
11239	Affiliate
11240	Aflatoxinbildnern
11241	Afra
11242	African
11243	Afrikanische
11245	Afrikas
11246	Agbogbloshie
11247	AgeQualiDe-Studie
11249	Agenturbereich
11250	Agenturmodelle
11251	Aggressivität
11252	Agile
11253	Agrarbiologie
11254	Agrarpolitik
11255	Agu
11256	Ahlerstedt
11257	Ahrweiler
11258	Aids
11260	AirportPark
11262	Ajnszydler
11266	Akademienprogramm
11267	Akademikerkinder
11269	AkkreditierungenDas
11270	Akku-Staubsaugers
11271	Akquise
11272	Akquisition
11273	Akte
11274	Akten
11275	Akteneinsicht
11277	Akteuri
11278	Aktienindexe
11279	Aktienindizes
11280	Aktienkapital
11282	Aktions-Abonnements
11283	Aktionsangeboten
11284	Aktionsbündnis
11285	Aktionsbündnisses
11286	Aktionsfläche
11287	Aktionsformen
11288	Aktionsheft
11289	Aktionshäuser
11290	Aktionsplans
11291	Aktionsprogramme
11292	Aktionsprogramms
11293	Aktionsseite
11294	Aktionstabletts
11295	Aktionstag
11296	Aktionsvorschläge
11297	Aktionswoche
11298	Aktionäre
11300	Aktivenbereich
11301	Aktivierung
11302	Aktivismus
11303	Aktivisten
11304	Aktivitätsmuster
11305	Aktualisierungen
11306	Aktuelles
11307	Akupunktur
11308	Akutbehandlung
11309	Akzente
11310	Al
11311	Alain
11312	Alaows
11313	Alarmanlage
11314	Alarmanlagen
11315	Alarmierung
11317	Alban
11318	Albert
11320	Albstadt-Sigmaringen
11321	Album
11322	Albums
11323	Alemania
11326	Alexanderplatz
11327	Alexia
11328	Alfaview
11329	Alfons
11330	Alfred
11332	Algarve
11333	Algerien
11334	Algorithmen
11335	Algorithmus-Pflege
11336	Alias
11337	Alibi
11338	Alicante
11339	Alice
11340	Alina
11341	Aline
11343	Alkoholbedingte
11344	Alkoholembryopathie
11345	All-IP-Anschluss
11349	Alleinerziehenden
11350	Alleinstehende
11353	Allergien
11354	Allerkleinsten
11355	Allet-Coche
11356	Allgemeinbevölkerung
11357	Allgemeinmediziner
11358	Allgemeinverfügungen
11359	Allgäuer
11360	Alliance
11361	Allradfahrzeugen
11362	Alltagbewältigung
11363	Alltags-
11364	Alltagsbegleiter
11365	Alltagsbegleitung
11366	Alltagsbetrieb
11367	Alltagsbilder
11368	Alltagskultur
11369	Alltagsmaske
11370	Alltagssituationen
11372	Almke
11373	Alpaka
11374	Alpenraumprogramm
11375	Alpenraums
11376	Alpro
11377	Alsenz-Obermoschel
11379	Altaraufsatzes
11380	Altarbild
11381	Altbaufenstern
11382	Altbauflair
11386	Altenarbeit
11387	Altendorf
11388	Altenzentrum
11389	Alternativmaßnahmen
11390	Alternativschulen
11391	Alternativtexte
11392	Alters
11393	Alters-und
11394	Altersarmut
11395	Altersbereichen
11396	Altersdiabetes
11397	Alterseffekte
11398	Altersempfehlung
11399	Altersklasse
11400	Alterstraumatologie
11401	Altersvorsorgebeiträge
11402	Alterung
11403	Altfahrerlaubnissen
11404	Altgrundstück
11405	Altkleidercontainers
11406	Altlandsberg
11407	Altlast
11408	Altlastenverordnung
11409	Altländer
11410	Altmannsperger
11411	Altmarkt
11412	Altmoränen-
11413	Altpapiertonnen
11414	Altphilologenverbandes
11415	Altstadtprinzenpaares
11416	Altstaedt
11417	Altstars
11418	Altäre
11419	Alumni-Tag
11420	Alzheimer-Krankheit
11422	Amateur-
11423	Amatic
11425	Amberg-Weiden
11426	Ambivalenz
11427	Americana
11428	Amerikaner
11429	Amerikanern
11430	Amerikas
11431	Amharisch-Audiotrainer
11432	Amicor-Bezüge
11433	Aminosäuren
11434	Amlodipin
11435	Amman
11436	Ammonium-
11437	Amnesty
11439	Ampelfarben
11440	Ampeln
11441	Ampelsteuerung
11442	Amsterdam
11445	Amtlicher
11446	Amts
11447	Amtsblatt
11449	Amtsenthebung
11450	Amtsgerichte
11451	Amöbiasis
11452	An-Institut
11453	Analogtechnik
11454	Analyse-Cookies
11455	Anamnese
11457	Anbaugrenze
11458	Anbei
11459	Anbetracht
11461	Anbieterwechsel
11462	Anblick
11463	Ancestor-Elementen
11464	Andalusien
11465	AnderLand
11466	Anderenfalls
11468	Andernfalls
11471	Andreja
11472	Andres
11473	Android-
11474	Aneignung
11476	Anerkennungen
11478	Anfangsphase
11479	Anfangsrenovierung
11480	Anfangsschlaufe
11481	Anfassen
11482	Anforderungskataloges
11483	Anfänge
11484	Anfängerschwimmen
11485	Angebotsansprechpartner
11486	Angebotsform
11487	Angebotspalette
11488	Angebotspreis
11490	Angehöriger
11491	Angela
11493	Angelegenheit
11494	Angelika
11496	Angelina
11497	Angemeldete
11498	Angemessenheit
11499	Anger
11500	Angina
11501	Angreifer
11502	Angstneurose
11503	Angststörungen
11504	Angus
11505	Anhalt-Köthen
11506	Anhaltspunkte
11507	Anhänger
11508	Anhängers
11509	Anika
11510	Anker
11511	Anklage
11512	Anklang
11514	Anknüpfungspunkte
11517	Anlagehorizont
11518	Anlagenkonzepte
11519	Anlagenmechaniker
11520	Anlaufadressen
11521	Anlaufen
11522	Anlaufpunkt
11523	Anlegerschutz
11524	Anlehnen
11525	Anleihe
11527	Anliegenberatungen
11528	Anliegens
11529	Anlässe
11530	Anlässen
11532	Anmeldedaten
11533	Anmeldeformular
11534	Anmeldenamen
11535	Anmeldeschluss
11536	Anmeldungen
11537	Anmerkung
11538	Ann-Kathrin
11540	Annahmen
11541	Annalena
11543	Anne-Frank-Schule
11544	Annemarie
11545	Annette
11547	Annie
11549	Annika
11550	Anno
11551	Annuitätendarlehen
11552	Anonymisierung
11553	Anpassungslehrgangs
11554	Anrechnungspunkten
11555	Anreiseinformationen
11556	Anreize
11559	Anschaffung
11562	Anschauung
11563	Anschauungen
11565	Anschlussfinanzierung
11566	Anschlussmaßnahmen
11567	Anschläge
11568	Anschlüsse
11569	Anschlüssen
11570	Anschriften
11571	Anschubfinanzierung
11572	Ansicht
11573	Ansinnen
11574	Ansprache
11576	Ansprechpartnerinnen
11577	Ansprechpartnern
11578	Ansprechpartners
11579	Ansprechperson
11580	Anspruchsgruppen
11582	Anstelle
11584	Anstellungsträger
11585	Ansteuern
11586	Anstrengung
11587	Anstrengungen
11588	Ansässige
11589	Anteilseigner
11590	Antenne
11592	Antennenschüsseln
11593	Anthony
11595	Antibiotika
11596	Antibiotikatherapie
11598	Antidiskriminierungsstrategie
11599	Antigen-
11600	Antigen-Schnelltest
11601	Antigenschnelltest
11602	Antikörper-Schnelltests
11603	Antikörpern
11604	Antikörpersuchtest
11605	Antippen
11608	Antrageingangs
11609	Antragsbearbeitung
11610	Antragsberechtigt
11611	Antragsberechtigung
11612	Antragsformular
11613	Antragsportal
11614	Antragssteller
11615	Antragsstellern
11617	Antragstellerinnen
11618	Antragsunterlagen
11619	Antragsverfahren
11620	Antragsverfahrens
11621	Antriebs
11622	Antriebs-
11623	Antriebskonzepte
11624	Antwerpen
11625	Antwort-Brief
11626	Antwortzeiten
11627	Anwahl
11628	Anwar
11629	Anweisung
11630	Anweisungen
11631	Anwendungsbeispiele
11632	Anwendungsmöglichkeiten
11633	Anwendungspotential
11635	Anwesenheitspflicht
11636	Anwälte
11637	Anwälten
11638	Anwärter
11639	Anwärterbezügen
11640	Anzüchten
11641	Anästhesie
11643	ApoB
11644	ApoCIII
11645	ApoE
11646	Apolipoprotein-Stoffwechsel
11647	Apostelgeschichte
11649	Apotheken
11651	Apothekermesse
11652	App-Stores
11653	App-gestützte
11654	Appelhülsen
11655	Appelle
11660	Apple-
11661	Application
11662	Applikationen
11663	Applikations-
11671	Aproach
11672	Apropos
11673	Arabisch
11674	Arabisch-Dolmetscherin
11676	Arbeitens
11677	Arbeiterinnen
11678	Arbeiterwohlfahrt
11681	Arbeitgebende
11682	Arbeitgebenden
11683	Arbeitgeber-Kunden
11684	Arbeitgeber-Service
11685	Arbeitgeberanteil
11686	Arbeitgebers
11687	Arbeitgeberservice
11688	Arbeitnehmerinnen
11689	Arbeitnehmern
11690	Arbeitnehmers
11691	Arbeitnehmervertreter
11692	Arbeits
11694	Arbeitsabläufe
11695	Arbeitsabläufen
11696	Arbeitsauftrags
11697	Arbeitsbereich
11698	Arbeitsblatt
11699	Arbeitsblätter
11700	Arbeitsentgelt
11701	Arbeitsfeldern
11702	Arbeitsfläche
11703	Arbeitsflächen
11704	Arbeitsformen
11705	Arbeitsgebiet
11706	Arbeitsgebiete
11707	Arbeitsgemeinschaft
11709	Arbeitsgemeinschaften
11710	Arbeitsgerichts
11711	Arbeitsgeschwindigkeit
11712	Arbeitsgesellschaft
11713	Arbeitshilfe
11714	Arbeitshilfen
11715	Arbeitsintensit
11716	Arbeitsklima
11717	Arbeitskräfte
11719	Arbeitsmarktdiskriminierung
11720	Arbeitsmarktintegration
11721	Arbeitsmarktpolitik
11722	Arbeitsmodell
11723	Arbeitsplatzgestaltung
11724	Arbeitsproben
11725	Arbeitsraum
11726	Arbeitsrecht
11727	Arbeitsrechtliche
11728	Arbeitsrechtlichen
11729	Arbeitsschritte
11730	Arbeitsschritten
11731	Arbeitsschutzes
11733	Arbeitsstrukturen
11734	Arbeitsstunden
11735	Arbeitsstättenregel
11736	Arbeitstechniken
11737	Arbeitstreffen
11738	Arbeitsuchende
11739	Arbeitsumgebung
11740	Arbeitsunfähige
11741	Arbeitsunfähigkeitsbescheinigung
11742	Arbeitsverhältnisses
11743	Arbeitsvertragsrichtlinien
11744	Arbeitsverträge
11746	Arbeitszufriedenheit
11747	Arberlandkliniken
11748	Architektenwechsel
11749	Archivalien
11750	Archive
11751	Archiven
11752	Archives
11753	Archivierung
11754	Archivierungspflichten
11755	Archivquellen
11756	Archäologin
11757	Archäologischen
11758	Arduino
11759	Areale
11760	Areopagita
11761	Arequipa
11763	Argentinien
11764	Argumente
11765	Arithmetik
11767	Arlens
11768	Arlo
11769	Armband
11770	Armen
11771	Armierung
11772	Armuts-
11774	Armutszeugnis
11775	Arndt
11776	Arnholt-Stiftung
11777	Arnold
11778	Arnsberg
11779	Aromen
11780	Arsch
11781	Arsenal
11782	Artania
11783	Artenhilfs-
11784	Artenschutz
11785	Artenschutz-Fachberater
11786	Artenschutzabkommen
11787	Artenschutzprogramme
11788	Arterien
11789	Arteriensind
11791	Artikelseiten
11792	Arznei
11793	Arzneimittel-Richtlinie
11794	Arzneimittelagentur
11795	Arzneimittelentwickler
11796	Arzneimittelgesetz
11797	Arzneistoffe
11798	Arzneistoffes
11799	Arzt-Patienten-Kontakt
11800	Asche
11801	Aschendorff
11802	Aschenputtel
11803	Asel
11804	Asselmann
11805	Asset
11806	Assistenten
11807	Assistenz
11808	Assistenzarzt
11809	Assistenzperson
11810	Assistenzstelle
11811	Asthma
11812	Astra
11813	Astra-Zeneca
11814	Astro-Coaching
11815	Astrologie
11816	Astronomie
11817	Astrophysik
11818	Astroteilchenphysik
11819	Asyl
11820	Asyl-
11821	Asylbewerbern
11822	Asylprozess
11823	Asylverfahrens
11824	Asül
11825	Atelier
11826	Atemmuskulatur
11827	Atemnot
11828	Atemwege
11829	Atemwegen
11830	Atemwegsorgane
11831	Athlet
11832	Athleten
11833	Athletinnen
11834	Atlantique
11835	Atmaca
11836	Atmo
11837	Atmosphären
11838	Atteste
11839	Au-pairs
11840	Aubinger
11842	Audi
11844	Audio-
11845	Audio-Online-Angeboten
11846	Audio-Podcasts
11847	Audio-Zukunft
11848	Audiodatei
11849	Audiodateien
11850	Audioeinstellungen
11851	Audiofiles
11852	Audios
11853	Audiostreaming
11854	Audiothek
11855	Audiowiedergabe
11856	Aue
11857	Auefeldschule
11858	Auerhuhn
11860	Aufbau-
11861	Aufbaubank
11862	Aufbauend
11863	Aufbauleistung
11864	Aufbauseminar
11865	Aufbewahrungsbox
11866	Aufbewahrungsfristen
11867	Aufbewahrungspflichten
11868	Aufbruch
11869	Aufenthalten
11870	Aufenthaltserlaubnis
11871	Aufenthaltskarte
11872	Aufenthaltsorten
11873	Aufenthaltsqualität
11874	Auferstandenen
11875	Auferstehung
11877	Auffahrt
11878	Auffindbarkeit
11880	Auffällig
11881	Auffälligkeiten
11882	Aufgabenanalyse
11883	Aufgabenbereichen
11884	Aufgabengebiet
11885	Aufgabengebiete
11886	Aufgabenordnung
11887	Aufgabenspektrum
11888	Aufgabenteilung
11889	Aufgabenzuständigkeit
11891	Aufgeblähte
11892	Aufgeschlossenheit
11893	Aufhebelversuch
11894	Aufhebungen
11895	Aufheizen
11896	Aufklapp-Element
11897	Aufkleber
11898	Aufklärungsgespräch
11899	Aufkärung
11900	Aufladungen
11901	Auflagenhöhe
11902	Auflehnung
11903	Auflistung
11904	Auflockerung
11905	Auflösung
11906	Aufmachung
11908	Aufmerksamkeiten
11909	Aufmerksamkeitsdefizitsyndrom
11910	Aufnahmezentren
11911	Aufritte
11913	Aufrufs
11914	Aufräumarbeiten
11915	Aufräumen
11916	Aufschrei
11917	Aufschreibung
11918	Aufschub
11920	Aufsichtsbehörde
11921	Aufsichtsbehörden
11922	Aufsichtspflicht
11923	Aufsperrdienst
11924	Aufstand
11925	Aufstandes
11926	Aufstieg
11927	Aufstiegs
11928	Aufstiegs-BAföG
11929	Aufstiegschance
11930	Aufstiegsweiterbildungen
11931	Aufstockung
11932	Aufsuchung
11933	Auftraggeberin
11934	Auftraggebers
11935	Auftragnehmer
11936	Auftragsbindung
11937	Auftragsmodell
11938	Auftragsverarbeitungsverträgen
11939	Auftragsvergabe
11941	Auftrieb
11942	Auftrieberfahrungen
11943	Auftritte
11944	Aufträge
11945	Aufwands
11946	Aufwandsentschädigung
11947	Aufwertung
11948	Aufwuchs
11949	Aufwärmphase
11950	Aufwärtstrend
11951	Aufzeichnungen
11953	Augenheilkunde
11954	Augenhöhe
11955	Augenkrankheiten
11956	Augmented
11960	Aula
11961	Aulen
11962	Aulendorf
11963	Ausbauprogramm
11965	Ausbilder
11967	Ausbildern
11969	Ausbildungen
11970	Ausbildungsablauf
11971	Ausbildungsabschnitte
11972	Ausbildungsbereiche
11973	Ausbildungsberuf
11974	Ausbildungsforschung
11975	Ausbildungsgänge
11976	Ausbildungsgängen
11977	Ausbildungsinhalte
11978	Ausbildungsinhalten
11979	Ausbildungsjahres
11980	Ausbildungsmöglichkeiten
11981	Ausbildungspersonal
11982	Ausbildungsperspektive
11983	Ausbildungsperspektiven
11984	Ausbildungsphase
11985	Ausbildungsplan
11986	Ausbildungsplatz
11987	Ausbildungsprogramm
11988	Ausbildungsqualität
11989	Ausbildungsquote
11990	Ausbildungsreise
11991	Ausbildungsstand
11992	Ausbildungsstationen
11993	Ausbildungsstätte
11994	Ausbildungsträger
11995	Ausbildungsträgerin
11996	Ausbildungsvertrag
11997	Ausbildungsvertrages
11998	Ausbildungszahlen
11999	Ausbildungszeit
12000	Ausblick
12001	Ausbruch
12002	Auschwitz
12003	Ausdauer
12005	Ausfinanzierung
12006	Ausfluss
12007	Ausfuhrkontrolle
12011	Ausgabedisziplin
12012	Ausgangsbasis
12013	Ausgangslage
12015	Ausgangsstoff
12017	Ausgeführt
12019	Ausgeglichenheit
12020	Ausgehend
12026	Ausgrabungen
12027	Ausgrabungsstätten
12029	Aushängeschild
12030	Ausklang
12031	Auskunftsanspruch
12032	Auskunftsersuchen
12033	Auskunftsverweigerung
12034	Auskünfte
12035	Auslagen
12036	Auslands-
12037	Auslandsaufenthalt
12038	Auslandsaufenthalten
12039	Auslandskindern
12040	Auslandspraktika
12041	Auslandsstudienbeihilfe
12042	Auslandsvertretung
12043	Auslandswoche
12044	Ausleihsystem
12045	Ausleihzyklen
12046	Ausleihzyklus
12047	Auslieferung
12048	Auslieferungen
12049	Ausloten
12051	Ausländerbeauftragte
12052	Ausländerbehörde
12053	Auslösegebühren
12054	Ausmalhefte
12055	Ausnahme-Regel
12057	Ausnahmesituationen
12058	Auspowern
12060	Ausrüstung
12061	Ausrüstungen
12062	Aussaat
12064	Aussageverweigerung
12065	Ausschalt-Knopf
12067	Ausschließlichen
12068	Ausschlusses
12069	Ausschlussfristen
12070	Ausschnitt
12071	Ausschnitte
12072	Ausschnitten
12073	Ausschreibungsverfahren
12074	Ausschusssitzungen
12075	Ausschöpfen
12076	Ausschöpfung
12077	Aussetzung
12078	Aussichten
12079	Aussichtsturm
12080	Aussprechen
12081	Ausspruch
12082	Ausspähen
12083	Ausstattungs-
12084	Ausstellungs-
12085	Ausstellungsbesuch
12086	Ausstellungsinhalte
12087	Ausstellungsraum
12088	Ausstellungstafeln
12089	Austauschmöglichkeiten
12090	Austauschprogramm
12091	Austauschprogramme
12092	Austauschstudierende
12093	Austesten
12094	Austoben
12095	Australien
12096	Auswahlausschusses
12097	Auswahlentscheidung
12098	Auswahlgremium
12099	Auswahlkriterien
12100	Auswahlmöglichkeiten
12101	Auswahlrunde
12102	Auswahlverfahrens
12104	Auswanderung
12105	Ausweg
12107	Ausweisdokumentes
12108	Ausweisung
12109	Ausweitung
12110	Auswertungsergebnisse
12111	Auswertungsphase
12112	Auszeichnungen
12113	Auszeiten
12114	Auszubildender
12115	Auszug
12116	Auszuges
12117	Authentfizierung
12118	Authentifizierung
12119	Authentifizierungssystems
12120	Authentisierungsinformationen
12121	Autoanhänger
12124	Autobatterie
12125	Autobrand
12126	Autofahrer
12127	Autohauses
12128	Autohersteller
12129	Autoimmunkrankheit
12130	Autokindersitz
12131	Autokredit
12132	Autolack
12133	Automaten
12134	Automatisierungs-
12135	Automatisierungslösungen
12136	Automatisierungssystemen
12137	Automatismus
12138	Automobil-
12139	Automobilstandorts
12140	Automobilwirtschaft
12141	Automotive
12142	Autonomer
12143	Autonomic
12145	AutorInnen
12146	Autoradio
12147	Autoreifen
12148	Autorenlesungen
12149	Autorisierte
12150	Autrement
12151	Außenfläche
12152	Außengastronomie
12153	Außengelände
12154	Außengeländes
12155	Außenhandel
12156	Außenhandels
12157	Außenkommunikation
12158	Außenminister
12159	Außenplätze
12160	Außenseiter
12161	Außenspiegel
12162	Außentemperatur
12163	Außentemperaturen
12164	Außentür
12165	Außenverhältnis
12166	Außenwelt
12167	Außenweser
12168	Außenwirkung
12169	Außenwirtschaftsberater
12170	Außenwirtschaftsberaterinnen
12171	Außenwirtschaftsförderung
12172	Außenwirtschaftsstrategie
12174	Außerbetriebsetzungen
12176	Avatar
12177	Aviv
12178	Avoxa
12179	Award
12180	Awards
12181	Away
12184	Aylor
12186	Azubi
12187	Azubi-Recruiting
12196	BA
12197	BAG
12198	BAGFW
12199	BANI
12201	BAföG-Bescheinigung
12202	BAföG-Förderung
12203	BB
12204	BBW-Schreiner-Nachwuchs
12205	BBW-Theatergruppe
12206	BBesG
12207	BCH
12208	BCI-Technik
12209	BCN
12210	BDI
12212	BETA-Version
12213	BEZ
12214	BFAS
12215	BFH
12216	BGBL
12217	BGG
12218	BIDS
12219	BIK
12220	BIM
12221	BIMI-DNS-Eintrag
12223	BITV-Test
12224	BImSchG
12228	BLSV-Frauenbeiratsvorsitzenden
12229	BMAS
12230	BMF
12231	BMFSFJ
12232	BMJV
12233	BMU
12234	BMVg
12235	BMW-Fahrer
12236	BMWi
12237	BNE-Ansatz
12238	BNE-Colloquiumsreihe
12239	BORA
12240	BOS
12241	BPfK
12242	BR
12243	BR-KLASSIK
12244	BRAO
12245	BRK
12246	BSH
12247	BSZ
12248	BTC
12249	BULT
12251	BVF
12252	BVKJ-Onlineshop
12253	BVKJ-Service
12254	BW-Tarif
12255	BWA
12256	BWF
12257	BWHT
12258	BWI
12259	BWI-CEO
12260	BWINF
12261	BWL-
12262	BZgA
12263	BZÄK
12264	BaK
12265	Babel
12266	Babybetten
12268	Bachelor-Studiengang
12269	Bachelor-Studiengangs
12270	Bachelorabsolventinnen
12271	Bachelorette
12272	Bachelormodul
12273	Bachelorstudiengangs
12274	Bachelorstudiengänge
12275	Bachelorstudium
12276	Back
12277	Backblech
12278	Backofen
12279	Backstein-Ensemble
12280	Baczyk
12295	Baden-WürttembergCorona-Verordnung
12296	Baden-Württemberger
12297	Baden-Württembergische
12298	Baden-Württembergs
12299	Badenweiler
12300	Badetüchern
12301	Badge
12302	Badischen
12303	Baerbock
12304	Baerbocks
12305	Baesweiler
12306	BafA
12307	Bagatelle
12309	Bahn-Azubis
12310	Bahn-Sprecherin
12311	Bahnfahren
12313	Bahnhofsmissionen
12314	Bahnhofsplatz
12315	Bahnhofsviertels
12316	Bahnhöfe
12317	Bahntrasse
12318	Baierbrunn
12319	Balch
12321	Baldachin
12322	Bali
12323	Balint
12324	Balkan
12325	Balken
12326	Balkongärtner
12328	Ballettdirektor
12329	Ballonfinanzierung
12330	Ballsaal
12331	Ballspiele
12332	Balsam
12333	Balsamico-Eis
12334	Balthasar
12336	Banco
12339	Bandbreiten
12340	Bandes
12341	Bandscheiben
12342	Bankaccounts
12343	Bankautomaten
12344	Bankenkrisen
12345	Bankenzusammenbrüche
12346	Bankguthaben
12347	Bankkarte
12348	Bankreihen
12349	Bankrott
12351	Banner
12352	Bannern
12353	Bannewitz
12354	Baptisten
12357	Barcelona
12358	Barcode-Scan
12359	Barent
12360	Bares
12362	Barfuß
12363	Bargeldabhebungen
12364	Barkultur
12365	Barlachs
12366	Barmer
12367	Barmitteln
12368	Barriere
12369	Barschüler
12370	Bartender
12371	Baruths
12372	Basalt
12373	Basanit
12374	Baseballkappe
12375	Basel
12376	Basierend
12377	Basis-Qualifizierung
12378	Basiselementen
12379	Basishygienemaßnahme
12380	Basisinformationen
12381	Basiswissen
12382	Basiszinssatz
12383	Basketball
12384	Basketball-Stadion
12385	Baskets
12386	Bass
12387	Basse
12388	Bastel
12389	Bathe
12390	Batista
12392	Batterien
12393	Battle
12394	BauGB
12395	Bauakadmie
12396	Bauanleitungen
12397	Bauarbeiten
12398	Bauaufgaben
12399	Bauausstellung
12400	Baubedarf
12401	Baubetreuung
12402	Baubetriebshofes
12403	Baubranche
12405	Bauchraum
12406	Baudarlehens
12407	Baudenkmal
12408	Baudenkmäler
12409	Bauelementen
12410	Bauern
12411	Bauernhäuser
12412	Baugenehmigung
12413	Baugeschichte
12414	Baugesetzbuch
12415	Baugewerbe
12416	Baugruppen
12417	Bauhaus-Stils
12418	Bauherr
12419	Bauherren
12420	Bauhäuser
12421	Bauingenieuren
12422	Bauingenieurinnen
12423	Bauingenieurwesen
12424	Baujagd
12425	Baukastenprinzip
12426	Baukultur
12427	Baulast
12429	Baumann
12430	Baumartenwahl
12431	Baumaschinen
12432	Baumeister
12433	Baumgart
12434	Bauministerkonferenz
12435	Baumot
12436	Baumpflanzaktionen
12437	Baums
12438	Baumschulflächen
12439	Baumärkte
12440	Bauphasen
12441	Baupläne
12442	Bauprojekte
12443	Bauschutt
12444	Bausparen
12445	Bausparer
12446	Bausparguthaben
12447	Bausparvertrag
12448	Bausparvertrags
12449	Baustoffe
12450	Baustoffhandel
12451	Baustoffhändler
12452	Baustoffproduktion
12453	Bautzen-Görlitz-Hoyerswerda
12454	Bauunter-nehmen
12455	Bauunterhaltung
12456	Bauvertrag
12457	Bauvorhabens
12458	Bauweise
12459	Bauweisen
12460	Bauwerk
12461	Bauzeit
12462	Bay
12463	BayEUG
12464	BaySchO
12465	BayStartUP
12466	Bayaz
12467	Bayerischer
12471	BayernQualitätsmanagement
12472	Be
12473	BeVital
12474	Beachsoccer-Felder
12475	Beachte
12477	Beachvolleyball
12478	Beamt
12479	Beamten
12481	Beamtinnen
12484	Bearbeitungsraum
12485	Bearbeitungszeiten
12486	Bearbeitungszeitraum
12487	Beat-Fans
12488	Beate
12489	Beatmungsmedizin
12490	Beauty-Magazin
12491	Bebop
12492	Becherglas
12493	Bechler
12494	Beckenbodengymnastik
12495	Beckens
12496	Becker
12497	Beckmann
12499	Bedarfe
12500	Bedarfsdaten
12501	Bedarfsgegenstände
12502	Bedford-Strohm
12503	Bedien-
12504	Bedienelement
12505	Bedienelemente
12506	Bedienstete
12508	Bedrich
12510	Bedürftige
12511	Beeck
12512	Beeindruckend
12513	Beeinträchtigung
12515	Beerbung
12516	Beeren
12517	Beerwalde
12518	Beethoven
12519	Befallssituationen
12520	Befangenheit
12521	Befestigung
12522	Beflockung
12523	Befragte
12524	Befristungsgesetz
12525	Befruchtungen
12526	Befunde
12527	Befunden
12528	Befundes
12530	Beförderung
12531	Beförderungsbedingungen
12532	Beförderungsunternehmen
12533	Begabung
12534	Begabungsförderung
12535	Begegnungsformen
12536	Begegnungsstätte
12537	Begegnungsstätten
12538	Begegnungszentrum
12539	Beginnend
12540	Beginnzeiten
12541	Begleichung
12542	Begleit-
12544	Begleiterkrankungen
12545	Begleiterscheinungen
12547	Begleitete
12548	Begleitmaterial
12549	Begleitperson
12550	Begleitvorträgen
12551	Begriffen
12552	Begrifflichkeiten
12553	Begriffs
12554	Begründungen
12555	Begrüßungsmappe
12556	Begutachtung
12557	Begünstigten
12558	Behaglichkeit
12560	Behandler
12562	Behandlungen
12563	Behandlungsangebots
12564	Behandlungsart
12565	Behandlungsbeginn
12566	Behandlungseinheiten
12567	Behandlungserfolg
12568	Behandlungsfehler
12569	Behandlungsfällen
12570	Behandlungsmöglichkeiten
12571	Behandlungstechniken
12572	Behandlungsziel
12573	Behebung
12574	Beherbergungseinheiten
12577	Behinderten-Sportverband
12578	Behindertengleichstellungsgesetz
12579	Behindertenparkplatz
12580	Behindertenrechtskonvention
12581	Behindertensportverband
12583	Behördengängen
12584	Behördenportalen
12586	Beibehaltung
12587	Beichtgeheimnis
12588	Beidiesen
12589	Beigeschmack
12590	Beihilfeanträge
12591	Beihilfefähigkeit
12592	Beihilfestelle
12593	Beiköche
12594	Beilstein
12595	Beinahe
12596	Beinamen
12597	Beinschlag
12598	Beipackzettel
12599	Beiratssitzung
12600	Beisammensein
12601	Beisitzern
12602	Beispile
12603	Beistellungen
12604	Beitragsbemessungsgrenze
12605	Beitragsforderung
12606	Beitragssatz
12607	Beitragszahler
12608	Beitragszuschuss
12609	Beitreibung
12610	Beitritt
12612	Beitritts
12613	Beitrittserklärung
12614	Beiträgen
12615	Beize
12618	Bekannten-
12620	Bekanntheit
12621	Bekanntheitsgrad
12622	Bekanntmachung
12623	Bekenntnisbestimmtheit
12624	Beklagte
12626	Beladung
12627	Belarus
12628	Belastungsphase
12630	Belegschaft
12631	Belegschaften
12632	Belegschaftsbetriebe
12633	Belegung
12634	Belegungsbedingungen
12635	Belehrung
12636	Beleidigungen
12637	Beleuchtungsanlagen
12638	Belichtung
12639	Beliebteste
12640	Bello
12641	Belästigung
12642	Belüftungsöffnungen
12643	Bemerkungfeld
12644	Bemessungssatz
12645	Bemessungssatzes
12646	Bemessungszeitraum
12648	Bemühens
12649	Bemühungen
12650	Benachteiligung
12651	Benachteiligungen
12653	Benannten
12654	Benediktinerabtei
12656	Beniek
12657	Benno
12658	Benrather
12659	Bentele
12660	Bento
12661	Benutzerfreundlichkeit
12662	Benutzerfunktionen
12663	Benutzerkennung
12664	Benutzerkonten
12665	Benutzerkonto
12666	Benutzern
12667	Benutzernamen
12668	Benutzeroberfläche
12669	Benutzeroberflächen
12670	Benutzers
12671	Benutzerverwaltung
12672	Benutzungsmodalitäten
12673	Benutzungsszenarien
12674	Benz
12676	Benötigst
12679	Beobachtungs-
12680	Beobachtungsbeginn
12681	Beobachtungsgabe
12682	Bepflanzung
12683	Beraterin
12684	Beratungsdiagramme
12685	Beratungsempfehlungen
12686	Beratungsfälle
12687	Beratungsleistungen
12688	Beratungsnetzwerks
12689	Beratungsorgan
12690	Beratungspflichten
12691	Beratungsprotokolle
12692	Beratungsstellen
12693	Beratungsstrukturen
12694	Beratungstermine
12695	Beratunsangeobte
12696	Bercea
12697	Berchnungen
12699	Berechnungen
12700	Berechnungsbeispielen
12701	Berechnungsgrundlage
12702	Berechnungsweise
12705	Berechtigungen
12706	Bereicherungen
12707	Bereichs
12708	Bereinigung
12709	Bereitschaftsdienst
12710	Bereitschaftsdienstzeiten
12711	Bereitschaftszeiten
12712	Bereitstellungstermin
12713	Bergakademie
12715	Bergbaufolgelandschaft
12716	Bergbauunternehmen
12717	Bergdörfer
12718	Berge
12719	Bergen
12720	Bergfunken
12721	Bergischen
12722	Bergmann
12723	Bergmärsche
12724	Bergstädte
12726	Berichtes
12728	Berichtigte
12729	Berichtskreis
12730	Berichtspflicht
12731	BerlHG
12733	Berlin-Biesdorf
12734	Berlin-Halensee
12735	Berlin-Moabit
12736	Berlin-Ost
12741	Bernadette
12742	Bernard
12747	Bernd-Ulrich
12748	Bernhard
12750	Bernstein
12751	Bertha
12753	Berthold
12755	Beruf-
12756	Berufes
12758	Berufs-Fachschule
12759	Berufsabschlüsse
12760	Berufsakademie
12762	Berufsanfängerinnen
12763	Berufsausbildungsvorbereitung
12764	Berufsaussichten
12766	Berufsbegleitende
12767	Berufsberater
12768	Berufsbilder
12769	Berufsbildern
12770	Berufsbildes
12771	Berufsbildungskompetenzen
12772	Berufsbildungswerk
12773	Berufsbildungszentrum
12774	Berufseingliederung
12775	Berufseinsteiger
12776	Berufserfahrene
12777	Berufsfachschule
12778	Berufsfachschulen
12779	Berufsfelder
12780	Berufsfelderkundung
12781	Berufsfindung
12782	Berufsgruppen
12783	Berufsgruppenvertretung
12784	Berufsjahren
12785	Berufskolleg
12786	Berufskollegs
12787	Berufskontakttag
12788	Berufskoordinator
12789	Berufskraftfahrerqualifizierung
12790	Berufslebens
12791	Berufsmöglichkeiten
12792	Berufsordnung
12794	Berufsorientierungsspiele
12795	Berufspraktika
12796	Berufspraktikums
12797	Berufsqualifikation
12798	Berufsrichter
12799	Berufsrichterinnen
12800	Berufsschüler
12801	Berufstätigkeit
12802	Berufsverband
12804	Berufswahlentscheidungen
12805	Berufsweg
12806	Berufswelt
12807	Berufszertifikat
12808	Berufung
12809	Berufungsurkunde
12812	Berühmtheiten
12813	Besatzung
12814	Beschaffenheit
12815	Beschaffungsfall
12816	Bescheide
12817	Beschichtungsvorgang
12818	Beschlussfassung
12819	Beschlussfähigkeit
12820	Beschneidung
12822	Beschränkungen
12823	Beschuldigten
12824	Beschwerde
12825	Beschwerdedaten
12826	Beschädigung
12827	Beschäftigungsmöglichkeit
12828	Beschäftigungspflicht
12829	Beschäftigungsverhältnisse
12830	Beschäftigungsverhältnisses
12831	Beschönigung
12832	Beseitigen
12833	Beseitigung
12834	Besetzung
12837	Besitzer
12838	Besitzerin
12839	Besoldungsgesetz
12840	Besoldungsgruppen
12845	Besorgnis
12847	Besorgniserregend
12849	Besprechungsraum
12852	Best-Practice-Beispiel
12853	Best-Practice-Bespiele
12854	Bestandsaufnahme
12855	Bestandskunden
12856	Bestandteilen
12857	Bestattungen
12858	Bestattungs-Vorsorge
12859	Bestattungskultur
12860	Bestattungsrecht
12861	Besteckset
12864	Bestell-
12866	Bestellprozess
12867	Bestenliste
12869	Bester
12870	Bestes
12871	Besteuerungszeitraum
12873	Bestimmung
12874	Bestimmungsbüchern
12875	Bestleistungen
12876	Bestnote
12877	Bestrebens
12878	Bestrebungen
12879	Bestände
12880	Bestätigungen
12881	Bestäubung
12883	BesucherInnen
12884	Besucherbegrenzungen
12885	Besucherdienstes
12887	Besuchers
12888	Besucherstatistik
12889	Besuches
12890	Beta
12891	Betamo
12893	Beteiligte
12894	Beteiligungen
12895	Beteiligungsformate
12896	Beteiligungsmöglichkeiten
12897	Beteiligungsprozess
12898	Beteiligungsworkshops
12899	Bethaus
12900	Bethelmissionare
12901	Bethlehem
12902	Beton
12903	Betonsäulen
12904	Betonunterzügen
12905	Betrachter
12906	Betrags
12907	Betreff
12908	Betreuern
12909	Betreuten
12910	Betreutes
12911	Betreuungs-
12912	Betreuungsangebote
12913	Betreuungseinrichtung
12914	Betreuungsgericht
12915	Betreuungsinitiative
12916	Betreuungskraft
12917	Betreuungskräfte
12918	Betreuungsplätze
12919	Betreuungsverhältnis
12922	Betriebs
12923	Betriebsanleitung
12924	Betriebsart
12925	Betriebsausgabe
12926	Betriebsbereiche
12927	Betriebsbereitschaft
12928	Betriebsführung
12929	Betriebsinhaber
12930	Betriebsplänen
12931	Betriebsstätten
12932	Betriebssysteme
12933	Betriebssystemen
12934	Betriebssystems
12935	Betriebsteile
12936	Betriebsverfassungs-
12938	Betroffenenrechte
12939	Betroffenheit
12940	Betrugsmanöver
12941	Betrügerbanden
12942	Bettdecke
12943	Bettdecken
12944	Better
12945	Bettermarks
12948	Bettrahmen
12949	Betzenberg
12950	Betzenhausen
12951	Betäubung
12952	Beurkundung
12953	Beurlaubung
12954	Beurteilungspegel
12955	Beurteilungszeitraum
12956	Beutetier
12957	Beutetierdichte
12958	Beutetieres
12959	Beuys
12960	Bevölkerungsgruppe
12961	Bevölkerungsschutzes
12962	Bevölkerungsstandes
12964	Bewahrung
12965	Bewegen
12966	Bewegungsablauf
12967	Bewegungsabläufe
12968	Bewegungsabläufen
12969	Bewegungsbad
12970	Bewegungsdaten
12971	Bewegungskonzept
12972	Bewegungsmangel
12973	Bewegungsmuffel
12974	Bewegungsmöglichkeiten
12975	Bewegungsprofil
12976	Bewegungssoll
12977	Bewegungsstunden
12978	Beweisdaten
12979	Beweismittel
12982	Bewerberinnen
12983	Bewerberlage
12984	Bewerbungscoachings
12985	Bewerbungsformular
12986	Bewerbungsfoto
12987	Bewerbungsfoto-Shootings
12988	Bewerbungsmappenchecks
12989	Bewerbungsprozesses
12990	Bewerbungsunterlagen
12991	Bewerbungsverfahren
12994	Bewertungshinweisen
12995	Bewertungskriterien
12996	Bewertungsmaßstab
12997	Bewirb
12998	Bewirtschafter
12999	Bewirtschaftung
13000	Bewirtung
13001	Bewital
13002	Bewusstseinsbildung
13003	Bewährungsprobe
13004	Bewässerungsanlage
13005	BezF
13006	Bezahlsystem
13008	Bezieher
13009	Beziehungsgestaltung
13012	Bezirken
13013	Bezirkes
13014	Bezirksamt
13015	Bezirksfinale
13016	Bezirksförsterei
13019	Bezirksschornsteinfeger
13020	Bezirkssportarzt
13021	Bezirksverband
13022	Bezirksversammlungen
13023	Bezugsberechtigten
13024	Bezugsperson
13025	Bezugspersonen
13026	Bezugssysteme
13027	Bezüge
13028	Bezügestelle
13029	BfArM
13030	BfN-Website
13031	Bibeln
13032	Bibliotheksergänzung
13033	Bibliotheksgut
13034	Bibliotheksleiterin
13035	Bibliotheksmitarbeiter
13036	Bibliothekspersonal
13037	Bibliotheksräume
13038	Bielefelder
13039	Bielefelds
13041	Bienenwachstuch
13042	Bierbrauer
13043	Bierfilzl
13044	Biergarten
13045	Biermann
13046	Biertische
13047	Bieter
13048	Bieternummer
13049	Bietigheimer
13051	Big
13053	BigBlueButton
13054	Bigband
13055	Bilanzbuchhalter
13056	Bilanzbuchhalterlehrgang
13057	Bilanzgewinn
13058	Bilanzgrade
13059	Bild-
13060	Bildaufnahmegeräte
13061	Bilddatenbanken
13062	Bilder-Datenbank
13063	Bilder-Komponente
13065	Bildergalerie
13066	Bilderträger
13067	Bildflugnachweis
13068	Bildflüge
13069	Bildhauer
13071	Bildhauers
13072	Bildinhalte
13073	Bildkatalogen
13074	Bildlisten
13075	Bildmarke
13076	Bildquellen
13077	Bildrechte
13078	Bildreportageberichteten
13079	Bildschirmakitvitäten
13080	Bildschirmansicht
13081	Bildschirme
13082	Bildschirmfoto
13083	Bildschirmgröße
13084	Bildungs
13085	Bildungsabschluss-
13086	Bildungsadministration
13087	Bildungsanforderungen
13088	Bildungsangebot
13089	Bildungsangebots
13090	Bildungsarbeit
13091	Bildungsaufwand
13092	Bildungsbeteiligung
13093	Bildungsbiographie
13094	Bildungscampus
13095	Bildungschancen
13096	Bildungserfolg
13097	Bildungserfolgen
13098	Bildungsforums
13099	Bildungsgangverantwortlichen
13100	Bildungshaus
13101	Bildungsinfrastrukturen
13102	Bildungsinländer
13103	Bildungsinstituts
13104	Bildungskonzept
13105	Bildungslandschaften
13106	Bildungsmaßnahme
13107	Bildungsmonitoring
13108	Bildungsmöglichkeiten
13109	Bildungspakt
13110	Bildungsplan
13111	Bildungsprozesse
13112	Bildungssektor
13114	Bildungssystems
13115	Bildungsträger
13116	Bildungsverläufe
13117	Bildungsverständnisses
13118	Bildungsweg
13119	Bildungswerkstatt
13120	Bildungswissenschaft
13121	Bildungszentren
13122	Bindehaut-
13123	Bindungsfrist
13124	Bingo
13125	Bingo-Show
13126	Binnendifferenzierung
13127	Binnengewässer
13128	Binnenorganisation
13129	Binärcode
13131	Bio-
13132	Bio-Müllbeuteln
13133	Bio-Produkte
13134	Bioabfälle
13135	Biodiversitätsschutz
13136	Biografie
13137	Biologen
13138	Biologin
13141	Biologisierung
13142	Bionics
13143	Biontech-Impfstoff
13144	Bioresonanz
13145	Biosicherheit
13146	Biosphärenreservate
13147	Biotechnologien
13148	Biotonne
13149	Biotop-
13150	Biotope
13151	Biotopschutzmaßnahmen
13152	Biotopverbund-
13153	Biowissenschaften
13154	Birger
13156	Birmingham
13160	Bischoff
13162	Biskuitbasis
13163	Bismarck
13168	Bitkom
13169	Bits
13170	Bitterstoff
13171	Bitterstoffen
13172	Bitteschön
13173	Bizarre
13176	Blach
13177	Blackbox
13178	Blackjack
13179	Blackrock-Chef
13180	Blame
13181	Blasenschwäche
13182	Blaue
13183	Blauen
13184	Blaukrabben-Alarm
13185	Blaulicht
13186	Blauzungenkrankheit-RestriktionszoneSeite
13187	Bleib
13190	Bleileitungen
13192	Bleistifte
13193	Blended
13194	Blessing
13195	Blickbeziehungen
13196	Blickrichtung
13197	Blickwinkeln
13198	Blinden-
13200	Blindentechniken
13201	Blinder
13202	Blitz
13203	Blitz-
13204	Blitze
13205	Block
13206	Blockaden
13207	Blockpraktikum
13208	Blockveranstaltungen
13209	Blog-Anfänger
13211	Bloglovin
13212	Blom
13213	Bloodhype
13214	Blue
13216	Blues
13217	Bluesliebhaber
13219	Bluetooth-Transmitter
13220	Bluetooth-Verbindung
13221	Blumenfarm
13222	Blumenschein
13223	Blunt
13224	Blutbahn
13225	Blutbild
13226	Blutdruckmessung
13227	Blutfett-
13228	Blutgruppenunverträglichkeit
13229	Blutspende
13230	Blutspender
13231	Bluttest
13232	Blutung
13233	Blässe
13234	Blätter
13235	Blühende
13236	Blühwiese
13237	Blühwiesen
13238	Blütenpollen
13240	Bnei
13242	Boards
13243	Bob-Rekordweltmeister
13244	Bobath
13245	Bobath-Konzept
13246	Bobby
13247	Bochumer
13248	Bock
13249	Bocksaal
13250	Bodelschwingh-Schulen
13251	Bodenbearbeitung
13252	Bodenbedeckung
13253	Bodendenkmäler
13254	Bodenqualitäten
13255	Bodenregion
13256	Bodens
13257	Bodenschatzes
13258	Bodenseeraum
13259	Bodensees
13260	Bodenuntersuchungen
13261	Boderitzer
13262	Bodrozic
13263	Boer
13264	Bogen
13265	Bogenhaltung
13266	Bogenmachermeister
13267	Bogenschießen-Ferienaktion
13268	Bohlweg
13269	Bohr
13270	Bohrtechnik
13271	Boldt
13272	Bolide
13273	Boll
13274	Bollhagen
13275	Bologna-Kriterien
13276	Bonames
13277	Bonellfedern
13278	BoniCheck
13279	Bonität
13280	Bonitätsauskünfte
13281	Bonn-Rhein-Sieg
13283	Bonus
13284	Bonusbedingungen
13285	Bonuspaket
13286	Booster-Impfungen
13287	BootSeit
13288	Boote
13289	Bootsbesatzung
13290	Boris
13291	Borken-Hoxfeld
13292	Borkenkäferbekämpfung
13293	Bornhöved
13294	Botanischen
13295	Bots
13296	Botschafterin
13297	Botsuana
13298	Bottrop
13299	Boulderwände
13300	Boutiquen
13301	Bowls
13302	Boxspring
13303	Boxspringbett
13304	Boxspringbetten
13305	Boxspringbettes
13307	Brachen
13308	Brackenheim
13309	Bradesco
13310	Braille-Nutzer
13311	Braillezeile
13312	Braindrain
13313	Brak
13314	Brake
13315	Branchen-Insiderin
13316	Branchenbuch
13317	Branchenexperten
13318	Branchengrenzen
13319	Branchenkenntnisse
13320	Branchenniveau
13321	Branchenreport
13322	Brand
13323	Brandblasen
13325	Brandes
13326	Brandschutz
13327	Brandschutzordnung
13328	Brasil
13329	Brasilien
13330	Brasserie
13331	Bratschistin
13333	Brauhaus
13334	Braun
13335	Braunau
13336	Braunkohlenlagerstätte
13337	Braunschweig-Broitzem
13338	Braunschweig-Lüneburg-Stade
13339	Brautpaare
13340	Breakdance-Workshops
13341	Brechtbühne
13343	Bregenz
13344	Bregenzer
13346	Breisgauer
13347	Breitbandausbau
13348	Breitbandprojekte
13349	Breiten-
13350	Breitensportler
13351	Breitensportverein
13353	Bremer
13354	Bremerhaven
13355	Bremervörde
13356	Bremische
13357	Bremsbereitschaft
13359	Brend
13360	Brennerstraße
13361	Brennofen
13362	Brennpunkt
13363	Brennstoffzellen
13364	Brennstoffzellentechnologie
13365	Breslau
13366	Brettspiele
13367	Brezel
13368	Bricht
13369	Bridge
13371	Briefings
13372	Briefschaften
13373	Briefschreiber
13374	Briefwahl
13375	Brigitte-Sauzay
13378	Brix
13379	Brixen
13380	Broadnet
13381	Brokat
13382	Bronchialschleimhaut
13384	Bronze-Spiel
13385	Brose-Fahrradcomputer
13388	Brotprüfung
13389	Browser-Cookie
13390	Browser-Fingerprint
13391	Browser-Programmierung
13392	Browser-Spiel
13393	Browser-Version
13394	Browserhersteller
13395	Browsern
13396	Browserzeile
13397	Bruckner-Sinfonie
13399	Bruders
13400	Brummbärtüte
13401	Brunftschrei
13402	Bruno
13403	Brustwarze
13404	Brutales
13405	Brutplätze
13406	Bruttogeschossfläche
13407	Brutvarianten
13408	Bräuche
13409	Bräunung
13411	Brötchenaufsatz
13413	Brückenbauwerken
13414	Brüder-Unität
13415	Brüdergemeine
13416	Brüsseler
13418	Bualawan
13419	Buchautor
13420	Buchbesitz
13421	Buchbesprechungen
13422	Buche
13423	Buchenwald
13424	Buchgutscheine
13425	Buchhandlung
13426	Buchholzweg
13427	Buchkindergärten
13428	Buchläden
13429	Buchprüfers
13430	Buchs
13432	Buchstabenheftseite
13433	Bucht
13434	Buchtipps
13435	Buchungstypen
13436	Buchungsverhalten
13437	Buchwissenschaft
13438	Buddhismus
13439	Buddhisten
13441	Budgets
13443	Bugatti
13444	Build
13445	Bulgarien
13446	Bummel
13447	Bund-Länder-Vereinbarung
13448	Bund-Länder-Vereinbarungen
13449	Bundes-
13450	Bundes-Bodenschutz-
13452	Bundes-Land
13453	Bundes-Ländern
13454	Bundes-Modellprojekt
13455	Bundesallee
13458	Bundesamts
13459	Bundesarbeitsgemeinschaft
13460	Bundesautobahnen
13461	Bundesfamilienministerium
13462	Bundesfinale
13463	Bundesfreiwilligen
13464	Bundesförderung
13465	Bundesgesetze
13466	Bundesgleichstellungsministerium
13467	Bundeshaushaltes
13468	Bundeshaushaltsordnung
13469	Bundesinnenminister
13470	Bundesinnenministerium
13471	Bundesinstitut
13473	Bundesinstituts
13475	Bundeskongresses
13476	Bundeskriminalamt
13477	Bundeskriminalamtgesetz
13478	Bundesliga
13479	Bundesligen
13480	Bundesmeldegesetz
13481	Bundesministerin
13489	Bundesnaturschutzgesetz
13490	Bundesnetzagentur
13491	Bundespolizei
13492	Bundesrats
13493	Bundesrechtsanwaltskammer
13494	Bundesrechtsanwaltsordnung
13495	Bundessieg
13496	Bundessieger
13497	Bundessprecherwahl
13499	Bundestags-Kandidat
13501	Bundestagswahlen
13502	Bundestrassen
13503	Bundestrend
13504	Bundesumweltministerium
13506	Bundesverbandes
13507	Bundesvereinigung
13508	Bundesverfassungsgericht
13509	Bundesvertreterversammlung
13510	Bundesverwaltungsamt
13511	Bundeswehruniversität
13512	Bundeszentrale
13514	Bundszus-Cesere
13515	Bungenstraße
13516	Bunin
13518	Burbach
13519	Burgstädt
13520	Burgstädter
13521	Burkhard
13523	Burlakov
13524	Burschen
13525	Busbahnhof
13528	Business-
13529	Business-Hosen
13530	Business-Libanesisch
13531	Business-Pläne
13532	Businessetikette
13533	Businessplan
13534	Butasan
13536	Buttercreme
13537	Button
13538	Bußgeld
13539	Bußgeldern
13541	Bydgoszcz
13543	Bäckerinnung
13544	Bäder
13545	Bäderbetriebe
13546	Bälle
13547	Bärenfels
13548	Bärentatze
13549	Bärentatzen
13550	Bäumchen
13551	Böcher
13552	Böhm
13553	Börsenhandels
13554	Börsenpläne
13556	Büchenbeuren
13557	Bücherbusparkplatz
13558	Büffel
13559	Bügeln
13560	Bügelzimmer
13562	Bühnen
13563	Bühnenlandschaft
13564	Bühnenprogramm
13565	Bühnenrequisiten
13566	Bündel
13568	Bündnisse
13569	Bündnisses
13570	Büren
13571	Bürger-
13572	BürgerInneninitiativen
13573	Bürgerbus
13574	Bürgerbüro
13575	Bürgerbüros
13576	Bürgerdialog
13577	Bürgerforum
13578	Bürgerhaus
13579	Bürgerinitiative
13580	Bürgerkonzeption
13581	Bürgerliche
13582	Bürgerlichkeit
13583	Bürgermeisters
13584	Bürgerrat
13585	Bürgerräten
13586	Bürgersteig
13587	Bürgerstiftung
13588	Bürgertreff
13589	Bürgerunion
13590	Bürgerwerkstatt
13591	Bürgerämtern
13592	Bürgschaftsbanken
13593	Büroalltag
13594	Büroarbeitsplätzen
13595	Bürosachbearbeitung
13596	Bürostuhl
13597	Büschen
13598	Büste
13599	Büttenwarder
13602	CAS
13604	CBD
13605	CBRE-Group
13606	CC-Lizenz
13608	CDC
13610	CEO
13611	CEPIS
13612	CHICKPEACE
13613	CI-Job
13614	CICS
13615	CITES-gelistet
13616	CKD-Vorstand
13617	CMP
13618	CO-Äqivalenten
13624	CONTRA
13625	COVID
13632	CSS-Farb-Properties
13633	CSU-Vorsitzende
13634	Caching-Zwecken
13635	Caerostris
13637	Cakes
13638	Call
13639	Call-to-Action
13640	Callanta
13641	Calmus
13643	Calw
13644	Camping-Urlaub
13645	Campkinder
13646	Campsuerholung
13648	CampusCard
13649	Campusführung
13650	Canache
13651	Cannstatter
13653	Cantori
13654	Captcha
13655	Captchas
13657	Card
13658	Career-Terminen
13660	Caritasverband
13662	Carlo
13664	Carlos
13666	Carolina
13668	Cars
13669	Carsharing
13671	Carusder
13672	Casa
13674	Casabra
13675	Cascading
13677	Cascaro
13678	Case
13679	Cash
13682	Caspar
13683	Casper-Theyß-Straße
13684	Caster
13685	Cats
13686	Cave
13687	Celle
13688	Cellist
13689	Cello
13690	Cent-Spende
13691	Centrum
13692	ChA
13693	Challenges
13694	Challengetests
13695	Champions
13696	Champions-League-Saison
13697	Chancengerechtigkeit
13698	Chanel
13700	Change-Managements
13701	Chaos
13702	Charakter
13703	Charaktereigenschaften
13704	Charakterisierung
13705	Charakteristika
13706	Charakteristisch
13707	Charakters
13708	Charis
13709	Charlottenburg
13710	Charlottenburg-Wilmersdorf
13711	Charmes
13712	Charolais
13713	Charta
13715	Charts
13716	Chatbot
13717	Chats
13718	Chatsymbol
13719	Check-in
13720	Checkpoints
13721	Checks
13723	Chefdirigent
13724	Chefs
13725	Chemielabor
13726	Chemielaboranten
13727	Chemieunterrichts
13728	Chemiker
13729	Cheruto
13730	Chia
13731	Chiefs
13732	Children
13733	Chinesisch
13734	Chinesische
13736	Chip
13737	Chippendales
13739	Chocolate
13740	Cholesterinwerte
13741	Chor-
13742	Choreografien
13743	Chorgesang
13744	Chorgruppe
13745	Chorprobe
13746	Chortreffen
13747	Chorverbänden
13748	Chorwettbewerb
13749	Chouin
13762	Christian-Albrechts-Universität
13764	Christiane
13767	Christinnen
13768	Christoff
13769	Christoph
13771	Christus
13772	Christusimpuls
13773	Christuskopfdarstellung
13774	Chrome
13775	Chrome-Version
13777	Circle
13778	Citibank
13779	Citizen
13781	Citizen-Science-Projekte
13783	City-Cards
13784	Claim
13785	Clan
13786	Clara
13788	Classic
13789	Classic-Variante
13790	Classroom
13791	Claudel
13795	Clausus
13797	Click
13798	Clients
13799	Clinical
13800	Clooney
13801	Cloppenburg
13802	Cloud-Dienste
13803	Cloud-Server
13804	Clownfische
13805	Club
13806	Clubangebot
13807	Cluster
13808	Cluster-Wohnen
13809	Clustermanagement
13810	Clustermanagement-Organisationen
13811	Clustern
13812	Clusterpolitik
13814	Co-Working
13815	CoBeVO
13817	Coachings
13818	Coachingsysteme
13819	Coccia
13820	Coco
13822	Code-Analyse
13823	Coesfeld
13824	Coesfelder
13825	Coffee
13826	Colin
13827	Colloquium
13830	Comeback
13831	Comedians
13832	Comedy-Landschaft
13833	Comic
13834	Comic-Style
13835	Comicserie
13836	Commercial
13837	Commerzbank
13838	CommerzbankGeben
13840	Computer-Nerd
13841	Computer-Redaktionssysteme
13842	Computernutzer
13843	Computerpools
13844	Computerräumen
13845	Computers
13846	Computerstimme
13847	Computing
13850	Connect
13851	Consent-Management-Tool
13852	Consortium
13853	Constantin
13854	Consulting
13855	Container
13856	Containers
13857	Contao
13858	Content
13859	Context
13861	Contracting
13862	Control
13863	Controller
13864	Conversions
13865	Cookie-Einstellungen
13866	Cookie-ID
13867	Cookie-Name
13868	Cookie-Nutzung
13869	Coolness
13870	Corinna
13871	Cornelius
13873	Cornelsen
13875	Corona-Erkrankung
13876	Corona-Fälle
13877	Corona-Hilfen
13878	Corona-Impfung
13879	Corona-Impfungen
13880	Corona-Jahr
13881	Corona-Lage
13882	Corona-Lockdown
13883	Corona-Neuinfektionen
13884	Corona-Patienten
13885	Corona-Pause
13886	Corona-Regeln
13887	Corona-Schutzmaßnahmen
13888	Corona-Shutdown
13889	Corona-Sonderregelungen
13890	Corona-Steuerhilfegesetz
13891	Corona-Tests
13892	Corona-Unterstützung
13893	Corona-Verordnungen
13894	Corona-bedingt
13895	Coronakrise
13896	Coronaproteste
13897	Coronaregeln
13898	Coronaschulden
13899	Coronaschutzverordnung
13900	Coronavirus-Impfverordnung
13901	Coronavirus-Pandemie
13903	Cortisol
13904	Cosmetic
13905	Cotswolds
13906	Cottbus
13907	Couch-Potato
13908	Council
13909	Counseling
13910	Country
13911	Coup
13912	Courses
13913	Cover
13914	Coverage
13917	Covid-Infektionen
13918	Covid-Zeh
13919	Cowboy-Klischees
13920	Crailsheim
13921	Cranach
13922	Crashstrukturen
13923	Creative
13925	Creatorn
13927	Croissant
13928	Croissants
13929	Cross-Mentoring
13930	Crowdfunding
13931	Crowdfunding-
13932	Crowdinvesting
13933	Crowdlending
13934	Culture
13935	Curriculum
13936	Curriculums
13937	Curt-von-Knobelsdorff-Haus
13938	Cyan
13939	Cyber
13940	Cyber-Physical
13941	Cyber-Sicherheitsrat
13942	CyberMentor
13943	Cybercrime
13944	Cybergrooming
13945	Cybermobbing
13946	Cybersecurity
13947	Cybersquatter
13948	Cynarin
13949	Cölln
13950	D-Jugend
13953	DAAD
13954	DAB
13955	DATEV-Anbindung
13959	DBIS
13960	DBS
13961	DBT
13962	DDR-Sportszene
13963	DDV
13964	DDoS-Angriffen
13965	DEAL-Vertrag
13966	DEB
13967	DECHEMAX-Wettbewerb
13968	DECT-Systemen
13970	DEGS-Studie
13971	DEHOGA-Berater
13972	DEL-Start
13974	DEVK-Chef
13975	DEÜV
13976	DFB
13977	DFB-Frauen
13978	DFB-Pokals
13979	DFB-Schiedsrichter
13980	DGB-Vize
13981	DHA
13986	DHEA
13987	DHL
13989	DIMR
13993	DIVI-Intensivregisters
13994	DIW
13995	DIZ
13996	DJH-Gruppenkarten
13997	DJP
13998	DKG
13999	DLA
14001	DLGI
14002	DLR
14004	DLR-Standort
14005	DLRG-Ortsverband
14006	DMARC-Eintrag
14007	DMP-Portal
14008	DMP-Tag
14009	DNB
14011	DQS
14012	DRK-Blutspendedienstes
14013	DRK-Styleguide
14014	DRV
14015	DRV-Beiträge
14016	DRZ
14017	DSD
14018	DSGVO-konform
14019	DSH
14020	DSL
14021	DSV
14022	DSW
14023	DStGB-Hauptgeschäftsführer
14024	DVA
14026	DVV
14027	DWO
14028	DZHW-Brief
14029	Dachdeckerbetriebe
14030	Dacheindeckung
14031	Dachflächen
14032	Dachspitz
14033	Dachterrassen
14034	Dachverband
14035	Dacia
14038	Dagmar
14040	Dahinscheiden
14041	Daimlers
14042	Dalhaus
14043	Damaskus
14046	Daniel
14047	Dankesworte
14048	Danyal
14050	Danzlmusi
14051	Darlehens
14052	Darlehenszinsen
14053	Darlehn
14054	Darmkrebs
14055	Darms
14056	Darmstadt
14058	Darsteller
14059	Darstellerinnen
14060	Dart
14062	Darwinism
14063	Darwins
14091	Dassel
14092	Data-Prinzipien
14093	Data-Science-Teams
14094	DataWarehouse-
14095	Dateigröße
14096	Dateimanager
14097	Dateinamen
14098	Dateityp
14099	Dateiübertra-gungsverfahren
14100	Daten-Download
14101	Datenbank-Informationssystem
14102	Datenbankskripte
14103	Datenbanksysteme
14104	Datenbasis
14105	Datenbestände
14106	Datenbits
14107	Datenbrille
14108	Datendienstleistern
14109	Datenelement
14110	Datengrundlage
14111	Datenhaltung
14112	Datenintegration
14113	Datenlöschung
14114	Datenmanagement
14115	Datennutzung
14116	Datenpannen
14117	Datenquellen
14118	Datensammlung
14119	Datensatz
14120	Datenschutz-Coaching-Mitgliedern
14121	Datenschutz-Compliance
14122	Datenschutzaufsicht
14123	Datenschutzbeauftragter
14124	Datenschutzbedingungen
14125	Datenschutzbehörden
14126	Datenschutzbestimmungen
14127	Datenschutzes
14128	Datenschutzhinweise
14129	Datenschutzniveau
14130	Datenschutzrechts
14131	Datenschutzverordnung
14132	Datenstand
14133	Datenströme
14134	Datenträger
14135	Datenverarbeitungssysteme
14136	Datenverträge
14137	Datenzugriff
14138	Datingportal
14139	Dauerausstellung
14140	Dauerausstellungen
14141	Dauergrünland
14142	Dauerkulturen
14143	Dauerkunden
14144	Dauerpflege
14146	Daumier
14147	Daun
14148	Daunendecken
14149	Day
14151	De-Mail
14152	Dealings-Meldungen
14153	Dear
14155	Debatten
14156	Debattenkultur
14157	Debora
14158	Deborah
14160	Debüt
14161	Decken
14162	Deckung
14163	Decline-Bankdrücken
14164	Defensive
14165	Deformationsmessungen
14166	Deggs
14167	Dehydroepiandrosteron
14168	Deie-Backhaus
14170	Dekan
14171	Dekanat
14173	Dekarbonisierung
14174	Dekodierung
14175	Dekoration
14176	Dekore
14177	Dekorieren
14178	Dekostoff
14179	Delikte
14180	Delivery
14182	Delta
14183	Demenzerkrankung
14184	Demenzstrategie
14185	Demeter-Hof
14186	Democracy
14187	Demografiewerkstatt
14189	Demokratieaktie
14190	Demokratiebildung
14191	Demokratien
14192	Demokratiezentrum
14193	Demonstration
14194	Demonstrationen
14195	Demonstrationsmission
14196	Dengue-Viren
14197	Denis
14199	Denitrifikation
14200	Deniz
14201	Denkbar
14202	Denkens
14203	Denkhemmung
14205	Denkmale
14206	Denkmalliste
14207	Denkmalpflege
14208	Denkmalschutz
14209	Denkmodelle
14210	Denkmäler
14211	Denkvermögen
14212	Denkweisen
14213	Department
14214	Deponie
14215	Deponie-
14216	Depotpräparat
14217	Depotübertrag
14244	Derartige
14246	Derivate-
14247	Dermatologie
14248	Dermatologischer
14250	Desaster
14251	Design-Vorgaben
14252	Designer-Stühlen
14253	Designern
14254	Designing
14255	Designs
14256	Designstudium
14258	Desinformation
14259	Desktop-PC
14260	Desktop-Programmen
14261	Dessau-Roßlau
14263	Destatis
14264	Destillationen
14265	Detail
14266	Detective
14267	DetoxIn
14271	Deutsch-Französische
14272	Deutsch-Französisches
14288	Deutsches
14290	Deutschkenntnisse
14292	DeutschlandWo
14293	Deutschlandfinale
14296	Deutschlandfunk-Seite
14297	Deutschlandstipendien
14299	Deutschrap
14300	Deutungshoheit
14301	Deutz
14302	DevOps
14303	Devitt
14308	Dezernate
14309	Dezernentin
14310	Dhivehi
14311	DiOS
14312	Diabetesrisiko
14313	Diagnose-
14314	Diagnosebögen
14315	Diagnosezwecke
14316	Diagnostik-Übungen
14317	Diagramme
14318	Dial
14319	Dialogabend
14320	Dialoge
14321	Dialogen
14322	Dialogs
14323	Dialogverfahren
14324	DianaCancelt
14325	Dick-Walther
14326	Dicker
14327	Didaktik
14328	Didaktiken
14377	Diebel
14378	Diebstahl
14379	Diedrich
14380	Diedrichsen
14381	Diego
14382	Dienst-
14383	Dienstagabend
14384	Dienstagmorgen
14385	Dienstbehörde
14386	Diensteanbieter
14387	Dienstgebäude
14388	Dienstgeschäft
14389	Dienstherren
14390	Dienstherrenwechsel
14391	Dienstherrn
14392	Dienstkleidungsträgerinnen
14393	Dienstleistungssektor
14394	Dienstleistungswirtschaft
14395	Dienstplänen
14396	Dienstposten
14397	Dienstreise
14398	Dienstreisen
14399	Dienststelle
14400	Dienstunfälle
14401	Dienstzeiten
14405	Dietmar
14407	Dietz
14408	Dießen-Andechser
14409	Differenz
14410	DigiZuSe
14415	Digital-Angebots
14416	Digital-Dienstleister
14418	Digitalfunk
14419	Digitalfunknetzes
14420	Digitalisierungsmaßnahmen
14421	Digitalisierungsminister
14422	Digitalisierungspartner
14423	Digitalisierungspotentiale
14424	Digitalisierungsprozessen
14425	Digitalisierungsscouts
14426	Digitalisierungsstrategie
14427	Digitalradioempfang
14428	Digitaltag
14429	Digitalwelt
14430	Dijkstra
14431	Dikeli
14432	Dilemma
14433	Dilemmata
14434	Dillingen
14435	Dimension
14436	Dimensionen
14438	Direct
14439	Directors
14441	Direktflug
14442	Direktgeschäftes
14443	Direktkandidat
14444	Direktorium
14445	Direktoriums
14446	Direktvertrieb
14447	Dirk
14449	Discord-Raum
14450	Discountern
14452	Diskurs
14453	Diskurse
14454	Diskussionsführung
14455	Diskussionsplattform
14457	Disney
14458	Disparitäten
14459	Disruption
14460	Dissertation
14461	Distanzunterrichts
14462	Disziplin
14463	Disziplinargericht
14464	Disziplinarklage
14465	Disziplinkollegen
14466	Dittke
14467	Ditzingen
14468	Diurese
14469	Diversifikation
14470	Diversifizierung
14472	Diätbedürftigen
14473	Diätetik
14474	Diözesancaritasdirektor
14477	Django
14479	Dlf
14482	Dobke
14483	Doc
14485	Doktorand
14486	Doku-Serie
14487	Dokumentationen
14488	Dokumentationsreihe
14489	Dokumenten
14490	Dolby
14492	Dolmetschen
14493	Dolmetschenden
14494	Dolmetschenden-Einsätze
14495	Dolmetscherbedarf
14497	Domaindaten
14498	Domaininhabers
14499	Domainvertrag
14500	Domcenter
14501	Dome
14502	Domes
14503	Dominierender
14504	Dominoeffekt
14505	Domplatz
14506	Domstadt
14507	Donald
14509	Donata
14510	Donaulimes
14511	Doping
14512	Doppel-Europameister
14513	Doppelerstattungen
14514	Doppelhaus
14515	Doppelklick
14516	Doppelsieg
14517	Doppelspitze
14518	Doppelstockzügen
14519	Doppelstundenblocks
14520	Doppelte
14521	Dorfbevölkerung
14522	Dorfes
14523	Dorfidylle
14524	Dorfkapelle
14525	Dorfkerne
14526	Doro
14527	Dosen
14528	Dosensuppe
14529	Dosierung
14530	Dosis
14531	Dosissteigerung
14532	Dossier
14533	Dots
14534	Double
14535	Dow
14537	Down-Syndrom
14538	Dozent
14541	Drahtstückchen
14542	Drehbuchautor
14544	Drehstuhl
14546	Dreiecken
14547	Dreier
14548	Dreifachblatt-Ansicht
14549	Dreifaltigkeitsgemeinde
14550	Dreiländereck
14551	Dreisatzes
14552	Dreo-Rodosek
14557	Dressur-Reiten
14558	Drewes
14559	Dreydorff
14560	Dribbeln
14561	Dringlichen
14562	Drink
14563	Drittanbietern
14564	Dritteln
14565	Drittligisten
14566	Drittmittelfinanzierung
14567	Drittplattform
14568	Drittstaaten
14569	Drittwerbeinhalten
14570	Drive-in
14571	Drogencocktails
14572	Drogenhündin
14573	Drogenlabor
14574	Drohneneinsätzen
14575	Dross
14576	Druck-Belastungen
14577	DruckLV
14578	Druckansicht
14579	Druckauflösung
14580	Druckeinstellungen
14581	Druckentlastung
14583	Druckerei
14584	Druckereien
14585	Druckergebnisses
14586	Druckern
14587	Druckexemplare
14588	Drucklegung
14589	Druckluft
14590	Druckluftverordnung
14591	Druckmanagement
14592	Druckphase
14593	Druckpunkte
14594	Drucksachen
14595	Druckstellen
14596	Drucktypen
14597	Druckversion
14598	Druckvolumen
14599	Druckvorgangs
14600	Druckwelle
14601	Drum
14603	Drüse
14604	Dschungel
14605	Dual
14607	Dublin
14608	Due-Diligence-Prozessen
14609	Duftstationen
14610	Duftsteine
14611	Duldet
14612	Dunkelziffer
14613	Dunlopillo
14614	Dunvik
14615	Duo
14616	Durchbruch
14618	Durchfälle
14619	Durchführungsbestimmungen
14620	Durchgang
14621	Durchgangsverkehr
14622	Durchgängigkeit
14623	Durchhaltewillen
14624	Durchlauf
14626	Durchschnitts-
14627	Durchschnittsberechnung
14628	Durchschnittshaushalt
14629	Durchschnittswert
14630	Durchsetzungsstelle
14631	Dynastie
14632	Dysphagie-Fortbildung
14633	Dysphagien
14634	Dämmstoffen
14635	Dänemark
14637	Dörfern
14638	Dörrautomaten
14639	Dörte
14641	Düben
14642	Düfte
14643	Dünnen
14644	Dünow
14646	Dürrheim
14647	DüsseldorfInfo
14648	Düsselpasses
14650	E-Antriebsbaukasten
14651	E-Antriebstechnik
14652	E-Assessment
14653	E-Business
14654	E-Fuels
14655	E-Government-Gesetzes
14656	E-Handwerk
14657	E-Learning
14658	E-Learning-Anbieter
14659	E-Mail-Adressen
14660	E-Mail-Anfragen
14661	E-Mail-Bestätigung
14662	E-Mail-Clients
14663	E-Mail-Konto
14664	E-Mail-Lösungen
14665	E-Mailadresse
14666	E-Mailkonto
14667	E-QUALITY
14668	E-Science-Strategie
14669	E-Sport
14670	E-Tretrollern
14671	E-Tutorials
14672	EA
14674	EAA
14675	EBD-Politik
14676	EBM-Leistung
14677	EC-Maestro
14678	ECAP
14679	ECON-EBook
14680	ECS
14681	ECTS
14682	ECTS-Kreditpunkte
14684	EDI
14685	EDS
14686	EDU
14687	EDV-Dienstleister
14688	EDV-Einrichtungen
14689	EDV-System
14690	EEG-Neuanlagen
14691	EEU
14692	EFRE
14693	EG-WRRL
14694	EGL
14696	EKBO
14697	EKD-Synode
14698	EKU
14699	ELSA
14700	ELW
14701	EM-Viertelfinalspiel
14702	EMAS
14703	EMEA
14704	EMFF
14705	EMR
14706	EMSR-
14708	EMails
14709	EPLR-Mittel
14710	ERA
14711	ESBD
14712	ESF-Bundes-OP
14713	ESF-Förderprogramm
14714	ESG
14715	ESZ
14716	ETFs
14717	ETH
14718	EU-
14719	EU-Bürgerinnen
14720	EU-Büro
14721	EU-Datenschutz-Grundverordnung
14722	EU-Emissionshandels
14723	EU-Forschungsförderprogrammen
14724	EU-Forschungsförderung
14725	EU-Forschungsinfrastruktur
14726	EU-Förderlandschaft
14727	EU-Fördermittelberatung
14728	EU-Haushalt
14729	EU-Hochschulbüros
14730	EU-Initiative
14731	EU-Kommissionspräsidentin
14732	EU-Labels
14733	EU-Ländern
14734	EU-Mediationsrichtlinie
14735	EU-Mitgliedstaaten
14736	EU-Ostseestrategie
14737	EU-Programm
14738	EU-Projekt
14739	EU-Staat
14740	EU-Staatsangehörige
14741	EU-Strukturfonds
14742	EU-Türkei-Deal
14743	EU-Umgebungslärmrichtlinie
14744	EU-Verträgen
14745	EU-Zeiten
14746	EUA
14749	EVG
14750	EVS
14751	EVVC
14752	EWR
14753	EWR-Staats
14754	EWSA
14755	Eachus
14756	Earl
14758	Eating
14759	Eating-Konzepte
14760	Echtzeit
14761	Eckart
14763	Eckball
14764	Eckpfeiler
14765	Eckpunkten
14766	Eckturm
14767	Edel-Club
14768	Edelstahlgrillmodellen
14769	Edelstein-
14770	Edenfeld
14771	Edenharder
14772	Edenhofer
14773	Eder
14774	Edition
14775	Editionen
14776	Edle
14779	Education
14780	Edudip
14781	Edukt
14782	Edward
14784	Effizienzhauses
14785	Eglau
14787	Ehe-
14789	Ehegatte
14790	Eheleute
14792	Ehemaliges
14793	Ehepaar
14794	Ehingen
14795	Ehrenamtes
14797	Ehrenamtsstärkungsgesetz
14798	Ehrenamtstag
14799	Ehrengästen
14800	Ehrenmitgliedschaft
14801	Ehrenmorde
14802	Ehrensache
14803	Ehrentreffer
14805	Eibenstock
14806	Eichenstraße
14807	Eichhörnchen
14808	Eier
14809	Eierstöcke
14810	Eifel
14811	Eigenkapital
14812	Eigenkapitalbasis
14813	Eigenleistung
14814	Eigenmittel
14815	Eigenregie
14818	Eigentumsverhältnisse
14819	Eigentumswohnung
14820	Eigentümergemeinschaft
14821	Eigentümerinnen
14822	Eigentümern
14823	Eigentümers
14824	Eigner
14825	Eignungsprüfungsverfahren
14826	Eilbek
14827	Eilsachen
14829	Einatmung
14831	Einbehalten
14832	Einblendung
14833	Einblicken
14834	Einbrecher-
14835	Einbringungsverpflichtungen
14836	Einbußen
14837	Einbürgerungsbehörde
14838	Eindrehen
14839	Eindrucks
14840	Einelternfamilien
14841	Einengung
14842	Einfachheit
14843	Einflusses
14844	Einfügen
14845	Einführungsjahr
14846	Eingabefelder
14847	Eingaben
14849	Eingangsstempel
14850	Eingebettete
14853	Eingliederungsmanagement
14854	Eingreifen
14855	Eingriffen
14856	Eingriffes
14857	Eingriffsregelung
14858	Eingruppierung
14859	Einheimische
14860	Einheimischen
14861	Einheitenreaktionen
14862	Einheitlichen
14863	Einheitlicher
14864	Einigungsvertrages
14866	Einkaufsgewohnheiten
14867	Einkaufsmärkte
14868	Einkaufsmöglichkeiten
14869	Einkaufstaschen-Symbol
14870	Einkaufsverhalten
14871	Einkaufswagen
14873	Einkommensgrenzen
14874	Einkommensnachweis
14875	Einkommensteuererklärung
14876	Einkommensverluste
14877	Einkommensverteilung
14878	Einkünfte
14880	Einladungen
14881	Einlass
14882	Einlass-
14883	Einlegen
14884	Einleitung
14885	Einlieferung
14887	Einmaligkeit
14888	Einnahme
14889	Einnahmedauer
14890	Einnahmezeiten
14891	Einparken
14892	Einpersonen-
14893	Einpersonenhaushalt
14894	Einrad
14895	Einrad-Cup
14896	Einradgemeinschaft
14897	Einreisende
14898	Einrichtungs-
14899	Einrichtungsleiterin
14900	Einrichtungsträger
14901	Einräumung
14902	Einsamkeit
14903	Einsatzbereiche
14904	Einsatzgebiete
14905	Einsatzleiter
14906	Einsatzlimits
14907	Einsatzspektrum
14908	Einsatzstellen
14909	Einsatztaktik
14910	Einsatzzweck
14911	Einsatzzwecke
14912	Einschiffung
14913	Einschreibeanträge
14914	Einschreibung
14915	Einschätzungen
14916	Einsetzungsantrag
14917	Einsetzungsworten
14918	Einsichten
14919	Einsinken
14920	Einsinktiefe
14921	Einsparungen
14922	Einsparziele
14923	Einspielung
14924	Einsteiger
14925	Einsteins
14926	Einstellungsbereich
14927	Einstellungsmenü
14928	Einstellungsvorgang
14929	Einstiegsangeboten
14930	Einstiegsmöglichkeiten
14931	Einstiegsqualifizierung
14934	Eintrages
14935	Eintragungen
14936	Eintragungsausschuss
14938	Eintrittsdatum
14939	Eintrittskarte
14940	Eintrittskarten
14941	Eintrittspreis
14942	Eintrittstickets
14943	Einträge
14944	Einwanderungszahlen
14945	Einweihung
14946	Einwendungen
14947	Einwilligungen
14948	Einwilligungs-Management-Tool
14949	Einwilligungserklärung
14951	Einwohnerregisters
14952	Einwände
14953	Einzel-
14954	Einzelbehandlungskabinen
14955	Einzelexemplare
14956	Einzelfallentscheidung
14957	Einzelgespräche
14958	Einzelhandelskonzepte
14959	Einzelhändler
14960	Einzelkarten
14961	Einzelkinder
14962	Einzelmaßnahme
14963	Einzelmaßnahmen
14964	Einzelnachweis
14967	Einzelpersonen
14968	Einzelphänomen
14969	Einzelteilnahmen
14970	Einzeltäter
14971	Einzelunterneh
14972	Einzelunterricht
14974	Einzigartigkeit
14976	Einzugsbereich
14977	Eisbärin
14978	Eisenbahn-
14979	Eisenbahnnetz
14980	Eisenbahnstraße
14981	Eisenerz
14982	Eismeer
14983	Eisskulpturen
14984	Eistee
14985	Eiswelten
14986	Eitelkeiten
14987	Eiweiß
14988	Eiweißdepots
14989	Eizellen
14990	Ekranoplan
14991	El
14992	El-Hassan
14993	Elastizität
14994	Elbe
14997	Elbsandsteingebirges
14998	Elbsee
15000	Elefanten
15001	Eleganz
15003	Elektroantrieb
15004	Elektrofahrzeugen
15005	Elektroingenieur
15006	Elektroinstallateur
15007	Elektroinstallation
15008	Elektroleitungen
15009	Elektronen
15010	Elektronik
15011	Elektroniker
15013	Elektroschrott-Müllhalde
15014	Elektrosportwagen
15015	Elements
15016	Elena
15018	Elfenbein
15019	Elfmeter
15020	Elfriede
15022	Elften
15023	Elias
15024	Eliot
15026	Elisabethmarkt
15027	Eliteschulen
15028	Elke
15030	Ellis
15031	Elmar
15032	Eloquenz
15033	Elsfleth
15034	Eltern-
15035	Eltern-Kind-Zimmer
15036	Elternabend
15037	Elternabendgibt
15038	Elternbriefe
15039	Elterngeld
15040	Elternhaus
15041	Elternhäusern
15042	Elternpaare
15043	Elternrat
15044	Elternrat-Protokolle
15045	Elternsprecher
15046	Elternteile
15047	Elterntelefon
15048	Elterntreff
15049	Elternvertreterinnen
15050	Elternvertretung
15052	Emerich
15054	Emina
15055	Emissionen
15056	Emissions-
15057	Emissionshandels
15058	Emmaus-Reisen
15059	Emmendinger
15060	Empathiefähigkeit
15061	Empfangende
15062	Empfangsbestätigung
15064	Empfindlichkeit
15065	Empfindlichkeiten
15066	Empfängern
15067	Empfängers
15069	Empowerment
15070	Emsdetten
15071	EnBW
15072	Encoder
15074	Endausbau
15076	Endergebnis
15077	Endfaden
15078	Endkreditnehmern
15079	Endlagersuche
15080	Endnote
15081	Endnutzer
15082	Endoprothesenzentrum
15083	Endoskop
15084	Endoskopie
15085	Energie-Ingenieurwesen
15087	Energiebedarfs
15088	Energiedefizit
15089	Energieerzeugung
15090	Energieexperten
15091	Energieforschung
15092	Energiemanagement
15093	Energiespar-Allrounder
15094	Energiespargründen
15095	Energiesparmeister-Wettbewerbs
15096	Energiesteckdosen
15097	Energieträger
15098	Energieverbrauchs
15100	Energydrinks
15103	Engagierten
15106	Engelhardt
15107	Engingeering
15108	Englands
15109	Englisch-Kenntnisse
15110	Enkopresis
15111	Enquete
15112	Entbindung
15113	Entbuschungen
15114	Entdeckertour
15117	Enteignen
15118	Enten
15119	Entenart
15121	Entertainer
15123	Entfaltung
15125	Entflechtung
15126	Entfremdung
15127	Entfremdungsgefühle
15128	Entgeltabrechnung
15129	Entgeltbestandteile
15130	Enthornung
15132	Enthüllungsplattform
15133	Entjudung
15134	Entlassungen
15135	Entlastung
15136	Entlastungsbetrag
15137	Entleiher
15138	Entnahmeturm
15139	Entrücktsein
15140	Entrümpelungsunternehmen
15141	Entscheider
15142	Entscheidungsgründen
15143	Entscheidungsprozesse
15144	Entscheidungsträgern
15145	Entschließung
15146	Entschluss
15147	Entschlüsselung
15149	Entsorgungsanlage
15150	Entspannungseffekt
15151	Entspannungspolitik
15153	Entstehungs-
15155	Entwicklerteam
15156	Entwicklungsaufgaben
15157	Entwicklungschancen
15158	Entwicklungskonzept
15159	Entwicklungsländer
15160	Entwicklungsländern
15161	Entwicklungsmöglichkeiten
15162	Entwicklungsperspektiven
15163	Entwicklungspläne
15164	Entwicklungstrends
15165	Entwicklungszentrum
15166	Entwicklungszusammenarbeit
15167	Entwicklungszyklus
15168	Entwürfe
15169	Entzug
15171	Entzündungen
15172	Enzberg
15173	Enzephalitis
15174	Enzkreis
15175	Enzo
15177	Epic
15179	Epidermis
15180	Epilepsiearbeit
15181	Epilepsiekranken
15182	Epileptischenanstalt
15183	Eppelheim
15184	Equality
15186	Erarbeitung
15187	Erasmus-Student
15188	Erasmusteilnehmer
15189	Erbach
15190	Erbeinsatz
15192	Erbguts
15193	Erbmonarchie
15194	Erbrechen
15195	Erbschaft-
15196	Erbschaften
15197	Erbschein
15198	Erbsen
15199	Erbvertrag
15200	Erd-Beben
15201	Erdatmosphäre
15202	Erdaushub
15203	Erdbeeren
15204	Erderwärmung
15205	Erdgas
15206	Erdgeschichte
15207	Erdkruste
15208	Erdmann
15209	Erdoberfläche
15210	Erdogan
15211	Erdrutsch
15212	Erdrutsche
15213	Erdwand
15214	Erektion
15215	Eremitage
15216	Erfahrungslernen
15217	Erfahrungsvorsprung
15218	Erfahrungswissen
15220	Erfassungsblatt
15221	Erfindungen
15222	Erfolgsduo
15223	Erfolgserlebnisse
15224	Erfolgsgeschichte
15225	Erfolgsmodelle
15226	Erfolgsrezepte
15229	Erforderlichkeit
15230	Erfordernissen
15231	Erfreulicherweise
15232	Erfurt
15233	Ergebnisliste
15234	Ergebnisqualität
15235	Ergonomie
15236	Ergonomist
15238	Ergotherapie
15239	Ergotherapie-Schule
15242	Erhaltungs-
15243	Erhaltungsziele
15244	Erhaltungszustand
15245	Erhebungs-
15246	Erhebungsbezirk
15247	Erhebungsstellen
15248	Erholungsurlaubes
15249	Erica
15251	Erich
15252	Erinnerungskultur
15253	Eritrea
15254	Erkenntnisaspekte
15255	Erkenntnistheorie
15256	Erklärfilm
15257	Erklärfilme
15258	Erklärungsvideo
15259	Erklärvideos
15260	Erkrankte
15261	Erkrankten
15262	Erkrankungsfälle
15263	Erkrankungsrisiko
15264	Erkrankungszahlen
15265	Erkrath
15267	Erkundung
15268	Erkundungsaufgaben
15269	Erkältung
15270	Erlebens-
15272	Erlebnisdorf
15273	Erlebnispunkte
15274	Erlebnisse
15275	Erlebnissen
15277	Erleichtertes
15278	Erleichterung
15279	Erlernte
15280	Erlhaide
15281	Erlösobergrenzen
15282	Ermittlerteams
15283	Ermittlungen
15284	Ermächtigung
15285	Ermäßigungen
15286	Ermüdung
15291	Ernte
15292	Erntedank
15294	Ernährungsinitiative
15295	Ernährungslehreportal
15296	Ernährungslehreunterrichts
15297	Ernährungsspezialist
15298	Ernährungsstils
15299	Ernährungswissenschaft
15300	Ernüchterung
15301	Erpel
15302	Erregernachweis
15303	Erregers
15304	Erreichbarkeit
15305	Erreiche
15307	Ersatz-Akku
15308	Ersatz-Pflegekraft
15309	Ersatzfahrplan
15310	Ersatzkassen
15311	Ersatzschriften
15312	Ersatzschulen
15313	Ersatzteile
15314	Ersatzweise
15316	Erscheinung
15317	Erscheinungen
15318	Erscheinungsbild
15319	Ersparnis
15320	Erspähen
15321	Erstattungen
15322	Erstattungsanspruchs
15323	Erstausbildung
15324	Erstbehandlung
15325	Erstberatung
15326	Erstberatungsstelle
15327	Erste-Hilfe-Einrichtungen
15328	Erste-Hilfe-Kurs
15329	Ersteller
15331	Ersterwerb
15332	Erstgespräch
15333	Ersthelfer
15334	Ersticken
15335	Erstimpfungen
15336	Erstitage
15337	Erstklässler
15338	Erstklässlern
15339	Erstmanifestation
15340	Erstunterzeichner
15341	Erstwechsler
15342	Ertragsleistung
15343	Erträge
15344	Eruierung
15345	Erwachseneneinrichtungen
15346	Erweiterter
15347	Erweiterungen
15348	Erwerbs
15349	Erwerbsleben
15350	Erwerbslose
15351	Erwerbstätigen
15352	Erwerbstätigkeit
15353	Erwähnung
15354	Erwärmung
15355	Erythrozyten
15356	Erzbischöfliche
15357	Erze
15358	Erzeuger
15359	Erzeugnisse
15360	Erzeugnissen
15361	Erzgebirge
15362	Erzgebirgisch
15364	Erzieherausbildung
15365	Erzieherin
15366	Erzieherinnen
15367	Erzieherische
15368	Erziehungs-
15369	Erziehungsbeistandschaft
15370	Erziehungsberatung
15371	Erziehungsberatungsstelle
15372	Erziehungsberatungsstellen
15373	Erziehungsoder
15374	Erziehungspartnerschaft
15375	Erziehungswissenschaft
15376	Erziehungswissenschaftlichen
15378	Erzählkunst
15380	Erzählung
15381	Erzählungen
15382	Eröffnungstag
15383	Eröffnungsvortrag
15384	Esa
15385	Eskalationsstufen
15386	Esprit
15387	Esrange
15388	Ess-
15389	Essen-Werden
15390	Essensgestank
15391	Essenswahl
15392	Essenszubereitung
15393	Essentielles
15394	Esser
15395	Essig
15397	Estland
15398	Etablierungsphase
15400	Etagen
15401	Etappen
15402	Ethik
15403	Ethikforen
15404	Ethikunterricht
15406	Ethnographic
15407	EthnologieGeschichtswissenschaften
15408	Etwaige
15410	Etzel
15411	Eugene
15413	Eule
15414	Euler
15419	EuroChallenge
15420	Eurobarometer
15421	Europa-Universität
15423	Europalehramt
15424	Europameister
15425	Europameister-Titel
15426	Europameisterschaft
15427	Europapolitik
15428	Europawahl
15434	Euroraum
15435	Eurotransplant
15437	Eva-Gröger
15438	Evakuierungen
15439	Evaluationen
15440	Evaluationsarten
15441	Evaluationsergebnisse
15442	Evaluationsergebnissen
15443	Evaluationskonzeptes
15444	Evangelisch-Freikirchliche
15450	Evangelium
15452	Eventübersicht
15453	Evolution
15454	Evolutionsbiologie
15455	Ewigkeit
15456	Ex-Auszubildende
15457	Ex-Ministerin
15458	Ex-Präsident
15459	ExWoSt
15460	Excel
15461	Excel-Tabelle
15462	Excellence-Schulnetzwerks
15463	Exemplare
15464	Exil
15465	Existenzen
15466	Existenzgründer
15467	Exklusionsrisiko
15468	Exklusivität
15469	ExklusivitätEr
15470	Exkursion
15471	Exkursionen
15472	Exmann
15473	Exot
15474	Experience
15475	Experimentalstände
15476	Experimenteller
15478	Expertenteam
15479	Expertisen
15480	Explosion
15481	Exponaten
15483	Export-App
15484	Export-Lexikon
15485	Exportgüter
15486	Exportkontroll-System
15487	Exportüberschüsse
15488	Exposition
15489	Expositionen
15490	Exposure
15491	Expressionismus
15492	Expressversand
15494	Extra-Zulage
15495	Extrakosten
15496	Extraleistungen
15497	Extras
15498	Extremitäten
15499	Extremwetter
15500	Extrovertiertheit
15501	Exzellente
15504	F-Call
15506	FA
15507	FABRIC
15508	FABio
15509	FAL
15510	FAQ-Sammlung
15511	FAU
15512	FAU-Panels
15513	FBU
15515	FDP-Mann
15516	FE
15517	FFA
15518	FFA-Kursen
15519	FGL
15520	FH-Personal
15521	FIBS
15522	FIFA
15524	FILA
15525	FIS-Bildung
15526	FIS-RO
15527	FKS
15528	FLIMMO
15529	FM
15530	FMO
15531	FOCUS
15532	FOCUSWie
15533	FOS
15535	FRK-Mitglieder
15536	FSC-System
15537	FSJ
15538	FTP
15539	FTTO
15540	FW
15542	Fabias
15543	Fabriken
15544	Facebook-
15545	Facebook-Agitation
15546	Facebook-Fanpage
15547	Facebookseite
15548	Facetten
15549	Fachabi
15550	Facharbeit
15551	Facharbeiterausbildung
15552	Facharbeitsthemen
15553	Facharzt
15555	Fachaufsicht
15556	Fachausstellung
15557	Fachbegriffe
15558	Fachbegriffen
15559	Fachbeirat
15560	Fachberatungsgremium
15561	Fachberatungsstelle
15562	Fachbereichen
15563	Fachberichte
15564	Fachbildungszentren
15565	Fachdienst
15566	Fachentscheider
15567	Fachgebiet
15568	Fachgebiete
15569	Fachgebietes
15570	Fachgespräche
15571	Fachgruppen
15572	Fachgruppen-Sitzungen
15573	Fachhandelspartner
15576	Fachinformationssystem
15577	Fachinhalte
15578	Fachjury
15579	Fachkenntnisse
15580	Fachkenntnissen
15581	Fachkliniken
15582	Fachkollegen
15583	Fachkommissariat
15584	Fachkommission
15585	Fachkompetenzen
15586	Fachkonferenzen
15587	Fachkoordinator
15588	Fachkräftepotenziale
15589	Fachlaufbahn
15590	Fachlehrer
15591	Fachlehrerin
15592	Fachlehrers
15593	Fachlehrkräfte
15594	Fachleute
15595	Fachliteratur
15596	Fachmodulen
15597	Fachoberschule
15598	Fachprüfungsordnung
15599	Fachpublikum
15600	Fachrecht
15602	Fachschaften
15603	Fachschaftsmitglied
15604	Fachschul-Modul
15605	Fachspezifische
15607	Fachsprachen
15608	Fachstelle
15609	Fachstellen
15610	Fachstimme
15611	Fachtag
15612	Fachtheorie
15613	Fachvorträge
15614	Fachwissen
15615	Fachwissens
15616	Fachwörter
15618	Fachärzt
15620	Fachärzten
15621	Fachübergreifende
15623	Factsheets
15624	Faculty
15625	Faden
15626	Fahranfänger
15627	Fahranfängerinnen
15628	Fahranfängern
15630	Fahrbahnrand
15632	Fahrern
15633	Fahrgastzahlen
15634	Fahrgemeinschaften
15636	Fahrkartenkontrolle
15637	Fahrleistung
15638	Fahrlässigkeit
15640	Fahrrad-
15641	Fahrrades
15642	Fahrradmarkt
15643	Fahrradschlössern
15644	Fahrradwerkstatt
15645	Fahrräder
15646	Fahrrädern
15647	Fahrscheinautomaten
15648	Fahrschule
15649	Fahrtrichtung
15650	Fahrtwind
15651	Fahrverbote
15652	Fahrverhalten
15653	Fahrwasser
15654	Fahrzeugantriebe
15655	Fahrzeugen
15656	Fahrzeughersteller
15657	Fahrzeugverkehr
15661	Fairtrade-Aktiven
15662	Fairtrade-Produzentenorganisation
15663	Fairtrade-Rose
15664	Fairtrade-Stadtbezirk
15665	Fairtrade-Standards
15666	Fairtrade-Towns
15667	Fairtrade-zertifizierten
15668	Fakten-Checker-Team
15669	Faktencheckern
15670	Faktische
15673	Falles
15674	Fallingbostel
15675	Fallwinde
15676	Fallzahl
15678	Faltblatt
15679	Faltblätter
15680	Familen
15681	Familien-
15682	Familienangehörigen
15683	Familienberatungsstelle
15684	Familienberatungsstellen
15685	Familienbildung
15686	Familienbuch
15687	Familieneinkommen
15688	Familienfeste
15689	Familiengeld
15690	Familiengericht
15691	Familiengeschichte
15692	Familienhelfer
15693	Familienkonzert
15694	Familienleistungen
15695	Familienmahlzeit
15696	Familienmitgliedes
15697	Familiennachzug
15698	Familienparcours-Teilnahmekarte
15699	Familienpicknick
15700	Familienpolitik
15701	Familienportal
15702	Familiensprache
15703	Familienstrukturen
15704	Familienstützpunkte
15705	Familientag
15706	Familientrennung
15707	Familienurlaub
15708	Familienvaters
15710	Fanggebiet
15711	Fangjagdlehrgang
15712	Fangs
15713	Fanta
15714	Fantasie
15715	Fantasiereise
15716	Farbdisplay
15717	Farbkontraste
15718	Farbstoffschicht
15719	Farbton
15720	Farce
15721	Farm
15722	Farming
15723	Fasanen
15724	Fashion-Designerin
15725	Fasnet
15726	Fass
15727	Fassungslosigkeit
15728	Fastenkur
15729	Fastensonntag
15730	Fastfood
15731	Faszinierende
15732	Fatma
15733	Fatuma
15734	Faulheit
15735	Faustregel
15736	Favorite
15738	FeLV-positive
15739	Features
15743	Fechner
15744	Federated
15745	Federholzrahmen
15746	Federkernmodelle
15747	Federn
15748	Federn-
15749	Federnde
15750	Federsee
15751	Fehlentscheidungen
15752	Fehlentwicklungen
15753	Fehlerbehandlung
15754	Fehlgeburt
15755	Fehlinformationen
15756	Fehlinvestitionen
15758	Feiertage
15759	Feigen
15760	Feindes
15761	Feinschmutz
15762	Feinste
15763	Feinsteinzeug
15764	Feldschwarm
15765	Feldvögel
15769	Felslandschaft
15770	Felssicherung
15771	Female
15772	Fensterbank
15773	Fensterflächen
15774	Fensters
15775	Fenstertitel
15776	Ferienerlebnis
15777	Feriengäste
15778	Ferienintensivkurs
15779	Ferienjob
15780	Ferientage
15781	Ferienwochen
15782	Fern-
15783	Ferndiagnose
15784	Fernlehrgänge
15785	Fernleihe
15786	Fernleitungen
15787	Fernrohre
15788	Fernseh-
15790	Fernsehers
15791	Fernsehprogrammen
15792	Fernstudiums
15793	Fernverkehrsvorstand
15794	Fernverkäufen
15795	Fernwartung
15796	Fernwartungssoftware
15797	Fernzüge
15798	Ferrari
15799	Fersen
15801	Fertigstellung
15802	Fertigungs-
15803	Fertigungsauftrag
15804	Fertigungsprozesse
15805	Fertigungszeit
15806	Feske
15807	Fest-Netz-Telefon
15808	Festbetragsfinanzierung
15811	Festgottesdienste
15812	Festigkeit
15813	Festival-Shows
15814	Festivals
15815	Festjahr
15816	Festnahme
15817	Festo
15818	Festplatte
15819	Festplatten
15820	Festpreis
15821	Festpreisgarantie
15822	Festpunkte
15823	Festpunktfeld
15824	Festsaal
15825	Festsetzungsbescheid
15826	Festspiele
15827	Festspielkarussell
15828	Feststellungsprüfung
15829	Feststellungsverfahren
15830	Festzuschuss
15832	Fett-
15833	Fettstühle
15834	Fetttropfen
15835	Feuchtbodengebieten
15836	Feuerkugel
15837	Feuerwehren
15838	Feuerwehrtechnik
15839	Feuerwehrtätigkeit
15840	Feuerwerk
15841	Feuerwerkspektakel
15842	Feuilleton
15843	Feve
15844	FhG
15845	FiFo
15846	FiLBY
15847	Fibre
15848	Fichtenaltbestand
15849	Fidut
15851	Fielmann-Stiftung
15852	Fiesta
15853	Fiktionen
15854	File
15856	Filesharing
15857	Filiale
15858	Filialnetz
15859	Filigrane
15860	Fillan
15862	Filmabende
15863	Filmbeitrag
15864	Filmbranche
15865	Filmemacherin
15866	Filmen
15867	FilmeventsEs
15868	Filmfestival
15869	Filmfreunde
15870	Filmgesellschaft
15871	Filmgesprächen
15872	Filmkritiker
15873	Filmmaterial
15874	Filmporträt
15875	Filmproduktionen
15876	Filmschaffende
15877	Filmstills
15878	Filmtheater
15879	Filterfunktionen
15880	Filterkaffee-
15881	Filterleistung
15882	Filtervlieses
15883	Finanz-
15884	Finanzausgleich
15885	Finanzausschuss
15886	Finanzausschusses
15887	Finanzbehörde
15888	Finanzberater
15889	Finanzconsult
15890	Finanzexperten
15891	Finanzierungs-
15892	Finanzierungsanteil
15893	Finanzierungsanteile
15894	Finanzierungsberatung
15895	Finanzierungsinstrument
15896	Finanzierungslücke
15897	Finanzierungsmerkblatt
15898	Finanzierungsmöglichkeiten
15899	Finanzierungsportal
15900	Finanzierungsstruktur
15901	Finanzierungsvorhaben
15902	Finanzindustrie
15903	Finanzkasse
15904	Finanzlage
15905	Finanzminister
15906	Finanzministerium
15907	Finanzmittel
15908	Finanzmärkte
15909	Finanznot
15910	Finanzprodukten
15911	Finanzproduktes
15912	Finanzsektor
15913	Finanzsystem
15914	Finanzwissenschaft
15916	Fine
15917	Fingerkuppe
15918	Fingerspitzengefühl
15919	Fink
15920	Finnland
15921	Firefox
15922	Firmen-
15923	Firmen-Abo
15924	Firmen-Webseite
15925	Firmenanteile
15926	Firmenfeiern
15927	Firmengründer
15928	Firmenlauf
15929	Firmenveranstaltungen
15930	Firmenzentrale
15931	Fischart
15932	Fische
15933	Fischereifonds
15934	Fischern
15935	Fisches
15936	Fischkutter
15937	Fischmetropole
15938	Fischsterben
15939	Fishbowl-Diskussion
15940	Fitness
15941	Fitness-Sport
15942	Fitnesstrainer
15943	Fixkosten
15944	Fixkostenerstattung
15945	Flachbett-Scanner
15946	Flair
15947	Flammen
15949	Flash-Animation
15950	Flechtwerk
15951	Fleckchen
15953	Fledermäuse
15954	Fleischprodukte
15955	Flensburg
15956	Fleurop
15957	Fliegerarzt
15958	Fliesen
15959	Fließgewässern
15960	Fließtext
15961	Flimmerhärchen
15962	Flitzen
15963	Flohmärkte
15966	Flower
15967	Flowers
15968	Flowforming-
15969	Fluchtburg
15970	Fluchtwege
15972	Flugangst
15973	Flugbetriebs
15974	Flugblätter
15975	Flugdienst
15976	Fluges
15978	Flugobjekt
15979	Flugobjekts
15980	Flugreisende
15981	Flugtaxis
15982	Flugtickets
15984	Flugzeugmodus
15985	Flugzeugwerke
15987	Flurbereiche
15988	Fluren
15989	Flurneuordnung
15990	Flusses
15991	Flussgrenze
15992	Flusslandschaften
15993	Flussreise
15994	Flutrinne
15995	Flyern
15996	Flächenangaben
15997	Flächenanteil
15998	Flächenausweitung
15999	Flächenbedarfe
16000	Flächennutzungskonkurrenzen
16001	Flächenverbrauch
16002	Flächenversiegelung
16004	Flöhe
16005	Flüchtlingshilfe
16006	Flüchtlingskinder
16007	Flüchtlingskoordinatorin
16008	Flüchtlingspolitik
16009	Flügel
16010	Flügelspannweite
16011	Flüssen
16012	Flüssiggas
16013	Flüssigkeiten
16014	Flüssigkeits-
16015	Flüssigkeitszufuhr
16016	Flüssigseife
16017	Fohlen
16018	Folgeerkrankungen
16019	Folgekosten
16020	Folgenabschätzung
16022	Folgendes
16023	Folgeschäden
16024	Folgetag
16025	Folgewirkungen
16026	Folglich
16027	Folter
16028	Folterknechte
16029	Fonda
16030	Fondsmanager
16031	Fono
16033	Font
16034	Fontane-Literaturpreis
16035	Fontanestadt
16037	Foodbloggerinnen
16038	Football
16039	Footprints
16041	Force
16043	Forderungskatalog
16044	Forensik-Backups
16045	Forggensee
16046	Formation
16047	Formula
16049	Forschenden
16050	Forscherinnen
16051	Forscherwerkstatt
16053	Forschungsansätze
16054	Forschungsaufenthalte
16055	Forschungsbericht
16056	Forschungsbetriebs
16057	Forschungsdesign
16058	Forschungseinrichtungen
16059	Forschungsergebnisse
16060	Forschungsfördereinrichtung
16061	Forschungsförderprogramm
16062	Forschungsförderung
16063	Forschungsgemeinschaft
16064	Forschungsgruppe
16065	Forschungsinstitut
16066	Forschungsliteratur
16067	Forschungslücke
16068	Forschungsmethoden
16069	Forschungsministerin
16070	Forschungsmitteln
16071	Forschungsplattform
16072	Forschungspreise
16073	Forschungsprojekt
16074	Forschungsstipendium
16075	Forschungsteam
16076	Forschungsumfeld
16077	Forschungsverbundes
16078	Forst
16079	Forstbehörden
16080	Forstbezirk
16081	Forstbezirken
16082	Forstdienstes
16083	Forstfest
16084	Forsthaus
16086	Fortbestehens
16087	Fortbewegungen
16088	Fortbildner
16089	Fortbildnerin
16090	Fortbildungsbedarf
16091	Fortbildungskosten
16092	Fortbildungskurs
16093	Fortbildungsreihen
16094	Fortbildungszentrum
16096	Fortbildungszertifikat
16097	Fortentwicklung
16098	Fortfall
16099	Fortgang
16101	Fortschreibung
16102	Fortuna
16105	Forums
16106	Fossilien
16107	Fotoalbum
16108	Fotobücher
16109	Fotodrucker
16110	Fotografen
16111	Fotografieren
16112	Fotokopien
16113	Fotomagnete
16114	Fotoplattenarchiv
16115	Fotoretusche
16116	Fotostory-Wettbewerb
16118	Fracking
16119	Frag
16120	Frage-Bögen
16121	Fragebogen
16122	Fragendatenbank
16123	Fragende
16124	Fragenkatalog
16125	Fragetypen
16126	Fragmentierung
16127	Fraktionen
16128	Frames
16129	Frameworks
16130	FranceMobil
16131	Francesco
16133	Francisco
16134	Franco
16136	Franka
16138	FrankfurtRheinMain
16139	Frankfurter
16141	Franz
16144	Franziska
16146	Französischen
16147	Fratzscher
16148	Frauchen
16149	Frauen-
16150	Frauen-Mannschaft
16152	Frauenbildes
16153	Frauenförderung
16154	Frauenklinik
16155	Frauenrat
16156	Frauentag
16157	Frauenärzte
16159	Frauenärztinnen
16160	Fraunhofer
16161	Fraunhofer-Instituts
16162	Free
16163	Freestyle
16165	Freiberg
16166	Freiberger
16168	Freiburgs
16169	Freidrehen
16171	Freiflächen-Photovoltaikanlagen
16172	Freigabe-
16173	Freiheiten
16174	Freiheitsstrafe
16175	Freilichtbühne
16177	Freilichtbühnen
16178	Freiluft-Genusskultur
16179	Freiluftsportanlagen
16180	Freischaltung
16181	Freisetzung
16182	Freisprecheinrichtung
16183	Freistoß
16184	Freitagen
16185	Freitagmorgen
16186	Freiversuch
16189	Freiwilligendienst
16190	Freiwilligendienstes
16191	Freiwilligenmanagement
16194	Freiwilligkeit
16195	Freizeit-
16196	Freizeitaktivitäten
16197	Freizeitangebot
16198	Freizeitbereich
16199	Freizeiten
16200	Freizeitevents
16201	Freizeitmöglichkeiten
16202	Freizeitsport
16204	Freizeitstätten
16205	Freizügigkeitsberechtigten
16206	Fremd-
16207	Fremdausbildung
16209	Fremden
16210	Fremder
16211	Fremdgefährdung
16212	Fremdherstellern
16213	Fremdkörper
16214	Fremdsprachen
16215	Fremdsprachenassistentinnen
16216	Fremdsprachenausbildung
16217	Fremdwort
16218	French
16220	Frequenzmessungen
16221	Frettchen
16222	Freudenberg
16223	Freudenstadt
16226	Freundes-
16228	Freundlichkeit
16229	Freundschaft
16230	Friction
16231	Fridays
16233	Friederike
16234	Friedhof
16236	Friedhofs-
16237	Friedhofsgesetz
16238	Friedhöfe
16239	Friedl
16240	Friedland
16241	Friedliche
16245	Friedrichshafen
16246	Friedrichshall
16247	Friendship
16248	Friesland
16250	FrischegarantieEntdecken
16251	Frischlich
16252	Fristgerechte
16253	Fristsetzung
16254	Fritjof
16255	Fritsch
16256	Fritta
16257	Frohburgs
16258	Frohe
16259	Frommholz
16260	Front
16261	Frontends
16263	Fruchtstände
16264	Fruchtsäfte
16265	Frustration
16266	Frömming
16267	Frösche
16268	Früchten
16269	Früh-
16270	Frühe
16273	Frührehabilitation
16274	Frühstücksangebote
16275	Fuck
16276	Fuhrmannstag
16277	Full-Service-Agenturen
16278	FunAbo
16280	Fundbürodatei
16281	Funde
16282	Fundobjekte
16283	Fundsachen
16284	Fundstätten
16285	Funkfrequenzen
16286	Funkspots
16287	Funktionsbezeichnung
16288	Funktionsebene
16289	Funktionsmaterialien
16290	Funktionsstelle
16291	Funktionärsebenen
16292	Funkturm
16293	Funkübertragung
16294	Furche
16295	Furcht
16296	Futter-Falle
16297	Futterqualität
16298	Futurium
16300	Fußabdruck
16301	Fußball-Europameisterschaft
16302	Fußball-Landesverbänden
16303	Fußballkarriere
16304	Fußballspielen
16305	Fußballstadion
16306	Fußballstiefel
16307	Fußballturniere
16308	Fußballvereinen
16309	Fußbälle
16310	Fußgängerzone
16311	Fußstütze
16312	Fußzentrum
16313	Fächergruppe
16314	Fächerstadt
16315	Fäden
16316	Fälligkeitsdatum
16317	Föderation
16318	Förderanträge
16319	Förderbank
16320	Förderbereich
16321	Förderblock-Übungen
16322	Fördereinrichtungen
16323	Förderern
16324	Fördergebieten
16325	Fördergeld
16326	Förderinstrument
16327	Förderkriterien
16328	Förderlinie
16329	Förderlotse
16330	Fördermaßnahmen
16331	Fördermittel
16332	Fördermittelzusage
16333	Fördermodul
16334	Fördermöglichkeiten
16335	Förderorganisationen
16336	Förderpolitik
16337	Förderprogrammen
16338	Förderprojekte
16339	Förderrunde
16340	Förderschulen
16341	Förderstunden
16342	Fördersumme
16343	Fördersystem
16344	Fördertopf
16345	Fördertöpfen
16346	Förderungsanträgen
16347	Förderungsfähigkeit
16348	Fördervereins
16349	Fördervoraussetzungen
16350	Förderwerk
16351	Förderziele
16352	Först
16353	Führe
16354	Führern
16355	Führerscheinen
16356	Führerscheins
16357	Führungsarbeit
16358	FührungskräfteWenn
16359	Führungspersönlichkeiten
16360	Führungsposition
16361	Führungspositionen
16362	Führungsprinzip
16363	Führungsrolle
16364	Führungsrollen
16365	Fülle
16367	Füllmauerwerk
16368	Füllstoff
16369	Füllung
16370	Füllungen
16372	Fünftel
16373	Fünften
16375	Fürhaupten
16376	Fürsorge
16377	Füser
16378	Füssen
16380	Fütterungssysteme
16381	Füße
16384	G-BA
16385	G-Jugend
16388	GABV
16389	GAW
16390	GDI
16391	GDI-Projekte
16392	GDL
16393	GESIS
16394	GEW
16395	GEZ
16396	GG
16397	GIS-Daten
16398	GKV
16399	GKV-Spitzenverband
16400	GOA
16401	GOP
16402	GOTS
16404	GRW
16406	GSG
16409	GTW
16410	GU
16411	Gabe
16413	Gaben
16414	Gags
16415	Gala
16416	Galadinner
16417	Galaxienentwicklung
16418	Galaxy
16420	Galaxy-Smartphones
16422	Gaming
16423	Gamma-
16424	Gammler
16425	Ganzheitlichkeit
16426	Ganztagesschule
16427	Ganztagsangebot
16428	Ganztagsangebote
16430	Garant
16431	Garantien
16432	Garaus
16433	Gardinensteuer
16434	Garen
16435	Garfield
16436	Garriott
16437	Garten-Experten
16438	Gartenanlage
16439	Gartenbau
16440	Gartenbohne
16441	Gartenfirma
16442	Gartengrundstück
16443	Gartenvögel
16444	Gartenzaun
16446	Gas-
16447	Gase
16448	Gasrohren
16449	Gassen
16450	Gasspürgeräte
16451	Gastarife
16452	Gastaufnahme-bedingungen
16453	Gastdirigenten
16454	Gastdozenten
16455	Gastfamilien
16456	Gastgeberin
16457	Gasthörer
16458	Gastkinder
16459	Gastreferenten
16460	Gastronomen
16461	Gastronomie-Branche
16462	Gastronomieproblem
16463	Gasts
16464	Gaststätten
16465	Gastvortrag
16466	Gaswerk
16467	Gatermann
16468	Gattung
16469	Gattungen
16470	Gauck
16471	Gazellen
16472	Gaß
16473	Gaßner
16475	Gebertreffen
16476	Gebete
16477	Gebietes
16478	Gebietskörperschaften
16479	Gebietsreferenten
16480	Gebote
16481	Gebrauchsbibliothek
16482	Gebrauchsgütern
16483	Gebrauchsspuren
16484	Gebräuche
16485	Gebräuchen
16488	Geburten
16489	Geburtenraten
16490	Geburts-
16491	Geburtshilfe
16492	Geburtsplanungssprechstunde
16493	Geburtsstunde
16494	Geburtstags
16495	Gebäck
16496	Gebärdensprachvideo
16497	Gebärmutter
16498	Gebärmutterhalskrebs
16499	Gebäude-
16500	Gebäudetechnik
16501	Gebäudeversicherung
16503	Gebührenordnung
16505	Gedankenexperimenten
16506	Gedeihen
16507	Gedenk-
16508	Gedenkstätte
16509	Gedenkstätteninitiativen
16510	Gedenktag
16512	Gedeon
16515	Gedichten
16516	Gedichtsammlung
16517	Geduldeten
16520	Geestgebieten
16521	Gefahrenlagen
16522	Gefahrübergang
16524	Gefallene
16525	Gefangenen
16526	Gefangenschaft
16527	Gefeierte
16528	Gefleckte
16530	Geflüchtetenstudie
16531	Geflügelfleisch
16532	Gefolge
16534	Gefrieren
16535	Gefährdungen
16536	Gefährliche
16537	Gefährlichkeit
16538	Gefährt
16539	Gefährts
16540	Gefäß
16541	Gefüge
16542	Gefühlt
16544	Gegebenheiten
16545	Gegeneinander
16546	Gegenleistung
16547	Gegenleistungen
16548	Gegenseite
16549	Gegenspieler
16550	Gegensprechanlage
16552	Gegenständen
16554	Gegenwart
16555	Gegenwartsmusik
16556	Gegenzeichnung
16557	Gegenöffentlichkeiten
16558	Gegenübers
16559	Gegner
16560	Gegnerin
16561	Gehaltsabrechnung
16562	Gehe
16563	Gehege
16564	Geheimbereichs
16565	Geheimbotschaft
16566	Geheimnisse
16567	Geheizt
16568	Gehirntumor
16569	Gehlen
16570	Gehrden
16571	Gehwegen
16572	Gehälter
16573	Gehäuse
16574	Gehäuses
16575	Gehöftes
16576	Gehölzen
16577	Gehör
16578	Gehörbildung
16581	Geiger
16583	Geistes
16584	Geißen
16586	Gelbe
16587	Gelbfiebergebiet
16588	Geld-
16589	GeldDanke
16590	Geldbestände
16591	Geldbeutel
16592	Geldeingang
16593	Geldern
16594	Geldgebern
16595	Geldgeschenk
16596	Geldmittel
16597	Geldscheine
16598	Geldschuld
16599	Gelegenheitsleser
16601	Gelenkschmerzen
16604	Gelingensfaktoren
16605	Gelnhausen
16606	Gelschaum
16607	Gelsenkirchen
16609	Geltendmachung
16610	Geltow
16611	Geltung
16612	Geltungsbereich
16613	Geltz
16614	Gemeindebevollmächtigten
16615	Gemeindebundchef
16616	Gemeindeglieder
16617	Gemeindegrenzen
16618	Gemeindekirchenrat
16619	Gemeindestraßen
16620	Gemeinnützigkeit
16622	Gemeinsamkeit
16623	Gemeinsamkeiten
16624	Gemeinschaftsaufgabe
16625	Gemeinschaftseinrichtung
16626	Gemeinschaftskundeunterricht
16627	Gemeinschaftsküchen
16628	Gemeinschaftsräume
16629	Gemeinschaftssinn
16630	Gemeinschaftsstiftung
16631	Gemeinschaftsunterkünften
16632	Gemeinsinn
16633	Gemeinwesen
16634	Gemeinwohlinteressen
16635	Gemisch
16636	Gemüsefond
16637	Gemüsereste
16638	Gemüsesorten
16639	Gen
16641	Gender-Komponente
16642	Genderkomitees
16643	Gendermedizin
16644	Genehmigungsfiktion
16645	General-Anzeiger
16646	Generaldirektion
16647	Generaldirektor
16648	Generale
16649	Generalisten
16650	Generalproben
16651	Generalsekretär
16653	Generalthema
16654	Generalvikar
16655	Generationenpreises
16657	Genesung
16658	Genesungsnachweis
16659	Genetik
16660	Genezareth
16661	Genf
16662	Genfersee
16663	Genn
16664	Genossenschaftsbanken
16665	Genossenschaftsprojekte
16666	Genre
16667	Gentechnik
16668	Gentechnologie
16669	Gentz
16670	Genugtuung
16671	Genzken
16672	Genüsse
16673	Geo-
16674	GeoBAK
16675	GeoMIS
16676	Geobasis
16677	Geobasisdaten
16678	Geodätische
16679	Geografie
16680	Geographie
16681	Geographisch
16682	Geoinformationen
16683	Geoinformationsbereichs
16684	Geoinformationssysteme
16685	Geoinformationssystemen
16686	Geologen
16687	Geoportal
16688	Geoportalen
16691	George
16693	Georgenschwaige
16695	Gepard
16697	Geraden
16698	Gerald
16700	Gerangel
16701	Gerd
16703	Gerechten
16704	Gerechtigkeitserwägungen
16705	Gerhard
16707	Gerhardt
16708	Gerichte
16709	Gerichten
16710	Gerichts
16711	Gerichtshof
16713	Gerichtsseite
16714	Gerichtsstand
16715	Gerichtsurteil
16716	Gerichtsurteile
16718	Germania
16720	Germanistik
16721	Germany
16723	Gerolstein
16724	Gertsch
16725	Geruchsbildung
16726	Geruschke
16727	Gerätekontrolle
16728	Geräteschuppen
16729	Gerätetechnologie
16730	Gerätewelt
16731	Geräts
16732	Geräusche
16733	Geräuschemacher
16734	Geräuschen
16735	Gerüchen
16737	Gesamtaufstellung
16738	Gesamtbauvolumen
16739	Gesamtbetrachtung
16740	Gesamtbeurteilung
16741	Gesamtbudget
16742	Gesamtdeutschen
16743	Gesamteinschätzung
16744	Gesamtergebnis
16745	Gesamterscheinung
16746	Gesamtfinanzierung
16747	Gesamtfläche
16748	Gesamtgefüge
16749	Gesamtheit
16750	Gesamthöhe
16751	Gesamtkirchengemeinde
16752	Gesamtkonferenzen
16753	Gesamtkonzeptes
16754	Gesamtkonzepts
16755	Gesamtleistungsspektrum
16756	Gesamtmaßnahmen
16757	GesamtpaketDies
16758	Gesamtplanverfahren
16759	Gesamtprüfungsdauer
16760	Gesamtrechnung
16761	Gesamtschuldner
16763	Gesamtsumme
16764	Gesamtticket
16765	Gesamtvolumens
16766	Gesamtwald
16767	Gesamtzahl
16769	Geschenkidee
16770	Geschenkideen
16773	Geschichtsunterricht
16774	Geschick
16775	Geschicklichkeit
16777	Geschirrspülens
16778	Geschlechteranteil
16779	Geschlechterklischees
16780	Geschlechtsverkehr
16781	Geschmacklich
16782	Geschmäckern
16783	Geschossen
16784	Geschwindigkeiten
16785	Geschwindigkeitsstufen
16787	Geschwister-Scholl-Gymnasium
16788	Geschwisterchen
16789	Geschwistern
16790	Geschwülste
16791	Geschäfts-
16792	Geschäftsaussichten
16793	Geschäftsausstattung
16794	Geschäftsbedingungen
16795	Geschäftsbetrieb
16796	Geschäftsbezeichnung
16797	Geschäftsbeziehungen
16798	Geschäftsführerin
16799	Geschäftsidee
16800	Geschäftskonto
16801	Geschäftskonzept
16802	Geschäftsleute
16803	Geschäftsleuten
16804	Geschäftsordnungen
16805	Geschäftspartnern
16806	Geschäftsräumen
16807	Geschäftssinn
16808	Geschäftstelle
16809	Geschäftsumfeld
16810	Geschäftsverkehr
16811	Gesehene
16812	Gesellen-
16813	Gesellenjahren
16814	Geselligkeit
16815	Gesellschafter
16816	Gesellschaftsvertrag
16817	Gesellschaftswissenschaften
16818	Gesetzbuches
16819	Gesetzentwurf
16820	Gesetzesentwurf
16821	Gesetzeslücke
16822	Gesetzesverschärfungen
16823	Gesetzesverstöße
16824	Gesetzgeber
16829	Gesichtspunkte
16830	Gesprächen
16831	Gesprächs-
16832	Gesprächspartnerinnnen
16833	Gestalt
16837	Gestaltungskonzeptes
16838	Gestaltungslinie
16839	Gestaltungsmöglichkeiten
16840	Gestaltungsraster
16841	Gestaltungssatzung
16842	Gestaltungswillen
16843	Gestank
16845	Gestationsdiabetes
16846	Gestein
16847	Gesteinskörnung
16849	Gestik
16850	Gestrickes
16851	Geständnis
16853	Gesund-Bleibe-Magazins
16854	Gesundbrunnen
16856	Gesunderhalt
16857	Gesundheitsamtes
16858	Gesundheitsbeeinträchtigungen
16859	Gesundheitsbereiche
16860	Gesundheitsbranche
16861	Gesundheitscheck
16862	Gesundheitsfachschulen
16863	Gesundheitsforschung
16864	Gesundheitshilfe
16865	Gesundheitsindustrie
16866	Gesundheitskonferenz
16867	Gesundheitsmanagement
16868	Gesundheitsministerin
16869	Gesundheitsministerium
16870	Gesundheitspass
16871	Gesundheitsprogramme
16872	Gesundheitsprävention
16873	Gesundheitsprüfung
16874	Gesundheitspsychologie
16875	Gesundheitsratgeber
16876	Gesundheitsschutz
16877	Gesundheitsschutzgesetze
16878	Gesundheitssport
16879	Gesundheitssystem
16880	Gesundheitsuntersuchung
16881	Gesundheitszentren
16882	Gesundheitszustand
16883	Gesundheitsämter
16884	GetCapabilities-Aufruf
16885	Getauften
16887	Getestete
16889	Getrud-von-le-Fort
16890	Getränkeindustrie
16891	Getränkekartons
16892	Getränken
16893	Getränkezubereitungsarten
16894	Getuschel
16895	GewSchG
16897	Gewaltdelikt
16898	Gewaltherrschaft
16899	Gewaltpräventionstrainer
16900	Gewaltschutzgesetz
16901	Gewalttaten
16902	Gewalttätigkeit
16904	Gewebeverband
16905	Gewebezubereitungen
16906	Gewerbefläche
16907	Gewerbeflächenmanagement
16908	Gewerbegebietes
16909	Gewerbesteuer
16910	Gewerbetreibende
16911	Gewerbetriebe
16912	Gewerke
16914	Gewichts
16915	Gewichtskontrolle
16916	Gewinn-und-Verlust-Rechnung
16917	Gewinner-Team
16918	Gewinnerin
16919	Gewinnmaximierung
16920	Gewinnmöglichkeiten
16921	Gewinnnummern
16922	Gewinnorientierung
16923	Gewinnquoten
16924	Gewinns
16925	Gewinnspiel
16926	Gewinnspiel-Code
16927	Gewinnspielaktionen
16928	Gewinnspiele
16929	Gewissen
16930	Gewissheit
16932	Gewohnheiten
16933	Gewählte
16934	Gewöhnliche
16935	Gewölbe
16936	Gewölbekeller
16937	Gewürze
16940	Ghanas
16941	Ghettos
16942	Gib
16943	Gicht
16944	Gienke
16945	Gier
16946	Gießereitechnik
16947	Gießkanne
16948	Giftkanal
16949	Giftzähne
16950	Gigabit-Netze
16951	Gikiewicz
16952	Gilead
16953	Gimnazija
16954	Gin
16955	Giovanna
16957	Gipskeuper
16961	Girocard
16962	Girokonto
16963	Giropaket
16964	Giroverband
16965	Gitter
16966	Giulini
16967	Glanzleistungen
16968	Glas-
16969	Glascherben
16970	Glasfaser
16971	Glasherstellung
16972	Glasscheibe
16973	GlaubenHallo
16974	Glaubens
16975	Glaubensweisen
16976	Glaubenswirklichkeit
16977	Glauber
16978	Glaubwürdigkeit
16979	Glaukom
16983	Gleichgeschlechtliche
16984	Gleichgewicht
16985	Gleichgewichtsorgan
16987	Gleichstellungsbeauftragten
16988	Gleichstellungsministerium
16989	Gleichwertigkeit
16990	Gleiss
16992	Gliedern
16993	Gliedkirche
16994	Gliose
16997	Globalisierung
16998	Glocken
16999	Glutwolke
17000	Glycolsäure
17001	Glyphosat
17002	Glättung
17003	Gläubiger
17005	Glücklichen
17006	Glücksspielmekka
17007	Glückstag
17008	Glühweinempfang
17011	Gnabry
17012	Gnade
17013	Gneisen
17014	GoDaddy
17015	Godesheim
17016	Goethe
17017	Gold-
17018	Goldene
17019	Goldmacherei
17020	Goldmedia
17021	Goldschmiede
17022	Goldschmiedewerkstatt
17023	Golem
17024	Golf
17025	Golfkrieg
17026	Golfplatz
17027	Golfs
17028	Gollasch
17029	Gonzalez
17038	Google-AdSense
17039	Google-Diensteseiten
17040	Google-Karte
17041	Google-Kontos
17042	Google-Werbenetzwerk
17043	Gooßens
17044	Gorn
17045	Gorzalsky
17046	Gottesdienste
17047	Gottesdienstvorlagen
17048	Gotteshaus
17049	Gottfrage
17052	Grabungsstätten
17054	Gradle
17056	Graffiti-
17057	Grafik-Design
17058	Grafikdrucke
17060	Grammatik
17061	Grammy-nominierte
17062	Granitquader
17063	Granola
17064	Graph
17065	Graphentheorie
17066	Graphiken
17067	Gras
17068	Gratulant
17069	Green
17072	Greenfee
17073	Gregor
17076	Greifswalds
17077	Gremienarbeit
17078	Grenzflächen
17079	Grenzsituationen
17080	Grenzverteidigung
17081	Grenzwertbegriff
17082	Grenzüberschreitungen
17083	Gretel
17084	Griffe
17085	Griffmaterial
17087	Grillgut
17088	Grillhütten
17089	Grimm
17090	Grimme
17092	Grippeviren
17093	Grobmotorik
17094	Grohmann
17095	Grooming
17096	Groote
17098	Grosch
17099	Grossmünster
17100	Grote
17102	Großartiges
17103	Großbritannien
17104	Großeigentümer
17107	Großerkmannsdorf
17109	Großhandel
17110	Großhändler
17111	Großkanzlei
17112	Großklärwerken
17114	Großserienanwendung
17115	Großstädte
17116	Großstädter
17117	Großteils
17118	Großteleskope
17119	Großunternehmen
17120	Großväter
17121	Großzehe
17122	Grube
17123	Gruhlich
17125	Grundauftrag
17126	Grundausstattung
17127	Grundbedingung
17128	Grundbedürfnissen
17129	Grundbesitzversicherung
17130	Grundbildungstag
17131	Grundeinkommen
17132	Grunderwerbssteuer
17133	Grundfläche
17134	Grundfreiheiten
17135	Grundgerüstes
17136	Grundhaltung
17137	Grundlagen-Seminaren
17138	Grundlagenforschung
17139	Grundlagentexten
17141	Grundleistungsbezug
17142	Grundpreis
17143	Grundprinzip
17144	Grundrechten
17145	Grundrente
17146	Grundsatzpapiere
17147	Grundschuljahre
17148	Grundschulkinder
17149	Grundschullehrer
17150	Grundschulpädagogik
17151	Grundschulrektorin
17152	Grundschulteam
17153	Grundschülern
17154	Grundstoffe
17155	Grundstudiums
17156	Grundstücks
17157	Grundstückskauf
17158	Grundstücksmarkt
17159	Grundsätze
17160	Grundtatbestand
17161	Grundverordnung
17162	Grundversorgung
17163	Grundvoraussetzung
17164	Grundwassers
17165	Grundwasserspiegel
17166	Grundwasserüberdeckung
17167	Grundwerten
17168	Grunewald
17170	Gruppenarbeit
17171	Gruppenbehandlung
17172	Gruppenfoto
17173	Gruppenleiterin
17174	Gruppenraum
17175	Gruppenstrukturen
17176	Gruß-
17177	Grußformel
17178	Grußwortrednern
17180	Gräben
17181	Gräueltaten
17182	Gräwe
17183	Grösse
17184	Größenvergleich
17185	Grün-Weiß
17186	Gründercoaching
17187	Gründerküche
17188	Gründerteam
17189	Gründerteams
17190	Gründungen
17191	Gründungsförderung
17192	Gründungsinteressierten
17193	Gründungsmitglied
17194	Gründungspartner
17195	Gründungsversammlung
17196	Grünschiefern
17197	Grünschnitt
17198	Grüttner
17199	Guarino
17200	Gudrun
17201	Guglhupf
17202	Guidelines
17203	Guido
17205	Gummistiefel
17206	Gunhild
17208	Gunther
17210	Gunzenberg
17211	Guss
17212	Gustav
17213	Gutachter
17217	Gutenbergs
17218	Guterres
17219	Guthabenzins
17220	Gutscheinen
17221	Gutscheinkarte
17222	Gutscheinsystem
17223	Gutspark
17224	GymP
17225	Gymnasialverlauf
17226	Gymnasiast
17227	Gymnasien
17233	Gymnastik-Ausbildung
17234	Gynäkologen
17235	Gynäkologie
17236	Gyros
17237	Gämsen
17238	Gänge
17240	Gänsen
17241	Gärtchen
17242	Gärtner
17243	Gärtnern
17244	Göbe
17245	Gönnt
17246	Göppingen
17247	Görlitz
17248	Göttern
17249	Götterverehrung
17251	Göttinger
17252	Göttlichkeit
17253	Götze
17254	Güler
17255	Gültigkeitsbereich
17256	Güngör
17257	Günstigerprüfung
17259	Günther
17261	Güter
17262	Güterbahnhof
17263	Güterzüge
17264	Gütesiegel
17265	Gütesiegel-Bürgerstiftungen
17267	H-Markthochlaufs
17273	HBKG
17274	HDDs
17275	HDE
17276	HFU
17277	HGB
17278	HHN
17279	HHU
17280	HIE-RO
17281	HIT
17282	HIV
17283	HMI
17284	HNO-Ärzte-im-Netz
17285	HPI
17286	HPV
17287	HPV-Infektionen
17288	HRK
17289	HRK-Präsidiums
17290	HRV
17291	HRZ
17292	HSV
17293	HTA-Themenfelder
17294	HTTP-Cookie
17295	HUVÜ
17296	HVV-Ring
17297	HWA
17298	HWW
17299	HZV
17300	Haacke
17301	Haager
17302	Haarausfall
17303	Haarkamm
17304	Habilitationsschrift
17305	Habitate
17306	Habonim
17307	Hache
17308	Hackdays
17309	Hacker-Angriffe
17310	Hackerangriffen
17311	Hackfleisch
17312	Hacking
17313	Hacking-Themen
17314	Hadoop
17315	Haeckel
17316	Hafen-
17317	Hafencity
17318	Haftplätze
17319	Haftungsrisiko
17320	Hagen
17321	Hagenbach
17322	Hagia
17324	Hahnke
17325	Haie
17326	Haigerloch
17327	Hair
17328	Hajduk
17330	Halabi
17332	Halbjahr
17333	Halbstarke
17334	Halbzeit
17335	Halde
17336	Hall
17337	Hallen
17338	Hallenbad
17339	Halloren-
17340	Hallstadt
17341	Halswirbel
17343	Haltbarkeit
17344	Haltbarkeitsdauer
17345	Halterungen
17346	Haltestellen
17347	Haltungsformen
17348	Hamacher
17349	Hameln-Pyrmont
17351	Hammerbachtal
17352	Hammerhof
17353	Hammerzehe
17354	Hand-
17355	Handanastomose
17356	Handball
17357	Handbuch
17358	Handbücher
17359	Handels-
17360	Handelsbeziehungen
17361	Handelsblatt-Online
17362	Handelsgesetzbuch
17363	Handelsketten
17364	Handelskongress
17365	Handelspreise
17366	Handelstreit
17367	Handeschrift
17368	Handfläche
17370	Handhygiene
17371	Handlungsabläufe
17372	Handlungsanleitung
17373	Handlungsanleitungen
17374	Handlungsbereitschaft
17375	Handlungsdruck
17376	Handlungsebene
17377	Handlungsempfehlung
17378	Handlungsfeld
17379	Handlungshilfen
17380	Handlungskompetenzen
17381	Handlungsmuster
17382	Handlungsrichtschnur
17383	Handlungsschwerpunkte
17384	Handlungsverantwortung
17385	Handlungswissen
17386	Handorf
17387	Handschuhwechsel
17389	Handumdrehen
17390	Handwerk-
17392	Handwerkliche
17393	Handwerksbetrieb
17394	Handwerksbetriebe
17395	Handwerksbildungsstätten
17396	Handwerksfirmen
17401	Handwerkskammern
17402	Handwerksorganisationen
17403	Handwerkszeug
17404	Handyansicht
17405	Handyservice
17406	Handyvertrag
17407	Hang
17408	Hanglagen
17409	Hanna
17410	Hannack
17412	Hanni
17415	Hans-Erlwein-Gymnasium
17416	Hansa
17418	Hantaviren
17419	Hantel
17422	Haram
17423	Harare
17424	Harburg
17425	Hard-
17426	Hardehausen
17427	Hardware-Projekte
17428	Hardware-in-the-Loop
17429	Harnaufstau
17430	Harrison
17433	Hartenfels
17434	Hartgummi
17435	Hartwig
17436	Hartz
17438	Haschler
17439	Haselnuss
17440	Hasen
17441	Hasinger
17442	Hassan
17444	Hasshasen
17445	Hasskommentaren
17446	Hasso-Plattner-Instituts
17447	Hatale
17449	Hauchfein
17450	Hauptamtlichen
17451	Hauptamtsleiter
17452	Hauptanreiz
17453	Hauptaufgabe
17454	Hauptausschuss
17455	Hauptbahnhof
17456	Hauptbestandteil
17457	Hauptbestandteilen
17458	Hauptdarsteller
17459	Haupteingang
17460	Hauptfächer
17461	Hauptgeschäftsführer
17462	Hauptgeschäftsstelle
17463	Hauptgewinn
17464	Hauptgrund
17465	Haupthauses
17466	Hauptherkunftsstaaten
17467	Hauptmann
17468	Hauptmieter
17469	Hauptorgan
17470	Hauptperson
17471	Hauptpersonalrat
17472	Hauptplatine
17473	Hauptpreis
17474	Hauptpunkt
17475	Hauptstadtforum
17476	Hauptträger
17477	Hauptursache
17478	Hauptverhandlung
17479	Hauptverkehrszeiten
17480	Hauptvortragsrednerin
17481	Hauptwasserleitung
17488	Haus-Tiere
17489	Hausapotheken
17490	Hausarztpatinnen
17491	Hausaufgaben-
17492	Hausbankbestätigung
17493	Hausbanken
17494	Hausbauen
17495	Hausbesuche
17496	Hausbus-System
17497	Hauseigentümern
17498	Hausengel
17499	Hausengel-Franchisenehmer
17500	Hauser
17502	Hausgrundrisse
17503	Haushalts
17504	Haushaltsjahr
17505	Haushaltskasse
17506	Haushaltsmittel
17507	Haushaltsperioden
17508	Haushaltsstrom
17509	Hausmitteln
17510	Hausratversicherung
17511	Hausserie
17512	Haustiere
17513	Haustierhaltung
17514	Haustürschlüssels
17515	Hausverbot
17516	Hauswirtschaftslehrerin
17517	Hautausschlag
17518	Hautausschläge
17519	Hauterkrankungen
17520	Hautkrankheiten
17521	Hautärzte
17522	HdP
17523	Head
17524	Headset
17525	Health
17526	Health-coaching
17527	Healthcare
17528	Heart
17530	Heben
17531	Hebräische
17533	Hecken
17534	Hecker
17535	Heckscheibe
17536	Hedelfinger
17538	Heeschen
17539	Hegau
17540	Heidenheim
17541	Heidenreich
17542	Heidi
17544	Heiko
17546	Heil
17547	Heilbehandlungen
17548	Heilberufe
17549	Heilberufen
17550	Heilberufsausweis
17551	Heilbronns
17552	Heiler
17553	Heilerde
17556	Heiligenhaus
17557	Heiligensee
17558	Heilmittel
17559	Heilmittelrichtlinie
17560	Heilpraktiker
17561	Heilswillen
17562	Heilungsprozess
17563	Heimat-
17564	Heimatbund
17565	Heimatforschern
17566	Heimatmobils
17567	Heimatorts
17568	Heimatschutz
17569	Heimatstadt
17570	Heimatverein
17571	Heimen
17572	Heimgesetze
17573	Heimkehr
17574	Heimkino-
17575	Heimtiere
17576	Heimverbundes
17577	Heine
17580	Heinrich-Schütz-Konservatorium
17581	Heinrich-Zille
17582	Heinsberg
17583	Heinz
17584	Heinz-Josef
17586	Heinzmann
17587	Heiter
17588	Heizkostenersparnis
17589	Heizsysteme
17590	Heizungsumstellung
17591	Heizungsversorgung
17592	Hektar
17593	Helden
17594	Helfern
17595	Helge
17597	Helgert
17598	Hellen
17599	Heller
17600	Helmholtz-Gemeinschaft
17601	Helsinki
17602	Hengste
17603	Hengstenberg
17605	Hennings
17606	Henrik
17608	Hepar
17610	Heparin
17613	Herabsetzung
17614	Heranführung
17615	Herangehensweise
17616	Herausbildung
17617	Herbeiführung
17618	Herbst-
17619	Herbstanfang
17620	Herbstes
17621	Herbstkonferenzen
17623	Herdenimmunität
17624	Herds
17625	Herero
17626	Hergensweiler
17627	Heringsdorf
17629	Herkunftsländern
17630	Herkunftssprachenunterricht
17633	Hero
17634	HeroGamer
17636	Herrchen
17638	Herrington
17639	Herrschaftsinstrument
17640	Herrschers
17641	Herrschersitz
17642	Herstellern
17643	Hertha-Legende
17644	Hertle
17645	Herunterschlucken
17646	Hervorhebung
17648	Herwig
17650	Herz-Kreislauf-Erkrankung
17651	Herz-Notfallsituationen
17652	Herz-Stiftung
17653	Herzaktionen
17654	Herzarterien
17655	Herzblutschaffern
17656	Herzensthema
17657	Herzenswunsch
17658	Herzinfarkt
17659	Herzkatheter-Untersuchung
17661	Herzkrankheiten
17662	Herzlichen
17663	Herzprobleme
17664	Herzproblemen
17665	Herzratenvariabilität
17666	Herzschläge
17667	Hesedorf
17668	Hesse
17669	Hessen-Center
17670	Hessische
17672	Heterogenität
17673	Heuberg-Derby
17674	Heufracht
17675	Heuter
17676	Heynitz
17677	Hi
17678	HiDrive
17679	Hidden
17681	Hierarchien
17682	Hierin
17684	Hierum
17685	High-Tech
17686	Hildebrandt
17687	Hildmann
17688	Hilfeangebote
17689	Hilfebedürftigkeit
17690	Hilfefunktion
17691	Hilfeleistungen
17692	Hilfeleistungsangebote
17693	Hilfeprozess
17694	Hilfestellung
17695	Hilfskräften
17696	Hilfsmittel
17697	Hilfsmitteln
17698	Hilfsorganisation
17699	Hilfst
17700	Hill
17701	Hiller
17702	Himmelfahrt
17703	Himmelfahrtswoche
17704	Himmelfahrtswochenende
17705	Himmelsgartens
17706	Himmelskörper
17707	Himmelsrichtungen
17708	Himmelsstürmer
17710	Hindernis
17711	Hindus
17712	Hingabe
17713	Hinrichtungen
17715	Hinterbeine
17716	Hinterbliebenen
17717	Hinterbliebenenleistungen
17718	Hintergrundberichten
17719	Hintergrundfarben
17720	Hintergrundinformation
17721	Hintergrundkenntnisse
17722	Hintergrundmusik
17723	Hintergrundwissen
17724	Hinterlassenschaften
17725	Hinterlegung
17726	Hintermilch
17727	Hinterrad
17728	Hintzsche
17730	Hinweisgeberin
17731	Hinweisgebers
17732	Hinwendung
17734	Hipp
17735	Hippies
17736	Hirnanhangsdrüse
17737	Hirsches
17738	Hirschfeld
17739	Hirschhausen
17740	Hirschweg
17741	Hirtengewand
17742	Hissfahnen
17744	Hitlers
17745	Hitparadenkrachern
17746	Hits
17747	Hitzebelastungen
17748	Hitzebildung
17749	Hitzeverteilung
17750	HoC
17752	Hochaltrige
17753	Hochaltrigen
17754	Hochdahl
17755	Hochdeutsch
17756	Hochdruck
17758	Hochinzidenz-
17759	Hochinzidenzgebiet
17760	Hochleistungsschweißverfahren
17761	Hochrechnen
17762	Hochrisikogebiete
17763	Hochschul-Bildungssystem
17764	Hochschul-Start-ups
17765	Hochschulabschlüsse
17766	Hochschulabsolventen
17767	Hochschulabsolventinnen
17768	Hochschulambulanzen
17769	Hochschulbands
17770	Hochschulbereich
17771	Hochschulchor
17772	Hochschuldidaktik
17773	Hochschuldozent
17786	Hochschulfinanzierung
17787	Hochschulinstanz
17788	Hochschullandschaft
17789	Hochschulleitung
17790	Hochschulmedizin
17791	Hochschulnetz
17793	Hochschulrat
17794	Hochschulrats
17795	Hochschulsport
17796	Hochschulstandort
17797	Hochschulzugangsberechtigung
17798	Hochschulöffentlichkeit
17799	Hochseilgarten
17800	Hochsommer
17801	Hochstraße
17802	Hochtechnologie
17803	Hochtemperatur-Industriewärmepumpe
17804	Hochvakuum
17806	Hochwasserfall
17807	Hochwasserkatastrophen
17808	Hochwasseropfern
17809	Hochwasserrisiko
17811	Hocker
17812	Hockeyteams
17814	Hofanlage
17815	Hofes
17817	Hoffnungen
17818	Hoffnungsträgerin
17819	Hofhistoriographen
17820	Hofkapelle
17821	Hofmeister
17822	Hofreiter
17823	Hogwarts
17825	Hohenzollern-Orte
17827	Holger
17829	Holiday
17830	Hollander
17831	Hollein
17832	Hollywood-Ikone
17833	Holodeck
17834	Holte-Stukenbrock
17835	Holzarten
17836	Holzbohle
17837	Holzbootsbauer
17838	Holzgebäuden
17839	Holzkapelle
17840	Holzkonstruktion
17841	Holznachbildung
17842	Holzstab
17843	Homburg
17846	Homiletik
17847	Homo
17849	Homöopathische
17850	Honigbienen
17851	Honigwabenmuster
17852	Honorarkraft
17855	Hooligans
17856	Hopkins
17857	Hoppe
17858	Horizont
17859	Horizontalsperre
17860	Hormone
17861	Hormonsystem
17862	Hornbach
17863	Hornstaad-Hörnle
17864	Hornung
17865	Hornunterricht
17866	Horst
17868	Horteinrichtungen
17869	Hoskins
17870	Hospital
17871	Hospitation
17872	Hospizbetreiber
17873	Hospizdiensten
17874	Hospizen
17875	Hospizes
17876	Hosting
17877	Hosting-Partners
17878	Hosts
17879	Hot
17880	Hotel-
17881	Hotel-Akademie
17882	Hotel-Angebote
17883	Hotelbuchung
17884	Hotelkosten
17885	Hotellobby
17886	Hotspot
17887	Hotspots
17888	Howe
17889	Howman
17890	Hoyerswerda
17892	Http
17893	Hubernagel
17894	Hubert
17895	Hubertus
17897	Hubs
17898	Huelsmann
17899	Hufeisen
17900	Hufelandstraße
17901	Humboldt-Gymnasium
17903	Humboldt-Universität
17904	Huml
17905	Hummeln
17906	Hummels
17907	Hummer
17908	Humorvolle
17909	Hundehaftpflicht
17910	Hundehalterschule
17911	Hunden
17912	Hunderttausend
17913	Hundeschule
17914	Hundetrainern
17916	Hungergefühle
17917	Hurrikan
17918	Huss
17919	Hustede
17922	Hybridwettbewerben
17923	Hygiene-
17924	Hygiene-Museum
17925	Hygieneauflagen
17926	Hyperaktivität
17927	Hyperlink
17929	Hypocalcämie
17930	Hypokaliämie
17931	Hyponatriämie
17932	Hypothalamus
17933	Hyänen
17934	HÄVG
17935	Häcksler
17936	Häfen
17937	Häfler
17938	Häftlinge
17939	Häkchen
17940	Hämoglobinbestimmung
17941	Händchen
17942	Hänsel
17944	Härtegrad
17946	Häufigen
17948	Häufigkeit
17949	Häuflein
17950	Häuschen
17951	Häuserwänden
17952	Häusser
17953	Höchstadt
17954	Höchstbetrag
17955	Höchstgewicht
17956	Höchstgrenzen
17957	Höchstleistungen
17958	Höchststudiendauer
17959	Höhepunkt
17960	Höhepunkte
17961	Höherstufung
17962	Höhlenrettung
17963	Höhn
17964	Hörbehinderungen
17965	Hörbeiträge
17966	Hörer
17967	Hörfilm-Autorinnen
17968	Hörgeräte
17969	Hörgeschädigtenpädagogen
17970	Hörhilfen
17971	Hörmessungen
17972	Hörspielkreises
17974	Hörsys
17975	Hörzentren
17976	Hübner
17977	Hübsche
17978	Hühnereiern
17979	Hühnern
17980	Hülsbusch
17981	Hüser
17982	Hütte
17983	Hüttenkapellen
17984	Hüttenleute
17987	IAF
17988	IB
17990	IBM
17991	ICC
17993	ICE-Züge
17994	ICF
17995	ICONY
17996	IDD-Karte
17997	IDE-Kabel
17999	IEKK
18000	IFD
18001	IFG
18002	IGLU-Studie
18003	IHK-Aus-
18004	IHK-Bewerbungsseminare
18005	IHK-Initiative
18006	IHK-Landesinitiative
18007	IHK-Prüfungsausschüssen
18008	IHKs
18010	II-Empfänger
18011	IKK
18013	ILIAS
18014	INFOnline
18015	INNOQ
18016	IONOS
18017	IP-
18018	IP-Breitband-Vertrags
18019	IP-Masking
18020	IPCC-Koordinierungsstelle
18023	IQVIA
18024	IRC
18025	ISAR
18029	IT-Beratungsunternehmen
18030	IT-Branche
18031	IT-Budgets
18032	IT-Experten
18033	IT-Koordinatoren
18034	IT-Schulungen
18035	IT-Sicherheit
18036	IT-System
18037	IT-Systems
18038	IT-Unternehmen
18039	IT-Wirtschaft
18040	IT-gestützte
18041	IVDK
18042	IVW
18043	IWH
18044	IWU
18046	Ibrahim
18050	Iconsets
18051	Idar
18054	Ideenbücher
18055	Ideenmanagements
18056	Ideenreichtum
18057	Ideenskizzen
18058	Iden
18059	Identifikation
18060	Identifikationsnummer
18061	Identitätsbereich
18062	Identitätsdiebstahl
18063	Ideologie
18064	IfBQ
18065	IfSG
18066	Iframes
18067	IgM-Antikörper
18068	Igelbuslinie
18069	Igor
18074	Ihrerseits
18076	Ilfelder
18078	Ilgenfritz
18079	Illustration
18080	Illustriert
18081	Ilona
18082	Iltis
18088	Immatrikulation
18089	Immatrikulationsbescheinigung
18091	Immissionen
18092	Immissionssituation
18093	Immobilien-Darlehen
18094	Immobilienexperte
18095	Immobiliengeschäft
18096	Immobiliengeschäften
18097	Immobilienkaufmann
18098	Immobilienkäufer
18099	Immobilienmaklers
18100	Immobilienmanagement
18101	Immowelt
18102	Immun-
18103	Immunantwort
18104	Immunologisch
18105	Immunprozesse
18106	Immunschwäche
18107	Immunsystem
18108	Impact
18109	Imperfekt
18110	Imperia
18111	Imperial
18113	Impf-Traktor
18114	Impfangebot
18115	Impfanreiz
18116	Impfbereitschaft
18117	Impfbus-Tour
18118	Impffortschritts
18119	Impfkampagne
18120	Impfkommission
18121	Impflücken
18122	Impfmobil
18123	Impfnachmittag
18124	Impfpläne
18125	Impfschutzmaßnahmen
18126	Impfstation
18127	Impfstatusabfrage
18128	Impfstoffes
18129	Impfstoffknappheit
18130	Impfteam
18131	Impftermine
18132	Impfzentren
18133	Impfzentrum
18134	Implantat
18135	Implementierung
18136	Imponiergehabe
18137	Importe
18138	Importmöglichkeit
18139	Impuls
18140	Impulsgeber
18141	Impulspapier
18144	In-vivo
18147	Indeed
18148	Indices
18149	Indien
18150	Indikationen
18151	Indikationsgruppen
18152	Indikatoren
18153	Indirekteinleiterkataster
18154	Indiumzinnoxid
18155	Individual-
18156	Individuelabreden
18157	Individuen
18158	Individuum
18159	Indonesien
18160	Indonesisch
18161	Industrieanlagen
18162	Industriebetrieb
18163	Industriebetriebe
18164	Industriebranchen
18165	Industrieflächen
18166	Industriekaufleuten
18167	Industriekooperationen
18168	Industriekultur
18169	Industriekunden
18170	Industrielle
18171	Industrienationen
18172	Industrieprojekt
18173	Industriezucker
18174	Industriezweigen
18175	Infektiologie
18176	Infektionsfall
18177	Infektionsgeschehen
18178	Infektionsketten
18179	Infektionsschutz
18180	Infektionsschutzes
18181	Infektionsschutzgesetz
18182	Infektiosität
18183	Infineon
18185	Influencerin
18186	Influencerinnen
18187	Influenza
18188	Influenza-Viren
18189	Info-Stand
18190	Info-Text
18191	Infoblatt
18192	Infografik
18193	Infomaterial
18194	Inforadio
18195	Informant
18196	Informatics
18197	Informatik-Biber
18198	Informatiker
18199	Informatikjahr
18201	Informationsabend
18202	Informationsaustausches
18203	Informationsbasis
18204	Informationsbereitstellung
18205	Informationsfreiheit
18206	Informationsgehalt
18207	Informationsgespräch
18208	Informationsmaterialien
18209	Informationsmitteln
18210	Informationsportal
18211	Informationsschreiben
18212	Informationsseiten
18213	Informationssyteme
18214	Informationstafeln
18215	Informationstechnik
18216	Informationsveranstaltungen
18217	Informationsverarbeitung
18218	Informationsverbund
18219	Infospalte
18220	Infostand
18221	Infoteil
18222	Infotour
18223	Infrastrukturchef
18224	Infrastrukturvorhaben
18225	Infusionen
18227	Ingenieurbau
18228	Ingenieurbauprojekte
18229	Ingenieure
18230	Ingenieurinnen
18231	Ingenieurleistung
18232	Ingenieursemester
18233	Ingenieursstudium
18234	Ingenieurstudium
18235	Ingenieurstätigkeiten
18236	Ingesamt
18237	Ingmar
18238	Ingo
18240	Inhaberin
18241	Inhaftierung
18242	Inhalation
18244	Inhaltsbereiche
18245	Inhaltsstoffe
18246	Inhaltsverzeichnis
18247	Inholland
18248	Inhouse-Veranstaltung
18249	Initiativbewerbung
18251	Initiatorin
18252	Initiierung
18253	Inkjet-Printer
18254	Inklusionsbotschafter
18255	Inklusionsbotschafterin
18256	Inklusionsmaßnahmen
18257	Inklusionsvereinbarung
18258	Inklusiv
18259	Inkraftreten
18260	Inkrafttreten
18261	Inlandsflüge
18264	Innenbereich
18265	Innenbereichen
18266	Innenhof
18267	Innenhofes
18268	Innenhöfe
18269	Innenpolitiker
18270	Innenressort
18271	Innenräumen
18272	Innensadt
18273	Innentemperatur
18276	Innerer
18278	Innern
18279	Inno-Connvention
18280	Innovationseinheit
18281	Innovationsführer
18282	Innovationskraft
18283	Innovationslabor
18284	Innovationsmanagement
18285	Innovationspark
18286	Innovationspotenziale
18287	Innovationsprogramms
18288	Innovationsprozess
18289	Innovationstreiber
18290	Innovationszentrum
18294	Innowego
18295	Innsbruck
18296	Input
18297	Input-Sessions
18298	Insektenvielfalt
18299	Insel-
18300	Inseln
18301	Inselwelt
18302	Inserenten
18303	Insights-Interview
18304	Instagram-Accounts
18305	Instagram-Symbol
18306	Instandhaltung
18307	Instant
18311	Instituten
18312	Institutes
18314	Institutionalisierung
18315	Institutsbibliothek
18316	Instrumentalfassungen
18317	Instrumenten
18318	Insurance
18319	Inszenierung
18320	Inszenierungen
18321	Integrationsgesetz
18322	Integrationskurse
18323	Integrationsmaßnahmen
18324	Integrationsminister
18325	Integrationsquote
18327	Integritätssysteme
18328	Intelligence
18332	Intensivmedizin
18333	Intensivsprachkurse
18334	Intensivstationen
18335	Intensivtherapien
18336	Interaction
18338	Interaction-Design
18339	Interaktionen
18340	Interaktionsübungen
18341	Interdependenz
18342	Interessanter
18343	Interessantes
18344	Interessengruppen
18345	Interessenlage
18346	Interessenmodulen
18347	Interessenschwerpunkt
18348	Interessensvertretung
18349	Interessent
18350	Interessenvertreterinnen
18351	Interessenvertretern
18352	Interessenvertretung
18353	Interest
18354	Interflora
18355	Interims-Management
18356	Interkultur
18360	Intermediate-Care-Station
18361	Intern
18362	Internat
18366	Internationalisierung
18367	Internationalismus
18368	Internationalität
18369	Interne
18371	Internet-
18372	Internet-Nutzer
18373	Internet-Präsenz
18374	Internet-Seite
18375	Internet-Telefonie
18376	Internetadresse
18377	Internetanbieters
18378	Internetangebotes
18379	Internetanschlüssen
18380	Internetauftrittes
18381	Internetdiensten
18382	Internetplattform
18383	Internetpräsentationen
18384	Internetpräsenzen
18385	Internetseitengestaltung
18386	Internetsicherheit
18387	Internettechnologien
18388	Internetunterstützung
18389	Internetversion
18390	Internisten
18391	Interpret
18392	Interpretation
18393	Interpretationen
18394	Interpretiere
18395	Intersexualität
18396	Interventionen
18397	Intimsphäre
18398	Intoleranz
18399	Intranet
18400	Intransparenz
18401	Intrauterinpessare
18402	Inverkehrbringens
18403	Inverkehrbringungsverbot
18405	Investitionsbereitschaft
18406	Investitionsbeziehungen
18407	Investitionskostenerstattung
18408	Investitionspauschale
18409	Investitionsprogramm
18410	Investitionszurückhaltung
18411	Invisible
18412	Invitational
18414	Inzidenzstufe
18415	Inübunghaltung
18416	IoT-Ökosysteme
18417	Ionomer
18418	Ipek
18419	Iras
18420	Ireland
18422	Iris
18424	Irish
18425	IronPython
18426	Irrglauben
18427	Irrlehre
18428	Irsee
18429	Isa
18431	Isaac
18435	Isabell
18436	Ischämie
18437	Islam
18438	Islamunterricht
18439	Isländisch-Grammatik
18440	Isolierung
18441	Isotopen
18442	Isotops
18443	Israels
18444	Ist-Analyse
18445	Ist-Zustände
18446	Istanbul-Konvention
18447	Istanbuls
18449	Italiener
18450	Italienisch
18451	Izakayas
18454	JMU
18455	JMU-Account
18457	Jack
18458	Jacoba
18459	Jacobs
18460	Jagdausübungsberechtigten
18461	Jagdbehörde
18462	Jagdgebiet
18463	Jahnplatz
18464	Jahnstraße
18465	Jahrbuch
18467	Jahresabschluss
18468	Jahresanfang
18469	Jahresbeitrag
18470	Jahresberichts-Leporello
18471	Jahresbilanz
18472	Jahresendzeugnissen
18473	Jahreshoroskop
18474	Jahreskonferenz
18475	Jahresniederschlag
18476	Jahresnote
18477	Jahresprojekt
18478	Jahressonderzahlung
18479	Jahrestagung
18480	Jahresthema
18481	Jahresverbrauch
18482	Jahreswechsel
18483	Jahreszahlen
18484	Jahrgangs
18485	Jahrgangsstufenfahrten
18486	Jahrgänge
18487	Jahrhunderten
18488	Jahrtausendwende
18489	Jahrzehnts
18490	Jakob
18491	Jakub
18492	Jalta
18493	Jam
18494	Jamara
18495	James
18497	Jamstack
18499	Jana
18500	Jane
18502	Janette
18503	Janis
18504	Jann
18505	Janneke
18507	Janssen-Kucz
18510	Jap
18513	Jasmin
18514	Jasper
18516	Java
18517	Jazz
18519	Jean-Philippe
18521	Jeltsch
18522	Jena
18523	Jennifer
18528	Jeroen
18529	Jessica
18530	Jesuswort
18531	Jettingen
18535	Jicki
18536	Jo-Jo-Effekt
18537	Job-Center
18538	JobMedi-Messe
18539	Jobangebote
18540	Jobangeboten
18541	Jobbörse
18542	Jobcenters
18543	Jobchancen
18544	Jobmarkt
18545	Jobmotor
18546	Jobmöglichkeiten
18547	Jobperspektive
18548	Jobportal
18549	Jobprofile
18550	JobsDie
18551	Jobware
18553	Joe
18558	Jones
18559	Jonnys
18560	Joop
18561	Jordan
18562	Jordanian
18563	Joscha
18564	Josef
18565	Josefine
18567	Joseph
18569	Josephs
18572	Journal
18573	Journalismusausbildung
18575	Journalistenausbildung
18577	Journeys
18578	JtfO
18582	Jubiläum
18583	Jubiläums-Veranstaltungen
18584	Jubiläumsabend
18585	Jubiläumsfinale
18587	Judensau
18588	Judenthum
18594	Jugend-
18595	Jugendbund
18596	Jugendfreizeiten
18597	Jugendgemeinschaftswerken
18598	Jugendgesundheitsdienst
18600	Jugendherbergswerk
18601	Jugendhilfepreises
18602	Jugendkult
18603	Jugendkulturfestival
18604	Jugendkunstschulen
18605	Jugendlager
18606	Jugendmannschaften
18607	Jugendmedienkultur
18608	Jugendmedienschutzes
18609	Jugendpsychiater
18610	Jugendpsychiatrie
18611	Jugendrat
18612	Jugendrehabilitation
18613	Jugendring
18614	Jugendschutz
18615	Jugendschutz-Produkten
18616	Jugendschutzkonzepte
18617	Jugendtreffs
18618	Jugendvertretern
18619	Jugendwettbewerb
18620	Jugendzimmer
18621	Jugendämter
18622	Jugendämtern
18630	Jumaa
18632	Jungenaufzucht
18633	Jungendbuch
18635	Jungforscher
18636	Junggesellengruppen
18637	Jungmädchenbuch
18644	Junior-Professor
18645	Junioraufgaben
18646	Jurastudium
18647	Juristinnen
18648	Jurysitzung
18649	Juryvorsitzenden
18650	Juste
18651	Justiz-Auktions-Portals
18652	Justizakademie
18653	Justizminister
18654	Justizministerium
18655	Justizvollzugsanstalt
18657	Justizvollzugsanstalten
18658	Justizvollzugsbeamte
18659	Justizvollzugsbeamten
18660	Jutta
18662	Juwelen
18663	Juwelieren
18665	Jägerinnen
18666	Jährigen
18667	Jährlingen
18673	Jülich
18674	Jüngeren
18680	KB
18681	KBV
18682	KCP
18683	KEIM
18684	KESCH
18685	KESSER
18687	KErn-Jahresbericht
18688	KI-Champions
18689	KI-Labs
18690	KI-Projekte
18691	KIG
18692	KInvFG
18693	KJC
18694	KJM
18695	KKS
18696	KLIPS
18697	KOBV-Bibliothekenführer
18698	KOBV-Portal
18699	KOBV-Zentrale
18700	KOSMOS
18701	KOSTAL
18702	KRITIS
18703	KSV
18704	KTQ
18705	KTQ-Geschäftsführer
18706	KTQ-Qualitätsbericht
18707	KTQ-Verfahren
18708	KV
18709	KVB-Daten
18710	KVB-Mitarbeitern
18711	KVB-Veröffentlichungen
18712	KVen
18713	KWM-Standort
18714	KWSB
18715	KZ
18717	KZBV
18718	Kabarettduo
18719	Kabel
18720	Kabelbaum
18721	Kabelloses
18722	Kaempf
18723	Kaffeeröstung
18724	Kaffeestandard
18725	Kahnschiffer
18727	Kaiserreiches
18728	Kaiserschnitt
18729	Kakadu
18730	Kalckreuth
18731	Kaldun
18732	Kalenderansicht
18733	Kalenderjahres
18734	Kalendermonat
18735	Kalendermonate
18736	Kalendertag
18737	Kalksteineinbänken
18738	Kalkulation
18739	Kalkulationen
18740	Kalle
18741	Kaloudis
18742	Kaltmassivumformung
18743	Kalzium
18744	Kamelien
18745	Kamera-Setup
18746	Kameradschaft
18747	Kamerapositionen
18748	Kammercembalist
18749	Kammerkonzerte
18750	Kammermusik
18751	Kammern
18752	Kammerspiele
18753	Kamp
18754	Kamp-Lintfort
18755	Kampagnenkontrolle
18756	Kampfeinsatz
18757	Kampfsportler
18758	Kampfsprint
18759	Kana
18760	Kanada
18761	Kanal
18762	Kanalbauer
18763	Kanalisation
18765	Kandidatentrio
18766	Kandidatur
18767	Kaniber
18768	Kaninchen
18769	Kannste
18770	Kanon
18771	Kansas
18774	Kantate
18775	Kante
18776	Kantine
18777	Kanzlei
18779	Kanzleramt
18780	Kanzlerin
18781	Kanzlerkandidat
18782	Kanzlerkandidatin
18783	Kanälen
18785	Kapellmeister
18786	Kaperungen
18787	Kapillaren
18788	Kapitalbeitrag
18789	Kapitalverkehrskontrollen
18790	Kapiteln
18791	Kapselmaschinen
18792	Kapten
18793	Kardiologie
18794	Karg-Stiftung
18795	Karikaturen
18796	Karikaturisten
18797	Karikaturistinnen
18807	Karl-Marx-Monument
18808	Karls
18810	KarlsruheProf
18811	Karlsruher
18813	Karnevalssitzung
18814	Karnevalsverein
18815	Karosseriebautage
18816	Karosserieexperten
18817	Karriere-Themen
18818	Karrierechancen
18819	Karriereförderung
18820	Karrieremöglichkeiten
18821	Karrierenachteil
18822	Karrierenetzwerk
18823	Karriereperspektiven
18824	Karrierestart
18825	Karrierethema
18826	Karrierewege
18828	Kartellamt
18829	Kartenbaum
18830	Kartenblattes
18831	Kartenführerscheinen
18832	Kartenleser
18833	Kartoffeln
18834	Kartoffelsalat
18835	Kartoffelvorrat
18836	Karton
18837	Karussell
18838	Karwoche
18839	Karzle
18840	Kasernenfläche
18841	Kasia
18842	Kaspar
18843	Kassel
18844	Kassenbereich
18845	Kassenführung
18846	Kassenkredite
18847	Kassenzahnärztlichen
18848	Kassenärztliche
18849	Kassenärztlichen
18850	Kassettenspieler
18851	Kassierer
18852	Kassiererin
18853	Kassierin
18854	Kastanie
18855	Kasten
18856	Kastration
18857	Kasualien
18858	Kasus
18859	Katalogisierung
18860	Katalogs
18861	Katalonien
18862	Katarina
18864	Katastrophenalarm
18865	Katastrophenhilfe
18867	Katheter
18868	Katholik
18869	Katholische
18871	Katholizismus
18872	Katja
18875	Katzenbabys
18876	Katzenpfötchen
18877	Katzenschnupfen
18879	Kauf-Vertrag
18880	Kaufhaus
18882	Kaufleuten
18883	Kaufmanns
18884	Kaufmannsfamilie
18885	Kaufpreis
18886	Kaufverträge
18889	Kaweh
18890	Kegel
18891	Kegeln
18892	Keime
18894	Keks
18895	Kelberg
18896	Kelle
18898	Kellerdecke
18899	Kellerfenstern
18900	Kellerkinder
18901	Kello
18902	Kelly
18903	Kenia
18904	Kennedyplatz
18905	Kennern
18906	Kennst
18908	Kenntnissen
18909	Kenntnisstand
18910	Kennwort
18911	Kennzahlen
18913	Kennzeichenschildern
18914	Kennzeichenwechsel
18915	Kent
18916	Keramikerin
18917	Kerbe
18918	Kerk
18919	Kerlchen
18920	Kerle
18921	Kernanliegen
18922	Kernarbeitszeit
18923	Kernaufgaben
18924	Kerncharakteristika
18925	Kernenergie
18926	Kernfragebogen
18927	Kerngrundlagen
18928	Kernkraftwerke
18929	Kernmodul
18930	Kernprüfung
18931	Kernpunkt
18932	Kernpunkte
18933	Kernschulen
18934	Kernverantwortung
18935	Kernziel
18936	Kerzen
18937	Kessmann
18938	Ketsch
18939	Key
18940	Keyboard
18941	Keywordstrategie
18942	Kfz-Versicherung
18943	Khans
18944	Kickoff
18945	Kickstarter-Kampagne
18946	Kiddy
18947	Kidman
18948	Kids
18949	Kiebitzrefugien
18950	Kiebitzschutz
18951	Kieferorthopäde
18952	Kiel
18953	Kierey
18954	Kiez
18962	KinderTicket
18963	Kinderarbeit
18964	Kinderarmut
18965	Kinderarzt
18966	Kinderbereich
18968	Kinderbetreuungs-
18969	Kinderbetreuungsangebote
18970	Kinderbetreuungszuschuss
18971	Kinderfeuerwehren
18972	Kinderforschertagen
18973	Kinderfreizeitbonus
18974	Kinderfreundliche
18975	Kinderfunkkolleg
18976	Kindergartenkinder
18977	Kindergeburtstag
18978	Kindergeldzahlung
18979	Kinderhaut
18980	Kinderintensivpflegedienst
18981	Kinderklinik
18982	Kinderkrankengeld
18983	Kinderkrankengelds
18984	Kinderkrankentage
18985	Kinderlose
18986	Kindermedien
18987	Kindermenü
18988	Kinderoper
18989	Kinderpädagogik
18990	Kinderrechtliche
18991	Kinderschutz
18992	Kinderschutzeinrichtung
18993	Kindersuchmaschine
18994	Kindertagesbetreuung
18995	Kindertagesstätte
18997	Kinderzuschlag
18998	Kindlein
18999	Kinds
19000	King
19002	Kinobetreiber
19003	Kinos
19004	Kinzig
19006	Kir-chenvorstand
19009	Kirchenbeamtenverhältnissen
19010	Kirchenfahnen
19011	Kirchengemeinden
19012	Kirchenjahres
19013	Kirchenkanzlei
19014	Kirchenportal
19015	Kirchenrecht
19016	Kirchenrechtler
19017	Kirchensteuer
19018	Kirchenvorsteher
19019	Kirchgänger
19020	Kirchhof
19021	Kirchspiels
19022	Kirchturm
19023	Kirchweihen
19024	Kirmes-Gängern
19025	Kiron
19027	Kirschgarten
19028	Kiss
19029	Kissingen
19030	Kisten
19031	Kita-
19032	Kita-Angebot
19033	Kita-Coronaverordnung
19034	Kita-Jahr
19036	Kita-Preis
19037	Kita-Verbund
19038	Kitabereich
19039	Kitaplatzmangels
19040	Kitaverpflegung
19042	Kitt
19043	Kitten
19044	Kitzen
19045	Kiyang
19048	Klagerwiderung
19049	Klamotten
19050	Klangcharakter
19051	Klappbox
19052	Klappkarten
19053	Klappstühlen
19054	Klarsichtfolie
19055	Klarstellung
19056	Klarstellungen
19057	Klasen-Schneider
19058	Klassenbälle
19059	Klassenfahrt
19060	Klassenfahrten
19061	Klassenkameraden
19062	Klassenlehrerin
19063	Klassenlehrerinnen
19064	Klassenlehrerteam
19065	Klassenräume
19066	Klassensprecher
19067	Klassensprecherinnen
19068	Klassenstufen
19069	Klassentrakten
19070	Klassenverbund
19071	Klassifikation
19072	Klassik
19073	Klassikausbildung
19074	Klassikers
19077	Klaus-Dieter
19079	Klauseln
19080	Klausurdurchführung
19081	Klausureinsichten
19082	Klavierquartett
19083	Klaviervirtuosin
19084	Kleberchen
19085	Klebstoff
19086	Klee
19087	Kleiber
19088	Kleiderordnung
19089	Kleidungsstücke
19090	Klein-Istanbul
19091	Klein-Krotzenburg
19092	Kleinabbildungen
19093	Kleinbus
19094	Kleinbuskonzepte
19096	Kleingedruckte
19097	Kleingeräten
19098	Kleingruppen
19099	Kleinhirn
19100	Kleinkind
19101	Kleinkinderausstattung
19102	Kleinkunstbühne
19103	Kleinstauflagen
19104	Klemperer
19105	Klepsch
19106	Klettertechniken
19107	Kleyboldt
19108	Klezmer
19109	Klick-Tipps
19110	Klickraten
19111	Klickverhalten
19112	Klientel
19113	Klienten
19114	Klima-Netzwerk
19115	Klimaanlage
19116	Klimaanpassung
19117	Klimabelastungen
19118	Klimabildung
19119	Klimafolgen
19120	Klimafreundliche
19121	Klimagerät
19122	Klimakrise
19123	Klimalabel
19124	Klimanavigator
19125	Klimapolitik
19126	Klimarats
19127	Klimaschutzberatungen
19128	Klimaschutzkonzeptes
19129	Klimaschutzmanager
19130	Klimaschutzprojekten
19131	Klimaschutzvereinbarungen
19132	Klimaschützer
19133	Klimavereinbarungen
19134	Klimaziele
19138	Klinikums
19139	Klischees
19140	Klocklüders
19141	Klodeckel
19142	Klodeckels
19145	Klosterschule
19146	Kloty
19147	Klub
19148	Kläranlage
19149	Kläranlagen
19151	Klärgas
19152	Klärung
19153	Klönen
19154	Knabenkraut
19155	Knaupp
19156	Knaus
19157	Kneipp-Konzept
19158	Knete
19159	Knien
19160	Knieproblemen
19162	Knollen
19163	Knopf
19164	Knopfdruck
19165	Know
19167	Knowledge
19168	Knödelschützen
19169	Knötchen
19170	Ko-Kreation
19171	Koblenz
19172	Koblenz-Landau
19173	Kochaktionen
19175	Kocher
19176	Kochgeschirr
19177	Kochkoffern
19178	Kodersdorf
19179	Kodierung
19180	Kodierungen
19182	Koffein
19183	Kofferraumvolumen
19184	Kofi
19185	Kognitiv
19186	Kohl
19187	Kohlenhydrat-
19188	Kohlenhydrate
19189	Kohlenstoff-Nano-Röhrchen
19190	Kohlenstoffruß
19191	Kohlensäureperlen
19192	Koje
19193	Kojisäure
19194	Kojo
19195	Kojoten
19196	Kolben
19197	Kollaboration
19198	Kollaboratorien
19199	Kollegialen
19200	Kollegien
19202	Kollegium
19203	Kollegs
19204	Kollektiv
19205	Koller
19206	Kollision
19207	Kollisionnen
19208	Kollmer
19209	Kolloquien
19210	Kolondurchzug
19211	Kolonien
19212	Kolping
19213	Kolpingjugend
19214	KomNet-Portal
19215	Kombibads
19216	Kombinationen
19217	Kombinationstherapien
19218	Komfortverhalten
19219	Komik
19220	Komik-Pioniere
19221	Komitee
19222	Komma
19223	Kommandant
19226	Kommentatoren
19227	Kommentatorin
19228	KommilitonInnen
19229	Kommilitonen
19230	KommilitonenInnen
19231	Kommissare
19232	Kommissaren
19233	Kommissionen
19234	Kommissionsvertreter
19235	Kommunal
19236	Kommunalinvestitionsförderungsgesetz
19237	Kommunalpolitiker
19238	Kommunalwahl
19239	Kommunalwahlgesetz
19240	Kommunalwahlordnung
19241	Kommunikationsabsicherung
19242	Kommunikationsdirektor
19243	Kommunikationsformen
19244	Kommunikationsgrundlagen
19245	Kommunikationsinhalte
19246	Kommunikationsmanagement
19247	Kommunikationsmedium
19248	Kommunikationsstruktur
19249	Kommunikationstechnologie
19250	Kommunikationswissenschaft
19251	Kommunikationswissenschaftlerin
19252	Kommunismus
19253	Kompaktveranstaltung
19254	Kompass
19255	Kompatibilität
19256	Kompetent
19257	KompetenzNachweis
19258	Kompetenzbereichen
19259	Kompetenzerwerb
19260	Kompetenzfelder
19261	Kompetenzspektrum
19262	Kompetenztrainings
19263	Kompetenzvorsprung
19264	Kompetenzzentren
19267	Kompliment
19268	Komplizen
19269	Komponist
19270	Kompositionen
19271	Komposthaufen
19272	Kompromiss
19273	Kompromisse
19275	Konditionsanfrage
19276	Konferenzticket
19277	Konfirmanden
19278	Konfirmandenzeit
19279	Konfirmandinnen
19280	Konflike
19281	Konflikte
19282	Konflikthandlungen
19283	Konfliktlotsen
19284	Konfliktlösungsmöglichkeiten
19285	Konfliktlösungsstrategien
19286	Konfliktstoff
19287	Konformität
19288	Konformitätsbewertung
19289	Kong
19291	Kongressticket
19292	Konjunktur
19293	Konkordiapark
19294	Konkretisierung
19295	Konkurrent
19296	Konkurrenten
19297	Konnexität
19298	Konsens-Training
19299	Konsistenz
19300	Konsole
19301	Konsolidierung
19302	Konsolidierungsprozess
19303	Konstanten
19304	Konstanzer
19305	Konstruktionsdidaktik
19306	Konstruktiven
19307	Konsultationen
19308	Konsultationsprozesses
19309	Konsumalltag
19310	Konsumausgaben
19311	Konsumenten
19312	Konsumentinnen
19313	Konsumgüter
19314	Kontakt-
19315	KontaktWo
19316	Kontaktbeschränkung
19317	Kontaktformularen
19318	Kontaktfreudigkeit
19320	Kontaktliste
19321	Kontaktmöglichkeit
19322	Kontaktmöglichkeiten
19323	Kontaktnachverfolgung
19324	Kontaktpunkt
19325	Kontaktstelle
19326	Kontaktvermittler
19327	Kontaktwege
19328	Konten
19329	Kontenclearings
19330	Kontenrahmen
19331	Konterfei
19332	Kontexten
19333	Kontextänderungen
19334	Kontinent
19335	Kontingent
19336	Kontingente
19337	Kontinuität
19338	Kontist
19339	Kontobewegungen
19340	Kontoführung
19341	Kontowecker
19342	Kontraste
19343	Kontroll-
19344	Kontrollschwerpunkte
19345	Konvention
19346	Konventionstextes
19347	Konversation
19348	Konversationen
19349	Konvoi
19350	Konzentrationslager
19351	Konzentrationslagern
19352	Konzentrationslagers
19353	Konzentrationsschwäche
19354	Konzentrationstraining
19355	Konzentrationsvermögen
19356	Konzeptentwicklung
19357	Konzeptionen
19358	Konzeptioner
19359	Konzerndatenschutzbeauftragte
19360	Konzernrabatt
19361	Konzerns
19363	Konzertangebote
19364	Konzertbesucher
19365	Konzerten
19366	Konzertfilms
19367	Konzertkalender
19368	Konzertreihe
19369	Konzertverschiebungen
19370	Konzessionen
19371	Kooperationsfähigkeit
19372	Kooperationspartnerin
19373	Kooperationspartnern
19374	Kooperationspartners
19375	Kooperationsprojektes
19376	Kooperationsunternehmen
19377	Kooperationsvertragen
19378	Kooperationsvertrages
19379	Kooperativenverband
19380	Koordinatenpaares
19381	Koordinatensystem
19382	Koordinatensysteme
19384	Kopenhagen
19385	Kopfes
19386	Kopfseite
19387	Kopfteil
19388	Kopieren
19389	Kopiervorlagen
19390	Kor
19391	Korbinian
19392	Korbs
19393	Korbweiden-
19394	Koreanischen
19395	Korn
19396	Kornblum
19397	Kornmarkt
19398	Kornwestheimer
19400	Korrelation
19401	Korrespondenzen
19402	Korrosionsschäden
19403	Korruption
19404	Korz
19405	Kosmologie
19406	Kosten-
19407	Kostenangabe
19408	Kostenbeteiligung
19409	Kostenfreie
19410	Kostenintensive
19411	Kostenloser
19412	Kostenträger
19413	Kostenübernahme
19414	Kostenübernahmeerklärung
19415	Kostüme
19416	Kostümen
19417	Kowalski
19419	Kraatz
19420	Krabben
19421	Kracauer
19422	Krafteinsatz
19423	Kraftfahrzeug
19424	Kraftfahrzeugsteuer
19425	Kraftfahrzeugtechnik
19426	Kraftmessungen
19427	Kraftstoffe
19428	Kraftstoffstrategie
19429	Kraftstoffverbrauch
19430	Kraftwerke
19431	Krahe
19432	Kraken-Eis
19433	Krallenzehe
19434	Kranichsaison
19435	Kranke
19436	Krankenfahrt
19437	Krankenhaus-Standorten
19438	Krankenhauses
19439	Krankenhausfinanzierung
19440	Krankenhausfinanzierungsmittelum
19441	Krankenhausfällen
19442	Krankenhausgesellschaft
19443	Krankenhausspiegel
19444	Krankenhausstandort
19445	Krankenhäuser
19446	Krankenrolle
19448	Krankenversicherungsbeiträgen
19449	KrankheitDie
19450	Krankheits-Erreger
19451	Krankheitsbewältigung
19452	Krankheitsstadium
19453	Krankheitssymptome
19454	Krankheitstag
19455	Krankheitsverarbeitung
19456	Krankheitsverläufen
19457	Krankheitswelle
19458	Krankmachende
19459	Krankmeldung
19460	Krankmeldungen
19461	Krasnojarsk
19462	Krasse
19463	Kratzer
19464	Kraus
19465	Krauthausen
19466	Krawallen
19467	Krawatten
19468	Kreatininhaushaltes
19469	Kreationen
19470	Kreativagentur
19471	Kreativer
19473	Krebsberg
19474	Krebsdiagnose
19475	Krebsfor-schung
19476	Krebsprävention
19477	Krebspräventionswoche
19478	Krebsrisiko
19479	Krebszellen
19480	Kreditanstalt
19482	Kreditausschusses
19483	Kredites
19484	Kreditinstitut
19485	Kreditinstituten
19487	Kreditkartennummer
19488	Kreditkosten
19489	Kreditoren-Management
19490	Kreditrechner
19491	Kreditversicherungs-AG
19492	Kreditvertrages
19498	Kreischa
19499	Kreisel
19502	Kreishaus
19503	Kreishauses
19504	Kreisliga
19505	Kreissitz
19506	Kreissparkasse
19508	Kreisstadt
19509	Kreisstraßen
19510	Kreissynode
19511	Kreisverkehren
19512	Kreiszeitung
19513	KreuzDeutsches
19514	Kreuzahler
19515	Kreuzchor
19516	Kreuzes
19517	Kreuzfahrt
19518	Kreuzfahrten
19519	Kreuzfahrtschiff
19520	Kreuzfahrtschiffen
19521	Kreuzfahrtschiffes
19522	Kreuzimpfung
19523	Kreuznach
19524	Krieges
19525	Kriegsbeginn
19526	Kriegsziel
19527	Krippenspiels
19528	Krisenstab
19529	Krisenteams
19530	Kristallnadeln
19531	Kriterium
19532	Kritikstimmen
19534	Kritischen
19535	Kroatien
19536	Kroll
19537	Kronberg
19539	Krone
19540	Kroppenstedt
19541	Krupp
19542	Kryptowährungen
19543	Kräne
19544	Kräuter
19545	Kräuterlehre
19546	Krümmel
19547	KuFiFe
19548	Kube-Prometheus-Stack
19549	Kubikmeter
19550	Kuden
19551	Kufen
19552	Kugelmann
19553	Kugelstoßen
19554	Kugelstoßer
19556	Kulisse
19557	Kuller
19559	Kultes
19560	Kultschlager
19561	Kultstatus
19562	Kulturagenten
19563	Kulturagentinnen
19564	Kulturaustausches
19565	Kulturbeauftragte
19566	Kulturbühnen
19567	Kulturdezernentin
19568	Kultureller
19569	Kulturerbe
19570	Kulturerbes
19571	Kulturfonds
19572	Kulturgeschichte
19573	Kulturgut
19574	Kulturgutschutz
19576	Kulturinstitution
19577	Kulturkirche
19579	Kulturministerin
19580	Kulturpalast
19581	Kulturpflanzen
19582	Kulturplakatsäulen
19583	Kulturportal
19584	Kulturräume
19585	Kulturschaffenden
19586	Kulturstaatssekretär
19587	Kulturtechniken
19588	Kultururlaub
19589	Kulturwandels
19590	Kulturwissenschaftler
19591	Kulturöffner
19592	Kultusministeriums
19593	Kummer
19594	Kunden-
19595	Kundenanfragen
19596	Kundenbereich
19597	Kundenbetreuung
19598	Kundenbewertungen
19599	Kundenfeedbackvorlage
19600	Kundenkontakt
19601	Kundenkontakte
19602	Kundenkontos
19603	Kundenpräferenzen
19604	Kundenseite
19605	Kundenveranstaltungen
19606	Kundenwünsche
19607	Kundinnen
19608	Kunstbau
19609	Kunstgegenstände
19610	Kunstgegenständen
19612	Kunstgruppe
19613	Kunstpioniere
19614	Kunstsammlung
19616	Kunstsammlungen
19618	Kunstschule
19619	Kunststoffen
19620	Kunststoffgegenstände
19621	Kunststoffgranulate
19622	Kunststoffmatten
19623	Kunststoffrasensystemen
19624	Kunsttrend
19626	Kunstwerke
19627	Kunterbunt
19628	Kunz
19629	Kupfer
19630	Kur
19631	Kur-
19632	Kurankyi
19633	Kuratoriums
19634	Kuratoriumssitzungen
19635	Kuraufenthalt
19636	Kurfürsten
19637	Kurfürstenanlage
19638	Kurhaus
19639	Kuriere
19640	Kurklinik
19641	Kurort
19642	Kurorten
19643	Kursaison
19644	Kursbeschreibung
19645	Kursen
19646	Kursentwicklung
19647	Kurses
19648	Kursindex
19649	Kursindexe
19650	Kursseite
19651	Kursteilnehmenden
19652	Kursteilnehmern
19653	Kurstermin
19654	Kurstermine
19655	Kurszeit
19656	Kurszuweisungen
19657	Kursäle
19659	Kurzarbeitergeldbezugs
19661	Kurzentschlossene
19662	Kurzes
19663	Kurzfassung
19664	Kurzfilmblock
19665	Kurzfilmfestival
19666	Kurzform
19667	Kurzfristige
19668	Kurzinformation
19669	Kurznachrichtendienst
19670	Kurzurlaubs
19671	Kurzvideo
19672	Kurzzeitprojekte
19673	Kutsche
19674	Kuturbeuteln
19675	Kuusisto
19676	Kyffhäuser
19677	Kyoto-Protokoll
19678	Käfig
19680	Kältepads
19681	Kälterekord
19682	Känguru-Abenteuer
19683	Känguru-Wettbewerb
19684	Kärnten
19685	Käsküche
19686	Kästen
19687	Käthe
19688	Käthe-Niederkirchner-Straße
19689	Käufer
19690	Köchen
19691	Köchin
19692	Köln-Trainer
19693	KölnCard
19694	KölnTourismus-ServiceCenter
19695	Kölns
19697	Könige
19699	Königshof
19700	Königsschlösser
19701	Königstein
19702	Köpergewicht
19703	Köpfe
19704	Körben
19705	Körnern
19706	Körper-
19707	Körperbeherrschung
19708	Körperbewusstsein
19709	Körpererfah-rung
19710	Körperform
19711	Körperfunktionen
19712	Körperhal-
19713	Körperhaltung
19714	Körperkontakt
19715	Körperliche
19717	Körperposition
19718	Körperregion
19719	Körperschaft
19721	Körperschaftssteuer
19722	Körperstellen
19723	Körperumfang
19724	Körperverletzung
19725	Köster-Steinebach
19726	Köstlichkeit
19727	Köstlichkeiten
19728	Kübel
19729	Küchenchef
19730	Küchenhilfen
19731	Küchenteam
19732	Küchentisch
19733	Kühe
19734	Kühen
19735	Kühlaufbauten
19736	Kühlmöglichkeiten
19737	Kühlregale
19738	Kühlung
19739	Kükentötens
19740	Küllmer-Vogt
19741	Kündigungsgrund
19742	Kündigungsrecht
19743	Kündigungsverzicht
19744	Kündigungszeit
19745	Künstlerbund
19746	Künstlerisch-Musikalische
19748	Künstlersozialabgabe
19749	Kürschner-Redaktion
19750	Kürzung
19752	Küstengemeinden
19753	Küstengewässer
19754	Küstenlebensräume
19755	Küstenregion
19756	Küstenregionen
19757	Küstenstreifen
19759	L-Bank
19763	LAGuS
19764	LAK
19765	LAN
19766	LB
19767	LBB
19769	LD
19770	LDT-Datensatz
19772	LEARNTEC
19773	LED-Leuchten
19774	LED-Wand
19775	LEERzeiten
19777	LF
19778	LG
19780	LGBTI
19781	LGBTIQ
19782	LIEBESLEBEN
19784	LIfBi
19785	LK
19787	LMGU
19788	LMZ
19789	LOEWE-Exploration
19790	LOKANTA
19791	LOTTO
19792	LP
19793	LPR
19794	LS
19795	LSA
19796	LSBTI
19797	LSBTIQ-Personen
19798	LSC
19799	LT-Drs
19800	LTC
19801	LUPUS
19802	LURÖY
19803	LV
19804	LVR-Landesjugendamt
19806	Labor-
19807	Laboren
19808	Lachs
19809	Lack
19810	Lackdoktor
19811	Ladepunkte
19812	Lader
19813	Ladung
19814	Ladungen
19816	Lagerbedingungen
19817	Lagerfeuer
19818	Lagermanagement
19819	Lagerungsbedingungen
19820	Lageänderungswiderstand
19821	Laichen
19822	Laien
19823	Laienchorverband
19824	Laienchöre
19825	Laienselbsttests
19826	Lamapups
19827	Laminat
19828	Lamm
19830	Lammzeit
19834	LandFrauentages
19835	LandFrauenverband
19836	LandMAXX
19837	Landau
19838	Landauer
19839	Landbau
19840	Lande
19841	Landemanöver
19842	Landes-Regierung
19844	Landesamtes
19848	Landesarbeitsgemeinschaft
19849	Landesarbeitsgericht
19851	Landesaufnahme
19852	Landesausschuss
19853	Landesbauernverband
19854	Landesbetrieb
19855	Landesbibliothek
19856	Landesbischof
19857	Landesdatenschutzbeauftragte
19858	Landesdirektion
19860	Landesebene
19861	Landeselternbeirat
19862	Landesentwicklungsplan
19863	Landesfamilienpass
19864	Landesfeuerwehrverband
19865	Landesforschungsanstalt
19866	Landesförderung
19867	Landesgartenschau
19868	Landesgremium
19869	Landesgrenzen
19870	Landesgymnasium
19872	Landeshaushaltes
19873	Landeshaushalts
19874	Landesinklusionsgesetz
19875	Landesinstitut
19877	Landesjagdgesetz
19878	Landesjugendring
19879	Landeskirchen
19880	Landeskirchenamt
19881	Landeskriminalamt
19883	Landeslisten
19884	Landesmarketing
19885	Landesmedaille
19886	Landesmeisterschaften
19887	Landesmittel
19888	Landesmuseum
19889	Landesnetzwerk
19890	Landespolizeiorchesters
19891	Landespräventionsrates
19892	Landesprüfungsamt
19893	Landesrecht
19894	Landesschulbehöre
19895	Landessieger
19896	Landessportbund
19898	Landesstiftung
19899	Landesstrategie
19900	Landesteil
19901	Landesteilen
19902	Landesuniversitäten
19903	Landesverbänden
19904	Landesvereins
19905	Landesverordnung
19906	Landeswappen
19907	Landesweite
19908	Landeszentrums
19910	Landesärztekammer
19911	Landgerichte
19912	Landgraf
19913	Landhaus-Gestaltungen
19914	Landhausstil
19915	Landkarten
19925	Landkreistages
19926	Landratsamt
19927	Landschaften
19928	Landschaftsaufnahme
19929	Landschaftspark
19930	Landschaftspflege
19931	Landschaftsrahmenplan
19932	Landshuter
19933	Landtages
19934	Landtagsabgeordnete
19935	Landtagsabgeordneten
19936	Landtagspräsidentin
19937	Landtagswahl
19938	Landtrut
19940	Landwirt
19941	Landwirtschaftskammer
19942	Landärzte
19943	Landärztinnen
19945	Langbein
19946	Langem
19947	Langendörfer
19948	Langenhagen
19949	Langjähriger
19950	Langlebigkeit
19951	Langness
19953	Langstroh
19954	Langweilen
19955	Langwierige
19956	Langzeitarbeitslose
19957	Langzeitaufenthalt
19958	Langzeiterwerbslosigkeit
19959	Langzeitkonflikten
19960	Langzeitpraktikum
19961	Lanka
19962	Laptops
19963	Lapu-Lapu
19966	Lars
19967	Lasche
19968	Laser
19969	Laserdrucker
19970	Laserscanbefliegungen
19971	Laserscandaten
19972	Laserscanning
19973	Lass
19974	Lasst
19975	Lastenrädern
19976	Lastmanagement
19977	Lastschrift
19978	Lateinamerikas
19979	Laternen
19980	Latexfüllungen
19981	Latexmatratze
19982	Latexmatratzen
19983	Latexschicht
19984	Latin-Music-Ensemble
19985	Latzel
19986	Laubbäume
19987	Laubes
19988	Laubholzaltbestände
19989	Laubner
19990	Lauf-
19992	Laufnähe
19993	Laufrädern
19994	Laufstall
19995	Lauftext
19996	Laufwerk
19997	Laumann
19998	Laurine
20000	Lausitzer
20001	Lauta
20002	Lauterbach
20004	Lautsprechern
20005	Lavendel
20006	Law
20007	Lawn
20008	Layout
20010	Le
20011	League
20012	LearnSpace
20013	Learning
20014	Learning-Lehrgang
20016	Leasingraten
20017	Leaves-Alben
20019	Lebend-Impfstoff
20020	Lebendgeburten
20021	Lebens-Partnerschaft
20022	Lebensbereiche
20023	Lebensbereichen
20024	Lebenseinstellung
20025	Lebensende
20026	Lebenserfahrung
20027	Lebensformen
20030	Lebensgemeinschaft
20031	Lebensgeschichte
20032	Lebensgrundlage
20033	Lebensgrundlagen
20034	Lebensjahre
20035	Lebensjahres
20036	Lebenslangen
20037	Lebensläufe
20038	Lebensmittel-
20039	Lebensmittelbranche
20040	Lebensmitteleinkauf
20041	Lebensmittelerzeugnisse
20042	Lebensmittelhandwerk
20043	Lebensmittelladen
20044	Lebensmitteltechniker
20045	Lebensmittelverkehr
20046	Lebensmittelverschwendung
20047	Lebensmittelwarnungen
20048	Lebensmotto
20049	Lebensmut
20050	Lebensordnung
20051	Lebensort
20052	Lebensphase
20053	LebensqualitätDie
20055	Lebensregeln
20056	Lebensspanne
20057	Lebensumfeld
20058	Lebensumfeldes
20059	Lebensunterhaltes
20060	Lebensunterhalts
20061	Lebenswandels
20062	Lebensweisen
20063	Lebenswelt
20064	Lebenswerk
20065	Lebenszeitprävalenz
20066	Lebenszykluskosten
20067	Leberkäse
20068	Lebertransplantierter
20069	Leberzirrhose
20071	Lebzeitige
20072	Leckereien
20073	Leckerli
20074	Lederberg
20075	Lederbänken
20076	Lederkombis
20077	Leer-
20078	Leere
20079	Leerschritte
20080	Leerzeichen
20081	Legale
20082	Legende
20083	Lehel
20084	Lehm
20085	Lehmziegeln
20086	Lehr-Lern-Formaten
20087	Lehr-Lern-Laboren
20088	Lehr-Lern-Medien
20089	Lehr-Lernformen
20090	Lehrakademie
20091	Lehramtsprüfung
20092	Lehramtsstudiengänge
20093	Lehramtsstudiengängen
20094	Lehramtsstudierende
20095	Lehraufträge
20096	Lehrbeauftragten
20097	Lehrbericht
20099	Lehrer-
20101	Lehrerausbildung
20102	Lehrerband
20103	Lehrerbildung
20104	Lehrerkonferenz
20105	Lehrerkräfte
20106	Lehrermobbing
20107	Lehrerzimmer
20108	Lehrgangsbetrieb
20109	Lehrgangsteilnehmer
20110	Lehrgängen
20112	Lehrkräftearbeitsmarkt
20113	Lehrpersonen
20114	Lehrpfad
20115	LehrplanPLUS
20116	Lehrplans
20117	Lehrpläne
20118	Lehrproben
20119	Lehrstuhls
20120	Lehrstühlen
20121	Lehrtätigkeiten
20122	Lehrveranstaltungsevaluation
20123	Lehrverpflichtungen
20124	Lehrwerk
20125	Lehrwerks
20126	Leib
20129	Leibniz-Einrichtungen
20132	Leibniz-Instituts
20133	Leibniz-Universität
20135	Leibniz-WissenschaftsCampi
20136	Leibovitz
20137	Leichtathletik-EM
20138	Leichtathletinnen
20141	Leidens
20142	Leidenszeit
20143	Leiharbeit
20144	Leiharbeitnehmer
20145	Leihe
20146	Leihgeräte
20147	Leihwagen
20148	Leimbach
20150	Leisegang
20151	Leistenarterie
20152	Leistungs-
20153	Leistungsanbieter
20154	Leistungsangaben
20155	Leistungsangeboten
20156	Leistungsberechtigter
20157	Leistungsbewertungen
20158	Leistungsbezieher
20159	Leistungsbild
20160	Leistungsdruck
20161	Leistungseinbußen
20162	Leistungsempfänger
20163	Leistungserbringer
20164	Leistungserbringung
20165	Leistungserwartungen
20166	Leistungsfach
20167	Leistungsgrenzen
20168	Leistungskurs
20169	Leistungskurse
20170	Leistungsmenge
20171	Leistungsminderung
20172	Leistungsnachweisen
20173	Leistungsorientierten
20174	Leistungspaket
20175	Leistungspunkte
20176	Leistungsreserven
20177	Leistungsstärken
20178	Leistungsträger
20179	Leistungsumfang
20181	Leistungsverfall
20182	Leistungsvergütung
20183	Leistungsvermögen
20184	Leistungszentrum
20185	Leiterinnen
20186	Leiters
20187	Leitfadens
20188	Leitfäden
20189	Leitgedanken
20190	Leitidee
20191	Leitideen
20192	Leitlinien
20193	Leitspruch
20194	Leitstelle
20195	Leitstellen
20196	Leitsymptomen
20197	Leitthema
20198	Leitungen
20199	Leitungsidentität
20200	Lektion
20201	Lektionen
20202	Lektüre
20203	Lektüreeindrücke
20208	Leni
20209	Lenk-
20210	Lenken
20211	Lenker
20212	Lenkrad
20213	Lenkungsgruppe
20214	Lennart
20216	Lenthe
20217	Leon
20218	Leonard
20220	Leone
20221	Leopold
20223	Lern-Schwierigkeiten
20224	LernSax-Nutzer
20225	Lernanreiz
20226	Lernarrangements
20227	Lernatmosphäre
20228	Lernaufgabe
20229	Lernaufwand
20230	Lernbedingungen
20231	Lernbegleiter
20232	Lernduo
20234	Lerneffekt
20237	Lernender
20238	Lernerfolg
20239	Lernfeldern
20240	Lernformate
20241	Lernformen
20242	Lerngruppe
20243	Lerngruppen
20244	Lernhürden
20245	Lernleistung
20246	Lernmanagementsystem
20247	Lernmanagementsystemen
20248	Lernmaterial
20249	Lernmittel
20250	Lernort
20251	Lernorte
20252	Lernphasen
20253	Lernplattform
20254	Lernplattformen
20255	Lernprojekten
20256	Lernschwierigkeiten
20257	Lernstände
20258	Lernständen
20259	Lerntagebuch
20260	Lerntrends
20261	Lernumfeld
20262	Lernwerkstätten
20263	Lernzeiten
20264	Lernzielkataloges
20265	Lesarten
20266	Lesbarkeit
20267	Lesbisches
20268	Leseausweis
20269	Leseerlebnis
20270	Lesefähigkeiten
20271	Lesegeschwindigkeiten
20272	Lesekiste
20273	Lesekompetenzmodelle
20274	Lesemodus
20275	Lesemotivation
20276	Leseplatz
20278	Leseratten
20279	Leserbriefe
20280	Leserinnen
20281	Leserschaft
20282	Lesevortrag
20283	Lesezeichen
20284	Lesung
20285	Lesungsabenden
20286	Letalitätsrate
20287	Lettern
20288	Lettershop
20291	Letztentscheidungsbefugnis
20292	Letztere
20294	Letztverbraucher
20295	Leuchtreklamen
20296	Leuchtstofflampe
20297	Leuchtturm
20298	Leukämie
20299	Leukämien
20300	Leuphana
20301	Leuten
20302	Leverkusen
20303	Levonorgestrel
20304	Lewentz
20305	Lexikon
20306	Leyen
20308	LfA
20309	LfULG
20310	Libanesen
20311	Libanon
20312	Libelle
20313	Libyen
20315	Lichtenberg
20316	Lichtermeer
20317	Lichtfarbe
20318	Lichtkunst
20319	Lichtleiter
20320	Lichtpflicht
20321	Lichtsignalanlage
20322	Lichtversorgung
20325	Liebenwerda
20326	Liebenzell
20327	Liebeserklärung
20328	Liebhart
20329	Lieblingsadjektive
20330	Lieblingslieder
20331	Lieblingsprogramm
20332	Lieblingsrestaurant
20333	Lieblingsspeise
20334	Lieblingsteile
20335	Lieblingswort
20336	Liebsten
20337	Liechtenstein
20338	Liedergarten
20339	Liedermachers
20340	Lieferant
20341	Lieferanten
20342	Lieferbarkeit
20343	Lieferservices
20344	Liefertermine
20345	Liegegefühl
20347	Liegenschaften
20348	Liegenschafts-
20349	Liegenschaftsvermessungen
20350	Liegezonen
20351	Lifetime-Sportarten
20352	Liga
20353	Ligabetrieb
20354	Liganden
20355	Limited
20356	Limousin
20357	Linde-Stadion
20358	Lindenstraße
20359	Linderung
20360	Lineal
20361	Linguistik-Olympiade
20362	Linienfluggesellschaft
20363	Linke
20364	LinkedIn
20365	Linken
20366	Linkspartei
20367	Linum
20368	Linux-Kommandozeile
20369	Linux-Shell
20370	Linzmeier
20371	Lions
20372	Lipidforscher
20373	Liposomen
20374	Lippe
20375	Liquidation
20376	Lisa
20377	Listenhunden
20378	Listerien
20380	Literacy
20381	Literarische
20382	Literaturabend
20383	Literatursuche
20384	Lithium
20385	Lithium-Akkus
20386	Litzmannstadt
20387	Live-Lichtperformance
20388	Live-Posts
20389	Live-Sport-Erlebnis
20390	Livemitschnitte
20391	Liveshows
20392	Livestreams
20393	Living
20394	Lizenz
20395	Lizenzen
20396	Lizenzverträge
20398	Lobes
20399	Loburger
20400	Location
20401	Lochstelle
20402	Lockangeboten
20403	Lockerungs-
20404	Lodz
20405	Loebe
20406	Log-Dateien
20407	LogMeIn
20408	Logement
20409	Loggen
20410	Login
20411	Login-Problemen
20413	Logisches
20414	Logistikdaten
20415	Logistikdienstleister
20416	Logistikkosten
20417	Logistikprozesse
20418	Logoeindrucks
20419	Logokombinationen
20420	Logonutzungserklärung
20421	Logopädie
20422	Loh
20423	Lohe
20424	Lohmann
20426	Lohnkostenzuschuss
20427	Lohnsteuerhilfevereinen
20428	Lohnunternehmen
20429	Loitz
20430	Lokal-Angebote
20431	Lokales
20432	Lokalgruppen
20433	Lokalpresse
20434	Lokalradios
20436	Loks
20437	Lola
20439	Lona
20440	Lonetal-Mehlbeere
20441	Long
20443	Longlist
20444	Longsands
20445	Loosveld
20446	Losen
20447	Loss
20448	Losverkauf
20449	Loth
20450	Lothar
20451	Lotterie
20452	Lounge
20453	Louvre
20454	Loyalität
20455	LpB
20456	Luca
20457	Luca-App
20458	Lucas
20461	Lucha
20462	Ludger
20464	Ludwigs
20465	Ludwigsburg-Kornwestheim
20466	Ludwigsburger
20468	Ludwigshafen
20469	Luengo
20470	Luft-
20471	Luftballons
20472	Luftbewegung
20473	Luftbildaufnahmen
20474	Luftbilder
20475	Luftdüsen
20476	Luftmassen
20477	Luftmatratze
20478	Luftqualität
20479	Luftqualitätsindizes
20481	Lukians
20482	Lukrative
20483	Lunch
20485	Lungenentzündung
20486	Lungenfunktion
20487	Lungenklinik
20488	Lungenkrebs
20489	Lupen
20490	Lupengläsern
20492	Lust-
20494	Lustprinzip
20495	Luthe
20496	Luther
20497	Luvos-Heilerde
20498	Luxusstrategie
20499	Lymphdrainage
20500	Lymphdrainagen
20501	Lyocell
20502	Lyon
20503	Lyzems
20504	LÜNEBURG
20505	Läger
20506	Ländereien
20507	Länderfinanzausgleich
20508	Länderregelungen
20509	Länderspielpause
20510	Länderöffnungsklausel
20511	Ländliche
20513	Längen
20514	Längsachse
20515	Lärmbelastung
20516	Lärmbelästigung
20517	Lärmgewalt
20518	Lärmquelle
20519	Läuse
20521	Löhne
20523	Löschfahrzeug
20524	Löschverlangen
20525	Löss
20526	Löss-
20527	Lösungshilfe
20528	Lösungsmöglichkeiten
20529	Lösungsvorschläge
20530	Lösungsvorschlägen
20531	Lösungswege
20532	Lösungswort
20533	Löwenstein
20534	Lüdinghausen
20535	Lüftung
20536	Lüftungskonzept
20537	Lüftungsthematik
20538	Lügenpresse
20539	Lügner
20541	LüttIng-Projekt
20547	MAO
20549	MB
20550	MBA-Studiengang
20551	MBWK
20552	MDK-Gutachten
20553	MDM
20554	MDP-Lösung
20556	MEDIMED
20557	MEP-BW
20558	MFG
20559	MINQ
20560	MINT-Berufe
20561	MINT-Bildung
20562	MINT-Camps
20563	MINT-EC
20564	MINT-Fächern
20565	MINT-Geschäftsstelle
20566	MINT-Lehrkräfte
20567	MINT-Regionen-Förderwettbewerbs
20568	MINT-Studienfächer
20569	MINT-Zentrum
20571	MK
20573	MMORPG
20574	MNB
20575	MOOCs
20577	MPZ
20578	MR
20579	MRT
20581	MSAGD
20582	MSO
20583	MStV
20584	MWK
20585	MWWK
20586	MaaSMobility-as-a-Service-Plattform
20587	Maas
20588	Mac
20590	Macau
20591	Machbarkeitsstudien
20592	Macherinnen
20593	Machine
20595	Machine-Learning-Kurse
20596	Machtarithmetik
20597	Machtzirkel
20598	Macron
20599	Maddalena-Archipel
20600	Madeleine
20602	Maden
20603	Madenbefall
20604	Magazinbeiträge
20605	Magazine
20606	Magazinen
20607	Magazinierung
20608	Magen-Darm-Trakt
20609	Magen-Darmtrakt
20610	Magenpförtner
20611	MagentaCLOUD
20612	MagentaEINS
20613	MagentaTV
20614	Magistrat
20615	Magnet
20616	Magnetfelder
20617	Magnus
20620	Mahd
20621	Mahler-
20622	Mahlitzsch
20623	Mahlvorgänge
20624	Mahlwerk
20625	Mahlwerkes
20626	Mahlwerks
20627	Mahlzeiten
20628	Mahngebühren
20633	Maibaum-Arbeitsgruppe
20634	Maier
20635	Mail-Adresse
20636	Mails
20637	Mailversand
20638	Mainboard
20639	Mainfranken
20640	Mainstreaming
20641	Maite
20643	Maja
20644	Makler
20645	Maklerbüro
20646	Maklerprovision
20647	Makrameeprojekt
20648	Makro-
20649	Makroebene
20650	Malaria
20651	Male
20652	Malediven
20653	Malen
20654	Maler-
20656	Malereien
20657	Malteser-Hilfswerks
20658	Mami
20659	Mammographien
20660	Management-Studiengänge
20661	Managementebene
20662	Managementinstrumente
20663	Managementpläne
20664	Managements
20665	Managementsystem
20667	Managers
20668	Managing
20670	Mandantin
20671	Mandat
20672	Mandaten
20673	Mandatsträgertreffen
20674	Mangels
20675	Manne
20677	Mannheim
20678	Manning
20679	Mannschaftsansprachen
20680	Mannschaftsbildung
20681	Mannschaftskamerad
20682	Mannschaftssport
20683	Mantelverordnung
20684	Manthey
20685	Manual
20688	Manuskripte
20689	Map
20690	Maps-Funktionen
20694	Marcus
20698	Maria-Josef-Hospital
20699	Mariannhiller
20701	Marie
20702	Marie-Elisabeth
20704	Marietta
20705	Marino-Spiel
20707	Mariä-Geburtsmarkt
20708	Mark
20710	Markenbekanntheit
20711	Markenkern
20712	Markenname
20713	Markenprodukt
20714	Markenrechtsverletzung
20715	Markenwerbung
20716	Markenzeichen
20718	Marketing-E-Mail
20719	Marketing-Maßnahmen
20720	Marketing-Pflichtprogramm
20721	Marketing-Richtlinien
20722	Marketing-Strategien
20723	Markets
20724	Markgraf
20725	Markgräfler
20727	Markierungen
20728	Marktanteil
20729	Marktaufsicht
20730	Marktaufsichtsbehörde
20731	Marktberatung
20732	Markteintrittsstrategien
20733	Marktes
20734	Marktführer
20735	Marktmechanismen
20736	Markup
20737	Marlies
20738	Marlon
20739	Marokko
20740	Marshall-Plan
20741	Marte
20746	Martinshorn
20747	Martinus
20748	Martschukat
20749	Masche
20751	Maschinenbautechnik
20752	Maschinendesigns
20753	Maschinenringe
20754	Maskottchen
20755	Massage
20756	Massagefunktion
20757	Massagekissen
20758	Massenimpfung
20759	Massenproteste
20760	Massensterben
20761	Masseur
20762	Massive
20763	Massivholzbett
20764	Massivholzvariante
20765	Masten
20767	Master-Bereich
20768	Master-Programm
20769	Masterarbeit
20770	Masterplan
20771	Masterstudiengang
20772	Masterstudiengängen
20773	Masterthesis
20774	Masurenallee
20775	Materialfunktionenzielt
20776	Materialgestütztes
20777	Materialisierung
20778	Materialität
20779	Materialliebhaber
20780	Materialseite
20781	Materialverbrauch
20783	Mathematiker
20784	Mathematiklehrwerk
20785	Mathematikunterrichts
20786	Mathias
20788	Matomo-Technologie
20789	Matratzen-Discounter
20791	Matratzentoppern
20792	Matrikelnummer
20793	Matschie
20799	Matthias-Claudius-Haus
20800	Matzke
20801	Maus-Fokus
20805	Max-Planck-Institut
20806	Max-Schmeling-Halle
20807	Maximalbeträge
20808	Maximale
20809	Maximilian
20811	Mayerat
20812	Maßgeschneiderte
20814	Maßnahmenkatalog
20815	Maßnahmenpaket
20816	Maßnahmenplanung
20817	Maßstäbe
20818	MeSax-Mediathek
20820	Mechatronik
20821	Mecklenburg-VorpommernWenn
20822	Medaille
20823	Medaillensegen
20824	Medenmannschaften
20825	Medenspielen
20826	Meder
20827	Media-Plugins
20828	MediaKompakt
20829	MediaSurfer
20830	Mediationsaufgaben
20831	Mediationsgesetz
20832	Mediationstexte
20833	Medical
20834	Medicine
20835	Medien-
20837	Medien-Datenbank
20838	MedienKompetenzPreis
20839	Medienanstalten
20840	Medienarbeit
20841	Medienausfall
20842	Medienbeauftragten
20843	Medienbranche
20844	Mediendienste
20845	Medienentwicklungsplan
20846	Medienentwicklungsplanung
20847	Medienerziehung
20848	Medienführerschein
20849	Medieninhalte
20850	Medienlandschaft
20851	Medienmärkte
20852	Medienpakete
20853	Medienpartnern
20854	Medienprodukten
20855	Medienpädagogin
20856	Medienschaffender
20857	Medientechnik
20858	Medienverteiler
20859	Medikamenten
20860	Medikamenteneinnahme
20861	Medikamentenliste
20862	Medikation
20863	Medium-Paket
20864	Mediums
20865	Medizin-Mythen
20866	Medizingeräte
20867	Medizinprodukte
20868	Medizinprodukte-Informationssystem
20869	Medizintechnik
20870	Medizintourismus
20871	Meeks
20872	Meerane
20873	Meeres-
20874	Meeresansichten
20875	Meeresbriese
20876	Meereshäfen
20877	Meeresspiegels
20878	Meerschweinchen
20879	Meetings
20880	Meetingvariante
20881	Mehltau
20882	Mehrbelastung
20883	Mehrerträge
20884	Mehrfachnutzung
20885	Mehrheitsentscheidungen
20886	Mehrkindfamilien
20887	Mehrschicht-Federholzleisten
20888	Mehrzweckhalle
20889	Meiden
20893	Meinhold
20894	Meinungsforscher
20895	Meinungsforschungsinstituts
20896	Meinungsmacht
20898	Meister
20899	Meisterdieb
20900	Meisterfeier
20901	Meisterschaften
20902	Meisterschülerstudium
20903	Melamin-Lebensmittel-Futtermittel-Verbotsverordnung
20904	Melanchthon
20905	Melchior
20906	Melde-
20908	Meldeverfahren
20909	Meldorfer
20910	Melisse
20911	Mellado
20912	Melodiebögen
20913	Melodien
20914	Membran
20915	Memories
20916	Memorypaare
20917	Memoryschaums
20918	Meningokokken-Krankheit
20919	Menje
20920	Menlo
20922	Mensaverein
20923	Mensch-Lose
20924	MenschTheater
20926	Menschen-
20927	Menschenansammlungen
20928	Menschenart
20929	Menschenbild
20930	Menschenrechte
20931	Menschenrechtsbeauftragte
20932	Menschenrechtsinstitutionen
20933	Menschenwürde
20934	Menschlichkeit
20935	Mensen
20936	Mensing
20937	Menstruation
20938	Menstruationshygiene-Set
20939	Mentalcoach
20940	Mentor
20941	Mentoren
20942	Mentorien
20943	Mentoring-Tandems
20944	Mentorinnen-Programm
20945	Menüpunkt
20946	Menüs
20947	Meo
20948	Merchandising-Artikel
20949	Mercurius
20950	Merk-Funktion
20951	Merkel
20952	Merkels
20953	Merkmal
20954	Merkmale
20955	Merlin
20956	Merowinger
20957	Merten
20958	Merz
20959	Messaging
20960	Messanger
20962	Messeauftritts
20963	Messebesuche
20964	Messedamm
20965	Messegelände
20966	Messelaufzeit
20967	Messenger
20968	Messengern
20970	Messetag
20971	Messeticket
20972	Messetickets
20973	Messlatte
20974	Messpunkte
20975	Messsystems
20977	Messungen
20978	Messverfahren
20979	Messverfahrens
20980	Mesut
20982	Metabolismus
20983	Metadatenanzeige
20984	Metadatensätzen
20985	Metallabscheideprozesse
20986	Metallindustriellen
20987	Metallkomplexen
20988	Metalloxide-TFTs
20989	Metamorphikum
20990	Meteor
20991	Meter-Finale
20993	Methoden-
20994	Methodenberatung
20995	Methodenkonzept
20996	Methodenliteratur
20997	Methodenset
20998	Methylisothiazolinon
20999	Metrofliesen
21000	Metropole
21002	Metropolenraum
21005	Metrum
21006	MettmannDieser
21008	Metzinger
21009	Meusebach-Grundschule
21010	Mexii
21011	Mexiko
21012	MfS
21014	Micha
21020	Michaela
21022	Michel
21023	Mick
21025	Micro
21026	Micro-Module
21029	Microsoft-Advertising-Netzwerk
21030	Microsoft-Geräte
21031	Microsofts
21032	Miele
21033	Mienert
21034	Miesepeter
21036	Mieterhöhung
21037	Mieterhöhungverlangen
21038	Mieters
21039	Mieterschutzverein
21040	Mietgegenstandes
21041	Miethes
21042	Mietminderung
21043	Mietobergrenze
21044	Mietpreisbremse
21045	Mietrecht
21046	Mietschuldenfreiheitsbescheinigung
21047	Mietspiegels
21048	Mietverhältnis
21049	Mietverhältnisses
21050	Mietvertrages
21051	Mietvertrags
21052	Mietvertragskündigung
21053	Mietwagen
21054	Mietwohnungen
21055	Mietzins
21056	Migliedsstaaten
21057	Migranten
21058	Migrationsgeschichte
21059	MigrationshintergrundKollege
21060	Migrationspolitik
21061	Migrationsunterstützung
21062	Mikrofiguren
21063	Mikrofon
21064	Mikroorganismen
21065	Milben
21067	Milchprodukte
21068	Milchsäure
21069	Milchviehhaltung
21070	Milestones
21071	Militarismus
21072	Militärgouverneure
21073	Militärmanöver
21074	Miller
21075	Milliarden-Höhe
21076	Millimetermaßstab
21077	Mimik
21078	Min
21080	Mindener
21082	Minderheitenprogramm
21083	Minderwuchs
21084	Mindest-Versorgung
21085	Mindestabstands
21086	Mindestbestellwert
21087	Mindesteinkommensgrenze
21088	Mindestlohns
21089	Mindestniveau
21090	Mindestvertragslaufzeit
21091	Mindset
21092	Mineralien
21093	Mineralstoffe
21094	Mini-Meisterschaften
21095	Mini-One-Stop-Shop
21096	Miniatur
21097	Minimum
21105	Ministerpräsidenten
21106	Ministerpräsidentin
21107	Ministerrat
21108	Ministerratsinformation
21109	Minuszeichen
21111	Miriam
21112	Mischkonstruktionen
21113	Missbrauchsabsicht
21114	Misserfolge
21115	Missgunst
21116	Misshandlung
21117	Missioklinik
21118	Missionare
21119	Missständen
21122	Missverständnissen
21123	Mit-bestimmen
21124	Mitarbeiter-Casino
21125	Mitarbeiterbefragung
21127	Mitarbeitergesundheit
21128	Mitarbeiterin
21129	Mitarbeitermangel
21130	Mitbegründer
21131	Mitbestimmen
21132	Mitbestimmungsreche
21133	Mitbestimmungsrecht
21134	Mitbewerber
21135	Mitbewohner
21136	Mitbieter
21137	Mitbürger
21138	Mitbürgerinnen
21139	Mitbürgern
21140	Mitfahrer
21142	Mitgestaltung
21143	Mitgestaltungsmöglichkeiten
21144	Mitgliederverwaltung
21145	Mitgliedervollversammlung
21146	Mitgliederwerbung
21147	Mitgliedsantrag
21148	Mitgliedsbeiträge
21149	Mitgliedsland
21150	Mitgliedsorganisationen
21151	Mitgliedstaat
21152	Mitgliedsverbände
21153	Mitinhaber
21154	Mitinhaberschaft
21155	Mitleid
21156	Mitleidsvoll
21157	Mitmach-Aktion
21158	Mitmachaktion
21160	Mitmensch
21161	Mitmenschlichkeit
21162	Mitorganisatoren
21163	Mitschüler
21164	Mitschülers
21165	Mitsingen
21167	Mitstreitern
21169	Mittagsessens
21170	Mittagsgerichte
21171	Mittagsmenü
21172	Mittagspause
21173	Mittagsruhe
21175	Mittelalters
21176	Mittelbehörden
21177	Mittelbeschaffung
21178	Mitteldeutscher
21180	Mitteldeutschland
21181	Mittelgebirgen
21182	Mittelherkunft
21183	Mittelmeers
21184	MittelsachsenWie
21185	Mittelschulen
21186	Mittelstufe
21187	Mittelteil
21188	Mittelzentrum
21190	Miturheberschaft
21191	Mitverschulden
21192	Mitweltvergiftung
21193	Mitwirkungs-
21194	Mitwirkungshandlungen
21196	Mix
21197	Mo
21198	Mo-Fr
21200	MoDiSeM
21201	Mobber
21202	Mobbing-Situationen
21208	Mobilfunk-Vertrag
21209	Mobilfunkanschlüsse
21210	Mobilfunkdienste
21211	Mobilfunknutzer
21212	Mobilfunknutzung
21213	Mobilfunkversorgung
21214	Mobilfunkvertrag
21215	Mobiliar
21216	Mobility
21217	Mobilitäts-
21218	Mobilitätsangeboten
21219	Mobilitätsbeihilfe
21220	Mobilitätsfelder
21221	Mobilitätshemmnissen
21222	Mobilitätspakt
21223	Mobilitätsportal
21224	Mobilitätsverhalten
21225	Mobilportal
21226	Mobiltelefon
21228	Mode-Durst
21229	Modekollektion
21230	Model
21231	Model-in-the-Loop
21232	Modelleisenbahn
21233	Modellieren
21234	Modellprojekt
21235	Modellrechnungen
21236	Modellregionen
21237	Modellversuch
21238	Modellvorhaben
21239	Moderation
21240	Moderationen
21241	Moderatoren
21242	Moderatoren-Team
21243	Modezar
21244	Modifikation
21245	Modische
21246	Modrow
21247	Modul-
21248	Modulanerkennung
21249	Modularen
21250	Modulkoordinatoren
21251	Modulplanes
21252	Modus
21253	Mohammed
21254	Mohr
21255	Momentaufnahme
21256	Momentaufnahmen
21257	Momentive
21259	Monatsbinden
21260	Monatsende
21261	Monatsfrist
21262	Monatskaltmieten
21263	Monatskarten
21264	Mond
21265	Monica
21266	Monitor
21267	Monitoring
21268	Monitoringbericht
21269	Monitoringergebnissen
21270	Monitoringjahr
21271	Monja
21272	Mono
21273	Monoaminoxidase
21274	Monopräparate
21275	Monschau
21276	Monsun
21277	Monsuns
21278	Montagen
21279	Montageservice
21280	Montal
21281	Montecassino
21282	Montenegro
21283	Montessori
21284	Monteverdi
21285	Moodle
21286	Moon
21287	Moor
21288	Moosach
21289	Mor
21290	Moral
21291	Morde
21292	Morgen-
21293	Morgenlande
21294	Morgenspaziergang
21295	Morgenstunden
21296	Moringa
21298	Mosaik-Design
21299	Mosaik-Muster
21300	Mosaikfries
21301	Moscheen
21302	Moses
21305	Moskau
21306	Motherboard
21307	Motion-Einstellung
21308	Motiven
21309	Motorklubs
21310	Motorradfahrer
21311	Motto-Party
21312	Movement
21313	Moving
21315	Moving-Heads
21316	Mozart
21317	Mozarts
21318	Mozartsaal
21319	Mozilla-Suite
21321	MuSchG
21322	Mubadala
21323	Muff
21324	Muley
21325	MultiCa
21326	Multifunktionalen
21327	Multikulturalismus
21328	Multimedia-Installationen
21329	Multimorbidität
21330	Multiplayer
21331	Multipliers-Ansatzes
21332	Multiplikation
21333	Multiplikatoreffekt
21334	Multipliziertman
21335	Multitalent
21336	Mund-Nasen-Bedeckung
21337	Mund-Nasen-Schutz
21338	Munde
21339	Mundus
21340	Mundwinkel
21341	Munster
21342	Mupro-App
21343	Murr
21344	Muschelkalk
21345	Muscheln
21348	Museumsbahnen
21349	Museumsbehörden
21350	Museumsfans
21351	Museumskunde
21352	Museumslokschuppen
21353	Museumsshop
21354	Museumstour
21355	Music
21357	Musicals
21358	Musik-
21359	Musik-CD
21360	Musik-Jugendherbergen
21361	Musik-Streaming-Anbietern
21363	Musikalität
21364	Musikanlage
21365	Musikerlebnis
21366	Musikern
21367	Musikfestspiele
21368	Musikhochschule
21369	Musikpflege
21370	Musikproduzenten
21372	Musikrat
21373	Musikschulen
21374	Musikstilrichtungen
21375	Musiktheorie
21376	Musikunterricht
21377	Musizierstunden
21378	Muskatnuss
21379	Muskauer
21381	Muskel-
21382	Muskelaufbau
21383	Muskelgewebe
21384	Muskeln
21385	Muskulatur
21386	Musliminnen
21387	Musterformular
21388	Mustertexten
21389	Musterversand
21390	Mustervertrag
21392	Mutationen
21393	Muttern
21394	Mutterschutz
21395	Mutterunternehmen
21397	MwSt
21399	My
21400	MyCPS
21401	Mybet
21402	Myokin
21403	Mysterium
21404	Mädchenchor
21405	Mängel
21406	Männchen
21407	Märchenmotiven
21408	Märchenschloss
21409	Märchenstunde
21412	Märzwochenende
21413	Mäuse-
21414	Möbelgutschein
21416	Möckmühl
21419	Möhlenhoff
21420	Möller
21421	Mönch
21422	Mönchengladbach
21423	Mörtel
21424	Möwen
21425	Mücken
21426	Mühlacker
21427	Mühlendamm
21428	Mühlenkamp
21429	Mühlentechnik
21430	Mülheim
21432	Müllberg
21433	Müllbeutel
21434	Müllentsorgung
21435	Müllgebühren
21436	Müllmenge
21437	Müllsünder
21438	Münchens
21439	Mündigkeit
21440	MünsterBitte
21441	Münsteranerinnen
21442	Münsterer
21443	Münsterlandes
21444	Münsters
21445	Münzen
21446	Münzkabinetts
21451	NA
21452	NABU-Naturschutzzentrum
21453	NADA
21454	NAJU-Gruppen
21455	NASA-STI
21456	NBank
21457	NC
21458	NC-Werte
21459	NCL-Schiffen
21462	NINA
21463	NLWKN
21464	NMBRCRNCH
21465	NOZ
21466	NRW-Ministeriums
21467	NRW-Tickets
21468	NRW-Umweltministerium
21469	NRWeltoffen
21470	NS-Geschichte
21471	NS-Regimes
21472	NS-Staats
21473	NS-Verbrecher
21474	NStGHG
21475	NVDA-Reader
21477	Nach-
21478	Nachahmer
21480	Nachbarland
21481	Nachbarländern
21482	Nachbauten
21483	Nacherfüllung
21485	Nachfolgende
21487	Nachfolgerin
21489	Nachfrist
21492	Nachhaltigkeits-EXPO
21493	Nachhaltigkeitsanspruch
21494	Nachhaltigkeitsdirektorin
21495	Nachkaufgarantie
21496	Nachkriegsgeschichte
21498	Nachlass
21499	Nachlassen
21500	Nachlasses
21501	Nachlässe
21502	Nachlässigkeit
21503	Nachmieter
21504	Nachmittagsunterricht
21505	Nachnamen
21506	Nachreife
21507	Nachrichtenüberblick
21508	Nachrüstung
21509	Nachschlagen
21510	Nachsorge
21513	Nachtdienst
21514	Nachtspeicherheizung
21515	Nachttisch
21516	Nachverfahren
21517	Nachweises
21518	Nachwelt
21519	Nachwuchsarbeit
21520	Nachwuchsfilmemachern
21521	Nachwuchsgruppenleitung
21522	Nachzahlungsmodalitäten
21523	Nacken-Massagekissen
21524	Nadeldrucker
21525	Nadeln
21526	Nadine
21527	Nager
21528	Nagetier
21529	Naherholungsgebieten
21530	Nahrungsergänzungsmitteln
21531	Nahrungsversorgung
21532	Nahversorgung
21533	Nahwärmenetzen
21534	Nakari
21535	Naloxon
21536	Nama
21537	Namen-Suche
21538	Namensgeberin
21539	Namenskürzeln
21540	Nanjing
21541	Nano-ID
21542	Nanomaterial
21543	Nanotechnologien
21544	Narrativen
21545	Narrenzunft
21546	Nasa
21548	Nasenspray
21549	Nassstelle
21551	National
21556	Nationalkomitee
21557	Nationalparks
21559	Native
21561	Natura
21562	Nature
21563	Naturfaserlaken
21564	Naturfasern
21565	Naturgefahrenschutz
21566	Naturinstinkte
21567	Naturkatastrophen
21568	Naturkreislaufes
21569	Naturparks
21570	Naturrasenbelag
21571	Natursauerteig
21572	Naturschutz-Offensive
21573	Naturschutzarbeit
21574	Naturschutzbehörden
21575	Naturschutzfonds
21576	Naturschutzgebieten
21577	Naturschutzkonzept
21578	Naturschutzmaßnahmen
21579	Naturschutzorganisationen
21580	Naturschutzverwaltung
21581	Naturschutzzentrums
21583	Naturwissenschaftlichen
21585	Natürlichkeit
21586	Naumann
21587	Navigations-
21588	Navigationshilfen
21589	Navigationssystem
21590	Nazis
21591	Nazismus
21593	Nebenjob
21594	Nebenklage
21595	Nebenlagen
21596	Nebenprodukten
21597	Nebensache
21598	Nebenwohnsitz
21599	Nebst
21600	Neckar
21601	Neckarstadt
21602	Negativ-Bankdrücken
21603	Negativabzüge
21604	Negativliste
21605	Negativmerkmale
21606	Negativnachweis
21607	Nehls
21608	Neigungen
21609	Nellingen
21610	Nemi
21611	Nenners
21612	Nennung
21613	Neobarock
21614	Neoliberalismus
21615	Neonationalsozialisten
21616	Neonatologie
21617	Neorenaissance
21618	Nephelinit
21619	Neptun
21620	Nerds
21621	Nervensystems
21622	Nervenzellen
21623	Nervenzusammenbruch
21624	Nervosität
21625	Nesselhauf
21626	Nesselsucht
21627	Nest
21628	Nestgruppe
21629	NetSpeed
21630	Nettokaltmieten
21631	Nettokapazität
21632	Netzausbau
21633	Netzentgelte
21634	Netzer
21635	Netzers
21636	Netzes
21637	Netzhausarzt
21638	Netzwerk-
21639	Netzwerkadministrator
21640	Netzwerkevents
21641	Netzwerkinfrastruktur
21642	Netzwerkkarte
21643	Netzwerkpartner
21644	Netzwerks
21645	Netzwerktagung
21646	Netzwerktreffen
21647	Neuauflage
21648	Neuaufnahmen
21649	Neuausrichtung
21650	Neubauer
21651	Neubauvorhaben
21652	Neubauwohnungen
21653	Neubiberg
21654	NeubrandenburgWillkommen
21655	Neudorf
21657	Neueinstellung
21658	Neueinstiegs
21659	Neueintrag
21660	Neuenahr-Ahrweiler
21662	Neuerung
21663	Neueröffnung
21664	Neueste
21665	Neugeborenen
21666	Neugeborenenstation
21667	Neugestaltete
21668	Neugliederung
21669	Neuinstallation
21670	Neujahrsempfang
21671	Neujustierung
21672	Neukunde
21673	Neukundenboni
21674	Neuland
21675	Neumarkt
21676	Neumeier
21677	Neumünchner
21678	Neundorff
21680	Neunkirchen
21681	Neunzigern
21682	Neuregelung
21683	Neuregelungen
21684	Neureut
21685	Neuschwender
21686	Neuss
21688	Neustrelitz
21689	Neustädter
21690	Neutralität
21691	Neutraublinger
21692	Neutrinoastronomie
21693	Neuvermessung
21694	Neuveste
21695	Neuwertfaktor
21697	Newcomer-Werke
21698	Newsleter
21699	Newsletterabonnement
21700	Newsoder
21701	Newsroom
21703	Newton
21704	Next
21705	Next-Gen-Technologien
21706	Nicaragua
21707	Nicht-Standard-Richtung
21708	Nicht-konsekutive
21709	Nicht-schwimmen
21710	Nichtbeachtung
21711	Nichterfüllung
21712	Nichterkennen
21713	Nichtigkeit
21714	Nichtnutzung
21715	Nichtregierungsorganisationen
21717	Nichtsdestotrotz
21718	Nichtstun
21719	Nick
21723	Nicolas
21727	Niedergeschlagenheit
21728	Niederlage
21729	Niederlagen
21730	Niederlassungen
21731	Niederlausitz
21732	Niederrheinischen
21733	Niedersachen
21735	NiedersachsenMetall
21737	Niederschlägen
21738	Niederschrift
21740	Niederösterreichische
21741	Nienburg
21743	Nierenerkrankungen
21744	Nierenschwäche
21745	Nierstheimer
21746	Niesen
21747	Niesky
21748	Nigeria
21749	Nikita
21750	Nikkei
21751	Niklas
21753	Nikolausaktion
21754	Ninm
21755	Nirgendwo
21756	Niroomand
21757	Nischenprodukten
21758	Nischni
21760	Nitratmengen
21761	Nitratstickstoff
21762	Niveaus
21763	Niveaustufe
21764	Nixen
21767	Nobelpreistragende
21768	Nock
21769	Nohl
21770	Noj
21771	Nominierungen
21772	Nominierungskommission
21773	Nonstop-Schlagershow
21774	Nora
21776	Norbert-Gymnasium
21777	Nord-
21778	Nord-Ost
21779	Nord-Süd
21780	NordStadtkirchgemeinde
21781	Norddeutscher
21784	Nordens
21785	Nordeuropas
21786	Nordhorn
21787	Nordic-e-Walking
21788	Nordkirche
21789	Nordländer
21790	Nordost
21791	Nordpfälzer
21792	Nordschweden
21793	Nordsee
21794	Nordwest
21795	Nordwesten
21796	Nordwestzentrum
21797	Norm
21798	Norma
21800	Normalität
21801	Normalschrift
21802	Normenkontrollrat
21804	Normierung
21805	Normvorstellungen
21806	Norwegen
21807	Nossen
21808	Notariaten
21809	Notarkosten
21810	Notausgänge
21811	Notbetreuung
21812	Notbewilligungsrecht
21813	Notdienst
21814	Notdienste
21815	Note-Book-Tastatur
21816	Noteinweisung
21817	Notenpunkte
21818	Notenspalte
21819	Notenstapel
21820	Notfalldienst
21821	Notfalleinsätzen
21822	Notfallmedizin-Kurs
21823	Notfallpraxis
21824	Notfalls
21825	Notfallseelsorge
21826	Notfallzahlen
21827	Notfälle
21828	Notizen
21829	Notruf
21830	Notruf-Telefone
21832	Novelle
21833	Novellierung
21839	NovemberWie
21840	Nowgorod
21841	Nowogarder
21845	Nueva
21846	Nuklids
21847	Numerus
21851	Nuss
21854	Nutzerdaten
21855	Nutzererlebnis
21856	Nutzererlebnisse
21857	Nutzerin
21858	Nutzerinteraktion
21859	Nutzerkonto
21860	Nutzerrechte
21861	Nutzgärten
21862	Nutzlastoptimierung
21863	Nutzpflanzen
21864	Nutzungs-
21865	Nutzungsanalysezwecken
21866	Nutzungsberechtigte
21867	Nutzungsdaten
21868	Nutzungseinflüssen
21869	Nutzungsentschädigung
21870	Nutzungsformen
21871	Nutzungslizenz
21872	Nutzungsmöglichkeiten
21873	Nutzungspotentiale
21874	Nutzungsprofile
21875	Nutzungsrecht
21876	Nutzungsrechte
21877	Nutzungsverhalten
21878	Nutzungsvorteile
21879	Nutzungswandel
21881	Nägeln
21883	Nährstoffeinträge
21884	Nährstoffen
21885	Nährstoffzusammensetzung
21886	Nöte
21887	Nötigsten
21888	Nötigung
21889	Nürtingen
21890	Nützliches
21892	ODAIBA
21893	OER-basierter
21894	OGS-Trägers
21895	OHG
21896	OHRENBÄR-Hörgeschichte
21897	OK
21899	OP-Maske
21900	OPAC-Funktionalitäten
21901	OSGi
21902	OTH
21904	OTRS
21905	OUTSPORT
21906	OVG
21907	OZMC
21908	OZSV
21909	Obazda
21910	Obelix
21911	Oberallgäu-Süd
21912	OberasbachEvang
21913	Oberbadische
21914	Oberbürgermeister
21915	Oberflächenbehandlungen
21916	Oberflächenmodell
21917	Oberflächenwasserkörper
21918	Oberfranken
21919	Obergeschossen
21920	Oberhäuptern
21921	Oberland
21922	Oberlandesgerichte
21923	Oberlandesgerichts
21924	Oberlausitz-Niederschlesien
21925	Obermeister
21926	Oberpfalz
21927	Oberpleis
21928	Oberrheinischen
21929	Oberschenkel
21930	Oberschwabenklinik
21931	Oberschüler
21932	Oberstufen-Team
21933	Oberstufenkoordinator
21934	Oberstufenzentrum
21935	Oberwiesenthal
21936	Oberzentrale
21937	Obhutspflicht
21938	Objectives
21939	Objektbeschreibungen
21941	Objektverknüpfungen
21942	Observability
21943	Obst-
21944	Obstanbaugebiet
21945	Obstanlagen
21946	Ochs
21947	Ochsenfeld
21948	Odenwaldkreis
21949	Odol-Fabrikanten
21950	Oelsener
21951	Oerrel
21952	Ofen
21953	Ofens
21956	Office-Standardsoftware
21957	Offline
21960	Ohrentzündungen
21961	Ohropax
21962	Ohrspeicheldrüsenschwellung
21963	Ohrstanzprobe
21964	Oil
21965	Ojeda
21966	Oktett
21971	Oktoberfest
21972	Okular
21973	Olbia
21974	Oldendorf
21975	Olderdissen
21976	Olivenöl-Experten
21977	Olivenöls
21978	Olivia
21979	Olmesatan
21980	Olpe
21981	Olympiad
21982	Olympiagold
21983	Olympiastadion
21984	Olympic
21985	Olympique
21987	Olympische
21988	Olympisches
21989	Ombudspersonen
21990	Omega
21993	On
21994	On-
21995	One-Stop-Shop
21998	Online-Adventure
21999	Online-Angebote
22000	Online-Angeboten
22001	Online-Angebots
22002	Online-Anzeigen
22003	Online-Audio-Monitor
22004	Online-Azubi-Speeddating
22005	Online-Banking
22006	Online-Bankings
22007	Online-Befragung
22008	Online-Beratung
22009	Online-Beratungsangebote
22010	Online-Bezahldienste
22011	Online-Bibliographie
22012	Online-Buchung
22013	Online-Debatte
22014	Online-Dialog
22015	Online-Einschränkungen
22016	Online-Event
22017	Online-Familienhandbuch
22018	Online-Games
22019	Online-Gesprächsreihe
22020	Online-Hilfe
22021	Online-Händler
22022	Online-Journalismus
22023	Online-Konferenz
22024	Online-Kontoabschlüssen
22025	Online-Kurse
22026	Online-Lernformat
22027	Online-Marktplatz
22028	Online-Plattformen
22029	Online-Preisvergleich
22030	Online-Projektanleitungen
22031	Online-Präsenzen
22032	Online-Rubrikmarkt
22033	Online-Seminar
22034	Online-Seminare
22035	Online-Seminaren
22036	Online-Seminars
22037	Online-Service
22038	Online-Shop-Tipps
22039	Online-Shops
22040	Online-Stellenanzeigen
22041	Online-Stipendium
22042	Online-Terminplaner
22043	Online-Ticketshop
22044	Online-Trainings
22045	Online-Unterricht
22046	Online-Werbung
22047	Online-gestalten-Tool
22049	Onlineausgabe
22050	Onlinebeteiligung
22051	Onlinedienste
22052	Onlinehandel
22053	Onlineportal
22054	Onlinepräsenzen
22055	Onlineshops
22056	Onlinewelt
22058	OnlyFans
22059	Oolongblätter
22062	Open-Kategorie
22063	Open-Source-Treiber
22064	Open-Space
22065	OpenStreetMap
22066	Opening
22068	Opera
22070	Operationalisierung
22071	Opernfestival
22072	Opernwettbewerbs
22074	Opferbeauftragten
22075	Opferhelfer
22076	Opferhelferin
22077	Opfern
22078	Opferperspektive
22079	Opferschutz-Plattformen
22081	Opioidabhängigen
22082	Oppositionsgruppen
22083	Opt-Out-Cookie
22084	Opt-Out-Cookies
22085	Opt-in
22086	Optimierungen
22087	Orangen
22088	Orangengelee
22089	Oranienstraße
22090	Orchesterdirigieren
22091	Ordinariat
22092	Ordnungsamt
22093	Ordnungsrahmens
22094	Organ
22095	Organfehlbildungen
22096	Organfunktionen
22097	Organgrenzen
22098	Organisations-
22099	Organisationsberatung
22100	Organisationseinheit
22101	Organisationsform
22102	Organisationsformen
22103	Organisationskosten
22104	Organisationsmanagement
22105	Organisationstermine
22106	Organisator
22107	Organisatoren
22108	Organisatorisches
22109	Organismus
22110	Organizing
22111	Organschaft
22112	Organspenden
22113	Orgel
22114	Orgellandschaft
22116	Orientierungen
22117	Orientierungsangebot
22118	Orientierungsprozess
22119	Orientierungsstufe
22120	Orientierungsverlust
22121	Orients
22122	Origami
22123	Origin
22124	Original
22125	Original-stimmen
22126	Originalarbeiten
22127	Originaldaten
22128	Originaldrehbuch
22129	Originale
22130	Originalfragmente
22131	Originalspiele
22132	Originalunterschriften
22133	Orsag
22134	Ortenauer
22135	Ortenauerinnen
22137	Orthopäden
22138	Ortrand
22139	Ortsansichten
22140	Ortschaft
22141	Ortskreuzung
22142	Ortsnamen
22143	Ortsplanung
22144	Ortsräte
22145	Ortsumgehung
22146	Ortsverbänden
22148	Oskar-Picht-Gymnasiums
22149	Oslo
22150	Oslofjordes
22151	Ossietzkys
22152	Ost
22153	Ost-
22154	Ost-Jerusalem
22155	Ost-West
22156	Ostalbkreises
22157	Ostdeutsche
22158	Ostdeutschland
22159	Osteopath
22161	Osterreiter
22162	Osteuropa
22163	Ostheide
22164	Ostheim
22165	Osthushenrich-Stiftung
22166	Ostritz
22167	Ostschweiz
22168	Ostufer
22169	Ostwald
22170	Ostwürttemberg
22171	Otfried
22172	Ottendorf-Okrilla
22175	Otto-Friedrich-Universität
22177	Ottomane
22178	Ottomar-von-Reden-Park
22179	Otty
22180	Ousman
22181	Out
22182	Outdoor
22183	Ovarialkarzinom
22184	Ozländer
22188	PAP-Test
22189	PARCURA
22190	PASCH-Mobils
22191	PBMC-Funktion
22192	PC-
22193	PCR
22194	PCs
22195	PDF-Dateien
22196	PDF-Dokument
22197	PDF-Format
22199	PERLE
22200	PET-Flaschen
22201	PFI
22202	PHPSESSID
22203	PIAs
22204	PID
22205	PID-Zentren
22206	PIKAS
22208	PIN-Code
22209	PISA-
22211	PLZ
22212	POF
22213	PRANO
22214	PREVAGO
22217	PSA-Wert
22218	PSR
22219	PT
22220	PTBS
22221	PU
22222	PUSH
22223	PV-Energie
22224	PVS
22225	PZ-Beilage
22226	Paarbeziehungen
22227	Pachtverträgenmonatliche
22228	Pack
22229	Packers
22230	Packstationen
22231	Packwise
22232	Pad
22233	Pad-
22234	Paddel
22235	Paderborn
22236	Padlet
22238	Paketdienstleistern
22239	Pakete
22240	Palermo
22241	Palladi
22242	Palliativtages
22243	Palmenhaus
22244	Palmweide
22245	Palästinensern
22246	Panda
22247	Pandemie-tauglichen
22249	Pandemieplänen
22250	Pandemieverlauf
22251	Pankreatitis
22253	Panorama
22254	Panoramabild
22255	Panzerriegel
22256	Pape
22257	Papiermembran
22258	Papierverbrauch
22259	Papin
22260	Pappelanlagen
22262	Para-EM
22263	Paradies
22264	Paradigma
22265	Paradoxerweise
22266	Parallelhandlungen
22267	Parallelnutzung
22268	Paralympic
22269	Paranüsse
22270	Pareigis
22271	Paris
22272	Paris-Abkommen
22274	Parkbank
22276	Parkhäuser
22277	Parkmöglichkeiten
22278	Parks
22279	Parkverbot
22280	Parkverein
22281	Parl
22282	Parlamentarische
22283	Parmesan
22284	Parookaville
22285	Parsberg
22286	Parser
22287	Parship
22288	Part
22289	Partie
22290	Partikelfilter
22291	Partner-Fachverlag
22292	Partner-Stadt
22293	Partnerhochschulen
22294	Partnerinnen
22295	Partnerkirchen
22296	Partnerregion
22297	Partnerschaftsvereinbarung
22298	Partnerschulen
22299	Partneruniversitäten
22300	Partnerunternehmen
22301	Partygäste
22302	Pasewalker
22303	Pasing
22306	Passes
22307	Passiersiebstreichen
22308	Passworte
22309	Pastoralplanentwicklung
22310	Pastoraltheologie
22311	Pastoren
22312	Pastorinnen
22313	Pastors
22314	Patent-
22315	Patentregister
22316	Patentverfahrens
22317	Paternoster-Interview
22318	Patienten-
22319	Patientenakte
22320	Patientenfürsprecherinnen
22321	Patientenfürsprechern
22322	Patientengespräch
22323	Patientenkurzakte
22324	Patientensicherheit
22325	Patientenverfügung
22326	Patientenverfügungen
22327	Patientenversorgung
22328	Patientin
22329	Patin
22331	Patrick
22332	Patronen
22333	Patzer
22338	Pauli
22339	Pauline
22340	Paulsborner
22341	Paulus
22342	Pauluskirche
22343	Paus
22344	Pauschale
22345	Pausen
22346	Pausenhalle
22347	Pausenhof
22348	Pavillons
22350	Paydirekt
22351	Paypal
22352	Pazifische
22353	Pearl-Index
22354	Pech
22355	Pedram
22356	Pedro
22357	Peer
22359	Peer-Berater
22360	Peer-To-Peer
22362	Pegasus
22363	Pegida
22364	Peinliche
22365	Peking
22367	Pekka
22369	Pendler
22370	Pennenfeld
22371	Pensionen
22372	Pentagon
22373	Pentoxifyllin
22374	People
22376	PerMed
22377	Percussion-Instrumenten
22378	Performance-Informationen
22379	Performance-Logs
22380	Pergamon
22381	Periode
22382	Perioden
22383	Perlhühnern
22384	Perlmutt
22385	Persephone
22386	Perseverance
22387	Persien
22388	Persischkurs
22389	Personal-
22391	Personalaktendaten
22392	Personalausgaben
22394	Personalbeben
22395	Personalbedarf
22396	Personaldienstleister
22397	Personaldienstleistern
22398	Personaldienstleistungen
22399	Personalentscheider
22400	Personalentwicklung
22401	Personaler
22402	Personalfragen
22403	Personalkosten
22404	Personalmanagement
22405	Personalmobilität
22406	Personalpolitik
22407	Personalräte
22408	Personalsachbearbeiter
22409	Personalstelle
22410	Personalstruktur
22411	Personalstundenkontingent
22412	Personalverkehr
22413	Personalverwaltung
22414	Personen-
22415	Personenbegrenzung
22416	Personenbezug
22417	Personenkreises
22418	Personennummer
22419	Personensorgeberechtigten
22420	Personenverkehr
22421	Persp
22422	Persy
22425	Persönlichkeits-
22426	Persönlichkeitskompetenz
22427	Persönlichkeitsrecht
22428	Pesaro
22431	Peter-Altmeier-Allee
22432	Petition
22434	Petunien
22435	Pfadangaben
22436	Pfahlbausiedlungen
22437	Pfahlberg
22438	Pfandsystem
22439	Pfandsystems
22440	Pfarrdienstverhältnis
22441	Pfarreirat
22443	Pfarrgarten
22444	Pfarrgemeinderatsmitgliedern
22445	Pfarrhaus
22446	Pfarrkirchen
22447	Pfeffer
22448	Pfeile
22450	Pferdekutsche
22452	Pfingstsonntag
22453	Pfinztal
22454	Pflanzenanbau
22455	Pflanzenart
22456	Pflanzenschutzmitteln
22457	Pflanzenwelt
22458	Pflaume
22459	Pflege-
22460	Pflege-WG
22461	Pflegebad
22462	Pflegebedarf
22463	Pflegedienst
22464	Pflegediensten
22465	Pflegefachhelfer
22466	Pflegefachhilfe
22467	Pflegefahrpläne
22468	Pflegegeldempfänger
22469	Pflegeheimen
22470	Pflegekräften
22471	Pflegelotsen
22473	Pflegeperson
22474	Pflegepersonen
22475	Pflegepraxis
22476	Pflegepublizistik-Preis
22477	Pflegesachleistungen
22478	Pflegesektor
22479	Pflegestufe
22480	Pflegestätte
22481	Pflegetätigkeit
22482	Pflegeverbund
22483	Pflegewissenschaft
22484	Pflegewissenschaften
22485	Pflichtfelder
22486	Pflichtimpfungen
22487	Pflichtmitglied
22488	Pflichtthemen
22489	Pfosten
22490	Pfotenschuhe
22491	Pfunde
22492	Pförtnerhäuschens
22493	Phantom
22495	Phantombild
22496	Pharma-Logistik
22497	Pharmaka
22498	Pharmazeuten
22499	Pharmazie
22502	Philip
22506	Philipp-Schwartz-Initiative
22508	Philipps
22509	Phillip
22510	Philologie
22511	Philologien
22512	Philosophieunterricht
22513	Philosophin
22514	Philosophisch-Theologische
22517	Philosophischen
22518	Phishing
22519	Phishingmails
22520	Phoenix
22522	Phonolith
22523	Photovoltaik
22524	Photovoltaik-Freiflächenanlage
22525	Photovoltaikanlagen
22526	Photovoltaikmodulen
22527	Photovoltaiksektor
22529	Physikalische
22532	Physiker
22533	Physikstudium
22534	Physiotherapieschule
22535	Phänomenen
22536	Pi
22537	PiS-Regierung
22538	Piani-
22539	Piazza
22541	Pickel
22542	Pictures
22543	Pieper
22544	Pierre
22545	Pietismus
22546	Piktogrammen
22547	Pilava
22548	Pillau
22550	Pillnitzer
22551	Pilotbetriebe
22552	Pilotprojekts
22553	Pilz-Fans
22554	Pilzerkrankungen
22556	Pioniere
22557	Pionierland
22558	Piotrowskis
22559	Piper
22560	Pipetten
22561	Pippo
22563	Piratenangriffen
22564	Pixelwerkstatt
22565	Pizza
22567	Plakate
22568	Plakatkampagne
22569	Plakatmotiv
22570	Plaksina
22571	Planbarkeit
22572	Plane
22573	Planierraupe
22575	Planschbecken
22576	Planungsanforderungen
22577	Planungsaufgaben
22578	Planungsauftrages
22579	Planungsgebiete
22580	Planungsgrundsätze
22581	Planungsregion
22583	Plasmaproteine
22584	PlasticArm
22585	Plastikmüll
22586	Plastiktüten
22587	Plate
22588	Platinauszeichnungen
22589	Platinteilchen
22590	Platt
22591	Platten
22592	Plattenwald
22593	Plattformarbeit
22594	Plattling
22596	Platzhalter-Bilder
22597	Platzhirsche
22599	Platzierung
22600	Plausch
22601	PlayStation
22603	Players
22604	Playlist
22605	Plenardebatte
22606	Plenardienst
22607	Plenarsaal
22608	Plenarsitzung
22609	Plenum
22610	Plichtpraktika
22611	Plot
22612	Plug-In-Anbieter
22613	Plus-Förderung
22614	Plutte
22615	Plättchenfaktor
22616	Plätzchen
22617	Plätzchen-Rezepte
22619	Pneumologie
22620	PoC-Antigenschnelltests
22621	Pocking
22622	Podcast-Funktion
22623	Podcaster
22624	Podcasterin
22625	Podiumsdiskussionen
22626	Podiumsgespräch
22627	Podklusion
22628	Poetikvorlesungen
22629	Poetry
22631	Pofalla
22632	Pointen
22633	Points
22634	Pokal
22636	Polat
22637	Policing
22638	Politbühne
22639	Politikfelder
22640	Politikfeldern
22641	Politikum
22642	Politikwissenschaft
22646	PolizeiSo
22647	Polizeibeamten
22648	Polizeiberuf
22649	Polizeidienststelle
22650	Polizeidienststellen
22651	Polizeiinspektion
22652	Polizeipräsidium
22654	Polizeipräsidiums
22655	Polizeireiterstaffel
22656	Polizeiruf
22658	Polizeirufen
22659	Polizisten
22660	Polizistin
22661	Pollenallergie
22662	Pollina
22663	Polster
22664	Polymeren
22665	Polytechnischen
22666	Pommerschen
22667	Pommes
22668	Pong
22669	Pool
22670	Poolfotograf
22671	Pools
22672	Pop
22673	Pop-up-Boxen
22674	Popmusik
22675	Popolski
22676	Popp
22677	Poppe
22678	Population
22679	Populationen
22680	Populationsdichten
22681	Populismus
22682	Pornographie
22684	Portale
22685	Portalverbund
22686	Portfolios
22688	Porto
22689	Portraitreihe
22690	Positionspapiers
22691	Positiv-
22692	Positivbeispiele
22693	Positivfälle
22694	Post-it
22695	PostModern
22696	Postadresse
22697	Postanschrift
22698	Postbank
22699	Postcode
22700	Postcode-Botschafter
22701	Postcodes
22702	Postdocs
22703	Posteingang
22705	Posterdruck
22706	Posterpräsentation
22707	Postfach
22708	Postfachadresse
22709	Postkarte
22710	Postkarten
22712	Postproduktion
22713	Poststelle
22714	Potentialen
22715	Potenzialberechnungen
22716	Potenzialentwicklung
22717	Potenzials
22721	Potter
22722	Power
22723	Pracht
22724	Practice
22726	Practise
22727	Prag
22728	Praktiker
22730	PraktikerInnen
22732	Praktikums
22733	Praktikumsbericht
22734	Praktikumsbetreuer
22735	Praktikumsmodul
22736	Praktikumsplätze
22737	Praktikumsskript
22738	Praktikumsstelle
22739	Praktikumsvertrag
22741	Praxis-Workshop
22743	Praxisbegleitungsseminare
22744	Praxisbeispieleweitere
22745	Praxisbeiträge
22746	Praxisinhabern
22747	Praxisluft
22748	Praxismanagement
22749	Praxisprojekte
22750	Praxisschwerpunkt
22751	Praxissemesters
22752	Praxisseminar
22753	Praxistauglichkeit
22754	Praxistests
22755	Praxistoilette
22756	Praxisveranstaltung
22757	Praxisvertreter
22758	Praxisverwaltungssystemen
22759	Preisaushangs
22760	Preiseinbruch
22761	Preisgeld
22762	Preisklassen
22763	Preisliste
22764	Preisniveau
22765	Preisstufe
22766	Preisträger
22767	Premier
22769	Premium-Endgerät
22770	Premiumwege
22771	Prepaid-Karte
22772	Presbyterium
22773	President
22774	Presse-
22776	PresseBox
22777	Presserecht
22778	Pressesprecher
22779	Pressetermin
22780	Pressetext
22781	Pressevertreter
22782	Pressinformation
22783	Prestigeduell
22784	Pretests
22785	Preuß
22786	Preußisch
22788	Prevention-Funktionalität
22789	Priester
22790	Primarstufe
22791	Primo-Central
22792	Primär-
22793	Primärenergieeinsatz
22794	Primärforschung
22795	Pringsheims
22796	Printausgabe
22797	Printversion
22798	Printverzeichnisse
22799	Prinz
22801	Prinzen
22802	Prinzessin
22803	Prinzessinnen
22805	Prinzipiell
22806	Prioritäten
22807	Privatarzt
22808	Privatbereich
22809	Privatbibliotheken
22810	Privathaushalt
22811	Privatjet
22812	Privatpraxen
22813	Privatsache
22814	Privatschulverbände
22815	Privatsphäre-Einstellungen
22816	Privileg
22817	Privilegierten
22820	ProWI-Team
22821	Probe-Abonnements
22822	Probedusche
22823	Probefeld
22824	Probeneinheiten
22825	Probenröhrchen
22826	Probenzahlen
22827	Probewettbewerbs
22828	Probezeit
22829	Probezeiträume
22830	Probiere
22831	Problemlagen
22832	Problemstoffe
22833	Prochazka
22834	Producer
22835	Products
22836	Produktdesignerin
22837	Produktenfernleitung
22838	Produktionen
22839	Produktions-
22840	Produktionsfaktor
22841	Produktionsgebäude
22842	Produktionskapazitäten
22843	Produktionsorte
22844	Produktionsstätten
22845	Produktionsunterstützung
22846	Produktionsverfahren
22847	Produktionsweise
22848	Produktive
22849	Produktivität
22850	Produktkomponenten
22851	Produktmerkmale
22852	Produktneutrale
22853	Produktplatzierung
22854	Produktportfolio
22855	Produktprobe
22856	Produktprogramm
22857	Produktzyklen
22858	Prof
22859	ProfQuaNB
22860	Professional
22861	Professionalität
22862	Professoren
22863	Professorengespräch
22864	Professorinnenprogramm
22865	Profibereich
22866	Profifußball
22867	Profilaufbahn
22868	Profilbildung
22869	Profilfach
22870	Profiling
22871	Profilunterricht
22872	Profisportler
22873	Profit
22875	Profitzwängen
22876	Programm-Direktoren
22877	Programm-Management
22878	Programmentwicklung
22880	Programmierer
22881	Programmiersprachen
22882	Programmierwettbewerb
22883	Programmkosten
22884	Programmpunkt
22885	Programmschulen
22886	Programmzeitraum
22887	Programmänderungen
22888	Project
22889	Projects
22891	Projekt-Partnern
22892	Projekt-Webseite
22893	Projektbearbeitung
22894	Projektbeirat
22895	Projektdokumentation
22896	ProjekteDie
22897	Projekteam
22898	Projektentwickler
22899	Projektfahrt
22900	Projektförderung
22901	Projektgebiet
22902	Projektgruppe
22903	Projektgröße
22904	Projektidee
22905	Projektideen
22906	Projektierung
22907	Projektlaufzeit
22908	Projektleiter
22909	Projektleiterin
22910	Projektnetzwerk
22911	Projektorientiertes
22912	Projektpartnern
22913	Projektphasen
22914	Projektportfolio
22915	Projekträger
22916	Projektseminare
22917	Projektstandorten
22918	Projektstipendien
22919	Projekttag
22920	Projekttage
22921	Projektteam
22923	Projektteil
22924	Projektverlauf
22925	Projektwoche
22926	Promenade
22927	Promi-Darts-Weltmeister
22928	Prominenten
22929	Promis
22930	Promotionsprogramm
22931	Promotionsstudierende
22932	Promotionsverfahrens
22933	Pronold
22934	Propaganda
22935	Propheten
22936	Prorektoren
22938	Prostatakrebs
22939	Prostituierte
22940	Prostituierten
22941	Prostituierter
22942	Prostitution
22943	Prostitutionsstätten
22944	Protagonisten
22945	Protect
22947	Proteine
22948	Proteinshake
22949	Protestantismus
22950	Protesttag
22951	Protestveranstaltungen
22952	Prothese
22953	Protokolle
22954	Protokollführerin
22955	Protonenleitfähigkeit
22956	Prototyping
22957	Provamel
22958	Provenienzen
22959	Provenienzmerkmale
22960	Provenienzthesaurus
22961	Provisoriums
22962	Provos
22963	Prozedere
22964	Prozentanteils
22965	Prozentpunkten
22966	Prozentsatz
22967	Prozessanalytik
22968	Prozessautomatisierung
22969	Prozessbegleiter
22970	Prozessbegleitung
22971	Prozessberatung
22972	Prozessführung
22973	Prozession
22975	Prumbach
22976	Prunkbohnen
22977	Pruritus
22978	Pruritussymposium
22979	Prädestiniert
22980	Präferenz
22981	Präkelt
22982	Prämie
22983	Prämienabforderung
22984	Prämieneinlösungen
22985	Prämienstufe
22986	Präsentationslösungen
22987	Präsentationstechniken
22988	Präsente
22989	Präsenzen
22990	Präsenzzeiten
22993	Präsidium
22994	Präsidiums
22995	Präsidiumsmitglieder
22996	Präventions-
22997	Präventionsangebote
22998	Präventionsgesetzes
22999	Präventionskampagne
23000	Präventionskurses
23001	Präventionsmaßnahmen
23002	Präventionsprinzips
23003	Präventionssport
23004	Präventionssportangebot
23005	Präzisionsdrehen
23006	Pröbchen
23009	Prüfformen
23010	Prüflinge
23011	Prüfprotokolle
23012	Prüfschritt
23013	Prüfständen
23014	Prüfungs-
23015	Prüfungsarbeit
23016	Prüfungsarbeiten
23017	Prüfungsausschusses
23018	Prüfungsbehörde
23019	Prüfungsdruck
23020	Prüfungsergebnis
23021	Prüfungsergebnisse
23022	Prüfungsergebnissen
23023	Prüfungsfächern
23024	Prüfungsgebühren
23025	Prüfungsinstanzen
23026	Prüfungskommission
23027	Prüfungsort
23028	Prüfungsperiode
23029	Prüfungsteilnehmern
23030	Prüfungstermine
23031	Prüfungszeit
23032	Pseudo-Dionysius
23034	Pseudonymen
23035	Pseudospirituelles
23036	Psyche
23037	Psychiater
23041	Psychodrama
23042	Psychoedukative
23044	Psychotherapeuten
23045	Psychotherapeutenkammer
23047	PubMed
23048	Public
23050	Publikumspreis
23052	Pukki
23053	Pulitzer-Preis
23054	Pumpe
23055	Pumuckl
23057	Punkt-Koordinaten
23058	Punkt-zu-Punkt-Verbindung
23059	Punktesystem
23060	Punktgitter
23061	Punktwolke
23062	Punktzahl
23063	Punktzahlvolumen
23064	Puppenstuben
23065	Purimfest
23066	Purin-armer
23067	Purpose-Unternehmen
23068	Puschelschwanz
23069	Push-Nachricht
23070	Pushnachrichten
23071	Putin
23072	Putz
23073	Putzfimmel
23074	Putziger
23076	Putzmittelräumen
23077	Puzzle
23078	PwC
23079	PyeonChang
23080	Python
23082	Pädagog
23084	Pädagogikunterricht
23085	Pädagoginnen
23088	Pädosexuelle
23089	Pänz
23090	Pässe
23091	Püning
23094	QES
23096	QSC
23098	QWERTZ
23100	Quade
23101	Quadermauerwerk
23102	Qualen
23103	Qualifikationsanalyse
23104	Qualifikationsmöglichkeiten
23105	Qualifizierungschancengesetz
23106	Qualifizierungsstufe
23107	Qualitative
23108	Quality
23109	Qualitätsanspruch
23110	Qualitätsberichten
23111	Qualitätsdaten
23112	Qualitätsentwicklung
23113	Qualitätsförderung
23114	Qualitätsinitiative
23115	Qualitätskontrolle
23116	Qualitätskriterien
23117	Qualitätsmanagement
23118	Qualitätsmanagementsystem
23119	Qualitätssicherungsmaßnahmen
23120	Qualitätssicherungssystem
23121	Qualitätsstandards
23122	Qualitätsstufen
23123	Qualitätszertifikat
23124	Qualitätszirkelarbeit
23125	Quallen
23126	Quantencomputers
23127	Quantensysteme
23128	Quantentechnologien
23129	Quantität
23130	Quantum
23131	Quarantäne
23132	Quarantäne-Pflicht
23133	Quarantäneanordnung
23134	Quarantänezeit
23135	Quark
23136	Quarks
23137	Quartett
23138	Quartiere
23139	Quartiersarbeit
23140	Quartiersentwicklung
23141	Quartiersentwicklungsprozess
23142	Quartiersplanung
23144	Quellcodes
23145	Quellenverweisen
23146	Quelltext
23147	Querformat
23148	Querschnitt
23149	Querschnittsaufgabe
23150	Querschnittsziel
23151	Querstreben
23152	Quetschpumpenprinzip
23153	Quick-Check
23154	Quine
23155	Quinoa
23156	Quittungen
23157	Quiz
23158	Quizshow
23161	RAM
23162	RENSCH-HAUS
23163	RLP
23164	RNA
23167	RP
23168	RSS-Feed
23169	RSS-Feeds
23170	RV
23171	RVG
23172	Rab
23173	Rabattcode
23174	Rabe
23175	Rabenau
23176	Rabiat
23177	Rabiat-Reporterin
23178	Rache-orgie
23181	Radalbert
23182	Radeberg
23183	Radfahrstreifen
23184	Radinfrastruktur
23186	Radiofestival
23187	Radios
23188	Radius
23189	Radladern
23190	Radolfzell
23191	Radroutenplaners
23192	Radrunden
23193	Radschnellwege-Konzept
23194	Radtouren
23195	Radverkehr
23197	Rafaela
23198	Rafal
23200	Rahmenausausstellung
23201	Rahmengesetzgebungskompetenz
23202	Rahmenlehrplan
23203	Rahmenplan
23204	Rahmenprogramm
23205	Rahmenvertrag
23206	Rainer
23208	Raising
23209	Rajnoch
23210	Rakete
23211	Raketenstart
23212	Ralf
23214	Rampe
23215	Ramsdale
23216	Ramzi
23217	Rande
23218	Randl
23219	Randlage
23220	Rap-Szene
23221	Rapid
23223	Rares
23225	Rasenbahnen
23226	Rasenmähen
23227	Rasenmähern
23228	Rasieren
23229	Rasierer
23230	Raspberry
23232	Rasseliste
23233	Rassen
23234	Rastbestand
23236	Ratenkredit
23237	Ratenzahlung
23238	Rateteam
23239	Ratgeber
23240	Rathauses
23241	Ratifizierung
23242	Ratio
23243	Ratsuchenden
23244	Ratsvorsitzende
23245	Rattendreck
23246	Rauch
23247	Rauhaarrips-Einlagen
23248	Raul
23250	Raum-
23251	Raumanzug
23252	Raumaufteilung
23253	Raumbezug
23254	Raumfahrtfirma
23255	Raumordnung
23256	Raumordnungskatasters
23257	Raumstruktur
23258	Raumwechsel
23259	Raumwirkung
23260	Raupe
23261	Rausch
23262	Rauschen
23263	Rauschintensität
23264	Rausstellen
23265	Ravel
23266	Ravensberger
23267	Re
23268	ReGES
23269	Reader
23272	Realitiy
23273	Realitätsschock
23274	Reallabor
23275	Realschulabschluss
23277	Realschulen
23278	Realschulklasse
23279	Realzinsen
23280	Rebhühnern
23281	Rebland
23282	Recaptcha
23283	Rechenaufgaben
23284	Rechenbüro
23285	Rechenschaftsablage
23286	Recherchearbeit
23287	Recherchemöglichkeiten
23288	Recherchen
23289	Rechnungen
23290	Rechnungs-
23291	Rechnungsbetrag
23292	Rechnungsdaten
23293	Rechnungsforderung
23296	Rechtsanspruch
23297	Rechtsanwalt
23298	Rechtsanwalts
23299	Rechtsanwaltskanzlei
23300	Rechtsanwaltsvergütungsgesetz
23301	Rechtsanwälten
23302	Rechtsauffassung
23303	Rechtsbehelfsstelle
23304	Rechtsetzungen
23305	Rechtsextremen
23306	Rechtsextremisten
23308	Rechtsfragen
23309	Rechtsgeschäfts
23310	Rechtskonzepte
23311	Rechtsmittel
23312	Rechtsmittelsachen
23313	Rechtspersonen
23314	Rechtspflege
23315	Rechtsreferat
23316	Rechtsschule
23317	Rechtsschutzes
23318	Rechtssystem
23319	Rechtsträger
23320	Rechtsverordnung
23321	Rechtsverordnungen
23322	Rechtsverständnis
23323	Rechtsvorschriften
23324	Rechtsweg
23325	Rechtswissenschaften
23326	Rechtswissenschaftlichen
23327	Rechtverhältnisse
23328	Recovery
23329	Recruiting-Events
23330	Recyclinghöfe
23331	Redakteurin
23332	Redaktion
23333	Redaktionssitzung
23334	Redewendungen
23335	Rednern
23337	Referats
23338	Referatsleiter
23339	Referendare
23340	Referendaren
23341	Referendarin
23342	Referent
23343	Referententeam
23344	Referententreffen
23345	Referentin
23346	Referenzberufs
23347	Referenzen
23348	Referenzlösungen
23349	Referenzmodells
23350	Referenzrahmens
23351	Referrer
23352	Reflexion
23353	Reflexionen
23354	Reflexionseigenschaften
23355	Reflexionsfragen
23356	Reflexionsraum
23357	Reformator
23358	Reformators
23359	Reformen
23361	Regel-Konsequenz-Katalogs
23362	Regel-Spiel-Paket
23363	Regelbetrieb
23364	Regelschule
23365	Regelungs-
23366	Regelungsaufträge
23367	Regelungsbereich
23368	Regelungsgegenstand
23369	Regelungsschwerpunktes
23370	Regelungstechnik
23371	Regelunterrichts
23372	Regelzeit
23373	Regenerieren
23374	Regenfällen
23375	Regenschirm
23376	Regierende
23379	Regierungsbezirke
23380	Regierungsbezirks
23381	Regierungschef
23382	Regierungsjahr
23383	Regierungspräsidien
23384	Regierungspräsidium
23386	Regierungspräsidiums
23387	Regine
23390	RegioConcept
23392	Regionalentwicklung
23393	Regionalisierung
23394	Regionalität
23395	Regionalliga
23397	Regionalplanes
23398	Regionalpräsentationen
23399	Regionalrunde
23400	Regionalsets
23401	Regionsentdeckertag
23403	Registerdaten
23404	Registrar
23405	Registrierter
23406	Registrierungscodes
23407	Registrierungsdaten
23408	Registrierungsdienste
23409	Registrierungsschlüssel
23410	Regler
23411	Reh
23412	Reha-Indikationen
23413	Rehakliniken
23414	Rehor
23417	Reichsbahnturnhalle
23418	Reichsministerium
23421	Reichstädt
23422	Reichsverfassung
23423	Reichtumsbericht
23424	Reichweite
23425	Reichweitenperformance
23426	Reichweitensteigerung
23427	Reichweitenverarbeitung
23428	Reife
23429	Reifenabrollgeräusche
23430	Reifendruck
23431	Reifung
23432	Reih
23433	Reiherente
23434	Reihum
23435	Reil
23438	Reinheit
23440	Reinigungsgeräte
23441	Reinigungssystem
23442	Reinstreifer
23445	Reiseanbieter
23446	Reiseantritt
23447	Reisebehinderung
23448	Reisebusse
23449	Reisebussen
23450	Reisebüros
23451	Reisedokument
23453	Reiseführer-Apps
23454	Reiseimpfungen
23455	Reisekosten
23456	Reisemotiven
23457	Reisende
23458	Reisenden
23459	Reiseportal
23460	Reiseveranstaltern
23461	Reisewarnungen
23462	Reisezeiten
23463	Reispflanze
23464	Reiterhof
23465	Reitfläche
23466	Reiz
23467	Reizdarm
23468	Reizthema
23469	Reken
23470	Rekonstruktion
23471	Rekordzahl
23472	Rektorat
23473	Rektoratsmitglied
23474	Rektumresektion
23475	Relation
23476	Relaunch
23477	Relaxzone
23478	Relay
23480	Release-Notes
23481	Releasezyklen
23482	Relief
23484	Religionsgemeinschaft
23485	Religionslehrer
23487	Religionsstifern
23488	Religionsunterricht
23490	Remdesivir
23491	Renault
23493	Rennautos
23494	Rennmäuse
23495	Rennrad
23496	Rennschmiede
23497	Rennwagen
23499	Rentenalter
23500	Rentenbeziehern
23501	Rentenlücke
23502	Rentierschlittenfahrt
23503	Renz
23504	Reparaturen
23505	Reparaturstatus
23507	Reportage-Charakter
23508	Reports
23509	Reproduktion
23510	Reproduktionen
23511	Reproduktionszahl
23512	Request
23513	Reschke
23514	Reseller
23515	Resident
23516	ResiliArt
23517	Resilienz
23518	Resilienzforschung
23519	Resilienzpläne
23520	Resolutionen
23521	Resonanz
23522	Resonanzen
23523	Ressentiment
23524	Ressortaufteilung
23525	Ressortforschung
23526	Ressourcen-Bildung
23527	Ressourcen-Verschwendung
23528	Ressourcenzuweisung
23529	Restabfallbehandlung
23530	Restanhaftungen
23531	Restaurantbesuch
23532	Restaurierungsausbildung
23533	Restaurierungslabor
23534	Resten
23535	Restkarten
23536	Restrechnung
23537	Restriktionszonen
23538	Resultat
23539	Results
23540	Retreat
23541	Retro-Autokennzeichen
23542	Retter
23543	Rettungsdatenblätter
23544	Rettungsdienstes
23545	Rettungshubschrauber
23546	Rettungsplan
23547	Rettungsrobotik-Zentrums
23548	Reuters
23549	Reutlingen
23550	Reutlingendorf
23551	Reverse-Proxys
23552	Reviere
23553	Reviers
23554	Review
23555	Revisor
23556	Revitalisierung
23557	Revitalisierungsobjekte
23558	Revue
23560	Rexingen
23561	Reynold
23563	Reynolds
23564	Rezensentin
23565	Rezensierenden
23566	Rezepte
23567	Rezeptionsgeschichte
23568	Rezertifizierung
23569	Rhein-Main-Sports
23570	Rheinland
23571	Rheinpfalz
23572	Rheuma
23573	RheumaPreis
23574	Rheumatologe
23577	Richteramt
23578	Richtfest
23580	Richtlinie
23581	Richtlinien-
23582	Richtschnur
23583	Richtungen
23584	Ricken
23585	Ridley
23588	Riedlingen
23589	Riemann
23590	Riepshoff
23591	Riesen-Seeanemonen
23593	Riessen
23594	Riesweiler
23595	Rietberg
23596	Rigolen
23597	Rigorosum
23598	Rijkeboer
23599	Rimini
23600	Rina
23601	Rindenspinne
23602	Ringerin
23603	Ringkirche
23604	Ringschulen
23605	Ringvorlesung
23606	Rischer
23607	Risiko-
23609	Risikoabschätzung
23610	Risikoeinschätzung
23611	Risikoeinstufungen
23612	Risikofaktoren
23613	Risikogruppe
23614	Risikogruppen
23615	Risikomanagement
23616	Risikomanagements
23617	Risikomanager
23618	Risikos
23619	Risikostrukturausgleichs
23620	Risk
23621	Rispen
23622	Riss
23623	Ristorante
23624	Ritter
23625	Ritterrüstung
23626	Rituale
23627	Rixe
23628	Rizk
23629	Robert-Koch-Instituts
23630	Robin
23632	Robot
23633	Roboterfahrten
23634	Robotern
23635	Roboterwettbewerbe
23636	Robotic
23637	Robs
23638	Rocca
23639	Rockenhausen
23641	Roggenbrote
23642	Rohr-
23643	Rohrbrüche
23644	Rohrdommel
23645	Rohrstock
23646	Rohstoffressourcen
23647	Rohstoffwerkstatt
23648	Rohwasser
23649	Rohölpreis
23650	Roland
23653	Rolf-Dieter
23654	Rollator
23655	Rollenbilder
23656	Rollenspielen
23657	Rollenverständnis
23658	Rolloutaufgaben
23659	Rollstuhlauffahrt
23660	Rollstuhlfahrer
23661	Rollups
23663	Romanus
23665	Ronja
23668	Rosemary
23669	Rosi
23671	Rossini
23672	Rossmann
23673	Rossmann-Filialen
23674	Rostocker
23676	Rota
23677	Rotationsgeschwindigkeit
23678	Rotbuchen
23679	Rote
23681	Rotfuchs
23682	Roth
23684	Rothenfelde
23685	Rother
23687	Rothers
23688	Rotkreuz-
23689	Rotkäppchen
23690	Rotorbereich
23691	Rotorpumpe
23692	Rott
23693	Rotter-Focken
23694	Rotunde
23695	Rotwein
23696	Rotwildbewirtschaftung
23697	Rotwildkonzeptionen
23698	Rotwildmanagements
23699	Roulette
23700	Routen
23701	Router
23702	Routinearbeiten
23703	Rover
23704	Royal
23706	Ruandern
23707	Ruby
23708	Rudeln
23709	Rudeltiere
23710	Ruderer
23714	Rufnummernmitnahme
23715	Rufweiterleitung
23716	Ruhegehaltfähigkeit
23717	Ruhephasen
23718	Ruhle
23719	Ruinen
23720	Rumpf
23721	Rumpfaktivitäten
23722	Rund-um-die-Uhr-Notfallversorgung
23723	Rund-um-die-Uhr-Versorgung
23724	Rundfunk-
23725	Rundfunkbeiträge
23726	Rundfunkinhalte
23727	Rundfunkrat
23728	Rundfunkveranstalter
23729	Rundläufen
23730	Rundmail
23731	Rundum
23732	Rundum-Gemälde
23733	Rundweg
23734	Rundzylinder
23735	Runterkommen
23736	Ruppiner
23738	Russell
23741	Russischen
23742	Russlands
23743	Ruth
23745	Ruth-Cohn-Schule
23746	Rutherford
23747	Rutsch
23748	Rußheideschule
23751	RÖSER
23752	Ränder
23753	Rätsel
23754	Rätselspur
23755	Röbbert
23756	Röder
23757	Röll
23758	Römerlager
23759	Röntgen-Computertomographie
23760	Röntgenaufnahmen
23761	Röntgenbilder
23762	Röntgengeräte
23763	Röntgengeräten
23764	Röntgenuntersuchung
23765	Röteln
23766	Rötha
23767	Röttgermann
23768	Rück-Mails
23769	Rückbildungsgymnastik
23770	Rückenlage
23771	Rückenmuskeln
23772	Rückenschläfer
23773	Rückeroberung
23774	Rückerstattungen
23775	Rückerstattungswert
23776	Rückführung
23777	Rückgabezeit
23778	Rückgrat
23779	Rückkaufswerte
23780	Rückkunft
23781	Rücklauf
23782	Rückmeldungen
23783	Rückschläge
23784	Rückstellproben
23785	Rückstoß
23786	Rückstände
23787	Rückumstellung
23788	Rückversand
23789	Rückwirkung
23790	Rückzahlungsquoten
23791	Rüd
23792	Rühle
23793	Rüsch
23794	Rüttgers
23795	Rüßmann
23796	S-Erleben
23799	SAB
23800	SAB-Bankenrundschreibens
23801	SAEK
23802	SAP
23803	SAP-Kenntnisse
23804	SAPV
23807	SATA-Kabel
23808	SC
23811	SD-Karten
23812	SDA
23813	SDGs
23814	SDHC-Speicherkarten
23815	SDL
23816	SDW
23817	SED-Diktatur
23818	SELLWERK
23819	SEO
23820	SEO-Tool
23821	SF
23824	SIG
23825	SIGGRAPH
23827	SKC
23828	SLK-Kliniken
23830	SLK-Verbund
23831	SLpB
23832	SMI
23833	SMILE
23834	SPD-Gesundheitspolitiker
23835	SPDY
23836	SPEC
23837	SPF
23839	SS-Mann
23840	SSD
23841	SSD-Festplatten
23842	SSD-Steckkarten
23843	SSL-Standard
23844	SSV
23845	STEP
23846	STIKO
23847	STOPP
23848	STOXX
23849	STRATO
23850	STUA
23853	SVG
23854	SVH-Torjäger
23855	SVLFG
23856	SVV
23857	SWB
23858	SWM
23859	SWR-Sendung
23860	SWS
23861	SZ-Reisen
23862	SZM-Tag
23864	Saar
23865	Saarbrücken
23866	Saarburg
23868	Saatzeiten
23869	Sabbatical
23872	Sach-
23874	Sachbearbeitung
23875	Sachbezug
23876	Sachdaten
23877	Sachgrundlosigkeit
23878	Sachkontext
23879	Sachkosten
23880	Sachliteratur
23881	Sachschäden
23883	SachsenNetz
23884	Sachsenforst
23885	Sachverhaltes
23886	Sachverhalts
23887	Sachverstand
23888	Sachverstandes
23889	Sachverständigenrats
23890	Sachverständiger
23891	Sachwissen
23893	Sahlkamp
23894	Saison-Übersicht
23895	Saisonstart
23897	Salatbars
23898	Sales
23899	Salinenmuseum
23900	Salmonellen
23901	Salweide
23903	Salzbrunner
23904	Salzburg
23905	Salzburgers
23906	Sammelaktion
23907	Sammeletiketten
23908	Sammelstellen
23909	Sammelwerken
23911	Sammler
23912	Sammlungsschränke
23913	Sammlungsverzeichnis
23914	Samstagabend
23915	Samstagen
23916	Samstagsvorlesung
23917	Samtgemeinde
23919	Samtpfoten
23922	Sanderling
23923	Sandhorizonten
23924	Sandkastensand
23925	Sandlösslandschaften
23926	Sandlöß-
23927	Sandstein
23928	Sandsteinbau
23929	Sandy
23930	Sanfte
23931	Sanierungsarbeiten
23932	Sanierungskosten
23933	Sanierungsobjekt
23934	Sanitäranlagen
23935	Sankt
23937	Sanktionen
23938	Sanktionsrechts
23939	Santa
23941	Santos
23942	Sapiens
23943	Sapiro
23944	Sapporo
23945	Sarah
23947	Sardarapat
23948	Sardiniens
23949	Sarkopenie
23951	Sartanen
23952	Sascha
23953	Sasse
23954	Sasson
23956	Saterland
23957	Satirisch
23958	Sattelpunkt
23959	Satzungsversammlung
23960	Satzzeichen
23961	Sauberkeit
23962	Sauberlauf-
23963	Sauerland
23964	Sauerstoffversorgung
23965	Saugrohr
23966	Saumbiotope
23967	Sauter
23968	Sawallisch
23969	Scan
23970	Scanner-Abdeckung
23971	Scanner-Glas
23972	Scantechniken
23973	Schablonen
23974	Schach
23975	Schachtel
23976	Schadenersatz
23977	Schadensbehebung
23978	Schadensersatz
23979	Schaderreger-Antagonisten
23980	Schadstoffausstoß
23981	Schadstoffbelastung
23983	Schale
23984	Schalenfrüchte
23985	Schalhaut
23986	Schalk
23988	Schallausbreitung
23989	Schalldruckpegel
23990	Schallschutz
23992	Schaltflächen
23993	Schaltkästen
23994	Schaltstelle
23995	Schaltung
23996	Schaltzentrale
23997	Schalung
23998	Schamgefühle
23999	Scharfschaltung
24000	Scharfschützengesellschaft
24001	Schattenseiten
24002	Schaubild
24003	Schaum
24004	Schaumann
24005	Schaumstoff
24006	Schaumtechnologie
24007	Schauplatz
24010	Schauspielhauses
24011	Schauspiels
24012	Schauwerkstatt
24013	Schavan
24014	ScheLf
24015	Scheidenvorhof
24017	Scheinwerfer
24018	SchellerInformatiker
24019	Schema
24020	Schenk-
24022	Schenkungsteuerstatistik
24023	Scheraro
24024	Scheune
24025	Scheunemann
24026	Schiaparelli
24027	Schichtholz
24028	Schicksalsklärung
24029	Schieberbauwerk
24030	Schiedsgericht
24031	Schiedsrichterfreikarten
24032	Schiedsrichtern
24033	Schiefergebirges
24035	Schienensystem
24036	Schießbaumwolle
24037	Schiffe
24038	Schiffsausflüge
24039	Schild
24040	Schilfrohr
24041	Schilgen
24042	Schinkel
24043	Schiris
24045	Schirmherrin
24046	Schirmherrschaft
24047	Schizophrenie
24048	Schkola
24049	Schlachten
24050	Schlachthof
24051	Schlafgefühl
24052	Schlafposition
24053	Schlafraum
24054	Schlafsofas
24055	Schlafunterlage
24056	Schlafzimmer-Kommoden
24057	Schlafzimmern
24058	Schlaganfall
24059	Schlaganfall-Akutbehandlung
24060	Schlaganfallprophylaxe
24061	Schlaganfällen
24062	Schlager
24064	Schlagerhits
24065	Schlagerparty
24066	Schlagtechnik
24067	Schlagzeile
24069	Schlankheitsprogramm
24070	Schlauchleitung
24071	Schlauchpumpe
24072	Schlederer
24073	Schleich-Pferde
24074	Schleife
24075	Schleifer
24076	Schleimhautflora
24077	Schleimhäute
24078	Schlichtungsausschuss
24079	Schlichtungsausschusses
24080	Schlie-
24082	Schließfach
24083	Schließfächer
24084	Schließungen
24085	Schließungsverordnungen
24086	Schließzylinder
24087	Schliff
24088	Schlitten
24090	Schloss-Symbol
24091	Schlossbetrieb
24092	Schlosshof
24093	Schlosskirche
24094	Schlossplatz
24095	Schlotterbeck
24096	Schloß
24098	Schluckstörungen
24099	Schlummer
24100	Schlussfolgerungen
24101	Schlussplädoyers
24102	Schlussredaktion
24104	Schläge
24105	Schläger
24106	Schlösser
24107	Schlössern
24108	Schlössertausch
24109	Schlüsse
24110	Schlüsseldiensten
24111	Schlüsseldienstes
24112	Schlüsselelement
24113	Schlüsselfähigkeiten
24114	Schlüsselkompetenzen
24115	Schlüsselnotdienst
24116	Schlüsselnotdienste
24117	Schlüsselrolle
24118	Schlüsselszene
24119	Schlüsselversicherung
24120	Schlüsselwörtern
24121	Schlüsselzahl
24122	Schlüssen
24123	Schlüter
24124	Schlütersche
24125	Schmalspur-Gesellschaft
24126	Schmankerl
24127	Schmerzattacken
24128	Schmerzlinderung
24129	Schmerzmittel
24130	Schmetterling
24131	Schmetterlinge
24132	Schmid
24133	Schmidt
24134	Schmiedefelge
24135	Schmieder
24136	Schmolinsky
24137	Schmuckmarkt
24138	Schmutzfangmatten
24139	Schmöker
24140	Schmöller
24141	Schnabel
24142	Schnapp
24143	Schneckentag
24145	Schneeheide
24146	Schneemassen
24147	Schneisen
24148	Schnelltest
24149	Schnelltest-Ergebnis
24150	Schnelltests
24151	Schnickschnack
24152	Schnitt
24153	Schnittmuster
24154	Schnittverletzung
24155	Schnittverletzung-
24156	Schnorchel
24157	Schnupperkurs
24158	Schnupperprogramme
24159	Schnäppchen-Jagd
24160	Schnäppchenjäger
24161	Schocken
24162	Schokoladenüberzug
24164	Schonung
24166	Schools
24167	Schopper
24168	Schoppmann
24169	Schornsteinfegerhandwerksgesetz
24171	Schramberger
24172	Schranke
24173	Schrankenanlage
24174	Schranner
24175	Schraubenschlüsselsymbol
24176	Schreck
24177	Schrecken
24178	Schreckmoment
24179	Schreibauftrags
24180	Schreibens
24181	SchreiberInnen
24182	Schreibmaschine
24183	Schreibmaterialien
24184	Schreibstil
24185	Schreie
24186	Schriftfarbe
24187	Schriftgrafiken
24188	Schriftgröße
24189	Schriftgrößen
24190	Schriftsetzer
24191	Schriftstück
24192	Schriftstücke
24193	Schriftzeichen
24194	Schriftzug
24195	Schrittmacher
24196	Schrot
24197	Schrägbankdrücken
24198	Schröter
24199	SchuJu
24200	Schubert
24201	Schubkarre
24202	Schufa-Test
24203	Schufa-neutrale
24204	Schuhgrößen
24205	Schulabschlüssen
24206	Schulamt
24207	Schulanfänger
24208	Schulaufgaben
24209	Schulausflügen
24210	Schulbeginn
24211	Schulbegleiter
24212	Schulberatungsstelle
24213	Schulbesuch
24214	Schulbesuchspflicht
24215	Schulbuch
24216	Schulbuchwechsel
24218	Schulden
24219	Schuldigkeit
24221	SchulenKollegiale
24222	Schulentwicklungsperspektiven
24223	Schulerfolg
24224	Schulform
24225	Schulformen
24226	Schulforum
24227	Schulfreundin
24228	Schulfächern
24229	Schulgarten
24230	Schulgebühren
24231	Schulhalbjahr
24232	Schulhalbjahres
24233	Schulhefte
24234	Schulhomepage
24235	Schuljahres
24236	Schuljahresende
24237	Schuljahresstart
24238	Schuljahrs
24239	Schulkalender
24240	Schulklasse
24241	Schulklassen
24242	Schulklassen-Cleanup-Set
24243	Schulklima
24244	Schulkommunikation
24245	Schullaufbahn
24246	Schulleitungsmitglied
24247	Schulleitungsteams
24249	Schullosung
24250	Schulmanager
24251	Schulministeriums
24252	Schulmuseums
24253	Schulordnung
24254	Schulpflegschaft
24255	Schulplätze
24256	Schulprogramm
24257	Schulpsychologinnen
24258	Schulpsychologische
24259	Schulranzens
24260	Schulschachmeisterschaften
24261	Schulschluss
24262	Schulskikursgruppen
24263	Schulsozialarbeiterinnen
24264	Schulstandort
24265	Schulstart
24266	Schulstoffs
24267	Schulstufen
24268	Schulstunde
24269	Schultags
24270	Schulterbereich
24271	Schulterbreite
24272	Schultergruppen
24273	Schultheaterszene
24274	Schulträgern
24275	Schulumfeld
24276	Schulungszentrum
24277	Schulveranstaltung
24278	Schulverbund
24279	Schulvereins
24280	Schulverpflegung
24281	Schulversammlung
24282	Schulverwaltungsassistenz
24283	Schulwandbild
24284	Schulwegjahreskarten
24285	Schulwerk
24287	Schulwoche
24288	Schulz
24289	Schulze
24290	Schulzweigen
24291	Schuppenflechte
24292	Schuss
24293	Schuster
24294	Schutz-
24295	Schutz-Ausrüstung
24296	Schutzausrüstung
24297	Schutzausrüstungen
24298	Schutze
24299	Schutzfaktoren
24300	Schutzgemeinschaft
24302	Schutzgerätes
24303	Schutzmaterialien
24304	Schutzmaßnahme
24305	Schutzniveaus
24306	Schutzpotenzial
24307	Schutzraum
24308	Schutzräume
24309	Schutzverordnungen
24312	Schwachpunkt
24313	Schwachstellen
24314	Schwangere
24315	Schwangerschaftsverlaufes
24316	Schwankungen
24317	Schwanz
24318	Schwarzach
24319	Schwarzstorch
24320	Schwedens
24321	Schwedischen
24322	Schwedt
24325	Schweinehirte
24326	Schweinehund
24327	Schweinepest
24328	Schweinepest-Verordnung
24329	Schweinheimer
24330	Schweitzer
24331	Schweizerin
24332	Schweiß
24333	Schweißausbruch
24334	Schwelle
24335	Schwellen
24336	Schwellenwerte
24339	Schwerere
24340	Schwerhörigkeit
24341	Schwerpunktanalysen
24342	Schwerpunktbereich
24343	Schwerpunktprojekt
24344	Schwerpunkträume
24345	Schwerpunktsetzungen
24346	Schwerpunktversorger
24347	Schwerstkriminalität
24348	Schwert
24350	Schwesterchen
24351	Schwestergesellschaft
24352	Schwestergesellschaften
24353	Schwieriger
24356	Schwimmblatt-
24358	Schwitters
24359	Schwule
24360	Schwungtuch
24361	Schwäbischen
24363	Schwächere
24364	Schwänen
24365	Schädellage
24366	Schädigungsmuster
24367	Schätze
24368	Schätzung
24369	Schätzungen
24370	Schöfer
24371	Schöffen
24372	Schöffinnen
24373	Schöneberger
24374	Schönheiten
24375	Schönheitsreparaturen
24377	Schötz
24378	Schübe
24379	Schüler-Guides
24381	SchülerIns
24382	Schülerbetreuer
24383	Schülerfirma
24384	Schülerfirmen
24385	Schülerforschungszentrum
24386	Schülerinnnen
24387	Schülerleistungen
24388	Schülerprotestbewegung
24389	Schülerrates
24390	Schülers
24391	Schülersprachreise
24392	Schülerteams
24393	Schülertext
24394	Schülerticket
24395	Schülervertretern
24396	Schülervertretung
24397	Schülerwettbewerb
24398	Schülerwettbewerben
24399	Schülerworkshop
24400	Schülerzeitung
24401	Schüsseln
24402	Schüttgut
24403	Schützling
24404	Science-Fiction
24405	Scoccimarro
24406	Scores
24407	Scorpion
24408	Scratch
24409	Screencast
24410	Screening
24411	Screening-Einheit
24412	Screening-Mammographien
24413	Screening-Tools
24414	Screeningverfahren
24415	Screenreader
24416	Screensharing
24419	SdZ-Wettbewerb
24420	SeaWalk
24422	Sebastian-Bertsch
24423	Sectio
24424	Secure
24425	Security
24426	Sediment
24427	Sedimentdecke
24429	Seebühne
24430	Seed-
24431	Seedrache
24432	Seekarten
24433	Seekirch
24435	Seelsorgerinnen
24436	Seeteufel
24437	Seeufer
24438	Segelgebiet
24439	Segeln
24440	Segelschiffe
24441	Segment
24442	Segnen
24443	Sehbehinderten-
24444	Sehbehindertenverband
24445	Sehenden-
24446	Sehens
24447	Sehenswürdigkeiten
24448	Sehgewohnheiten
24449	Sehnerv
24450	Sehvermögen
24451	Seibolds
24452	Seibt
24453	Seidel
24454	Seifenkiste
24455	Seimert
24456	Seitenablage
24457	Seitenangaben
24458	Seitenaufprallschutz
24459	Seitenaufrufe
24460	Seitenbereiche
24461	Seitenende
24462	Seitengewässer
24463	Seitenleiste
24464	Seitenlinie
24465	Seitensammlungen
24466	Seitenstark
24467	Seitenstark-Maskottchen
24468	Seitenstatistik-Funktionen
24469	Seitentextes
24471	Sekretariate
24472	Sekretariaten
24473	Sekretariats
24474	Sektempfang
24475	Sektorenübergreifende
24476	Sektors
24477	Sekundarschule
24480	Sekundäres
24481	Selberlesen
24482	Selbstauskünfte
24483	Selbstbehauptungskurs
24484	Selbstbeherrschung
24485	Selbstbestätigung
24486	Selbstbewertung
24487	Selbstbewusstsein
24488	Selbstfürsorge
24489	Selbstgemachte
24490	Selbsthilfereferenten
24491	Selbsthilfeverbände
24492	Selbstlernkurs
24493	Selbstlernmodulen
24494	Selbstmanagement
24495	Selbstmedikation
24496	Selbstorganisation
24497	Selbstorganisiertes
24499	Selbstprofilierung
24500	Selbstschutz
24501	Selbststudium
24502	Selbsttests
24503	Selbsttestungen
24504	Selbsttäuschung
24505	Selbstverbucher
24506	Selbstverletzendes
24508	Selbstversorgerfamilie
24509	Selbstversorgung
24510	Selbstversuch
24511	Selbstvertretungsverbandes
24512	Selbstverwaltungsorgan
24513	Selbstverwirklichen
24514	Selbstwirksamkeit
24515	Selbstzweck
24516	Selbständigkeit
24517	Selbteinschreibung
24518	Selecta
24519	Selection
24520	Selektion
24521	Selgros
24522	Sellerie
24523	Semesterapparate
24524	Semesterbeginn
24525	Semesterbeitrag
24526	Semesterferien
24527	Semestergebühren
24528	Semesters
24529	Semesterstart
24530	Semesterunterlagen
24531	Seminararbeiten
24532	Seminars
24533	Seminartag
24534	Seminarunterlagen
24535	Seminarwesen
24536	Semperoper
24538	Senator
24540	Senatskanzlei
24542	Senderangaben
24543	Sendezeit
24545	Sendungsauftrag
24546	Senegambia
24548	Seniorenakademien
24549	Seniorenheim
24550	Seniorenklubs
24551	Seniorentreffen
24552	Seniorinnen
24553	Senke
24554	Sennheiser
24555	Sensibilisierungsquote
24556	Sensibilität
24557	Sensitivität
24558	Sensor
24559	Sensoren
24560	Sentiment
24564	Septemberturnier
24565	Serails
24566	Serap
24568	Serge
24570	Serotonin
24571	Serverless
24572	Service-Angebote
24573	Service-App-Test
24574	Service-Center
24575	Service-Engineering
24576	Service-Learning
24577	Service-Qualität
24578	Service-Theke
24579	Service-Wohnen
24580	ServiceCenter
24581	Serviceangebot
24582	Serviceangeboten
24583	Serviceeinrichtungen
24584	Servicegeschäft
24585	Servicekonten
24586	Servicekonto
24587	Servicekonto-Postfächer
24588	Servicepauschale
24589	Serviceportal
24590	Servicequalität
24591	Servicestelle
24592	Servicestellen
24593	Servicetermine
24594	Servicezeiten
24595	Servieren
24597	Session-Cookie
24598	Session-Cookies
24599	Session-ID
24600	Sessions
24601	Set
24602	Settings
24603	Setup
24604	Seuchenlage
24605	Seven
24606	Sexualbeziehungen
24607	Sexualorgane
24608	Sexualpädagogik
24611	Share-Buttons
24612	Shared
24615	Shark
24616	Sheddachkonstruktion
24617	Sheets
24618	Shiatsu
24619	Shitstorms
24620	Shoah-Filmtagen
24621	Shooting
24622	Shop-Angabe
24623	Shopbetreiber
24624	Shopfloor-Board
24625	Shopfloor-Managements
24626	Show-Designer
24627	Show-Momente
24628	Shrimps
24629	Shroud
24631	Sicherheits-
24632	Sicherheitsaufgaben
24633	Sicherheitseinstellungen
24634	Sicherheitsfunktionen
24635	Sicherheitskonzepte
24636	Sicherheitskräften
24637	Sicherheitslage
24638	Sicherheitsmechanismen
24639	Sicherheitsmechanismus
24640	Sicherheitsmängel
24641	Sicherheitsstaat
24642	Sicherheitsstandards
24643	Sicherheitstechnik
24644	Sicherheitsvorfällen
24645	Sicherheitsvorkehrungen
24646	Sicherheitszündhölzer
24647	Sicherungen
24648	Sicherungseinrichtung
24649	Sichtbarkeit
24650	Sichtstrukturen
24651	Sichtung
24652	Sichtweise
24653	Sickerwasser
24656	Sieben-Tage-Inzidenzen
24657	Siedenholz
24658	Siedlergemeinschaft
24659	Siedlung
24660	Siedlungsgebietes
24661	Siegelstempel
24662	Sieger-Chance
24663	Sieger-Teams
24664	Siegesfahne
24666	Sieglinde
24669	Siemerings
24670	Sierra
24672	Sigmann
24673	Signale
24674	Signalflusspläne
24675	Signalprogramms
24676	Signaturverfahren
24677	Signets
24678	Sikh
24679	Sikhs
24680	Silbermedaille
24681	Silberoptik
24682	Silberprojekte
24683	Silizium
24684	Silverlight
24685	Silvester-Feuerwerk
24686	Silvesterparty
24687	Silvesterpartys
24688	Simbabwe
24689	Simo-tec
24690	Simonis
24691	Simulation
24692	Simulationen
24693	Simulationserlebnisse
24694	SinEros
24695	Sinfonie
24696	Sinfonik
24697	Singer-Songwriter
24698	Singer-Songwriters
24699	Single
24700	Single-
24701	Sinnoh
24702	Sinnvolles
24703	Sinsheim
24704	Sir
24705	Sirenen
24706	Sirois
24708	Site-config
24709	SiteLock
24710	Sittensen
24712	Sitz-
24713	Sitzbänke
24714	Sitzgelegenheiten
24715	Sitzgruppen
24716	Sitzplatznutzers
24717	Sitzplätzen
24718	Sitzungen
24719	Sitzungsleiter
24720	Sitzungsleiterin
24721	Skada-City
24722	Skifahrt
24723	Skills
24724	Skinheads
24725	Skirennläuferin
24726	Skisprung-Weltmeister
24727	Skizze
24728	Skizzenbuch
24729	Sklave
24730	Skript
24731	Skriptsprachen
24734	SkyGo
24735	Slack
24736	Slam
24737	Slow
24738	Small
24741	SmartHome
24742	Smartmob
24743	Smartphone-App
24744	Smartphone-Niveau
24745	Smartwatches
24746	Smoothies
24747	Snacks
24752	Societies
24753	Sodann
24754	Soest
24755	SofakulturFür
24756	Sofas
24757	Sofort-Zuschuss
24758	Sofortgewinn
24759	Soforthilfe
24760	Soft-
24761	Softskills
24762	Software-Challenge
24763	Software-Entscheidung
24764	Software-Entwicklung
24765	Software-Version
24766	Softwarenutzung
24767	Softwareplattformbetreibern
24768	Softwareverteilung
24769	Softwareverträge
24771	Sohnes
24772	Soja
24773	Sokol
24774	Solarpanelen
24775	Solarprojekt
24776	Solarstrom
24777	Solarworld
24778	Solarzelle
24780	Soldatinnen
24781	Solidarloses
24782	Solisten
24785	Solokünstler
24786	Solokünstlerin
24787	Soloselbständigen
24788	Solowerke
24789	Solti
24790	Solutions
24791	Somalia
24792	Sommermonaten
24793	Sommerpause
24794	Sommerstorys
24795	Sommertag
24796	Sommertour
24797	Sommervögel
24798	Son
24799	Sonde
24800	Sonder-
24801	Sonderausgabenabzug
24802	Sonderausstellung
24803	Sonderbericht
24804	Sondereditionen
24805	Sonderfahrzeugen
24806	Sonderkenntnisse
24807	Sonderlagen
24808	Sondermaße
24810	Sonderprogramm
24811	Sonderpädagogen
24812	Sonderregelung
24813	Sondersituation
24814	Sondertilgungen
24815	Sonderveranstaltungen
24816	Sondervorschrift
24817	Sonderzeichen
24818	Sondierung
24819	Sonnenschutz
24820	Sonnenuntergang
24821	Sonntagmittag
24822	Sonthofen
24823	Sophia
24825	Sorbisch
24827	Sorgfaltspflichten
24828	Sortensichtung
24829	Sortierung
24830	Sound
24831	Sovim
24834	Sozial-Pädagogische-Assistentin
24835	Sozial-Pädagogischer-Assistent
24837	Sozialausgaben
24838	Sozialausschuss
24839	Sozialbeitrag
24840	Sozialberatung
24841	Sozialberufe
24842	Sozialdaten
24843	Sozialdemokratie
24848	Sozialforschung
24849	Sozialindex
24850	Sozialisation
24851	Sozialmietwohnungen
24852	Sozialministerin
24853	Sozialministerkonferenz
24854	Sozialpolitisch
24855	Sozialpädagogin
24856	Sozialpädagogische
24857	Sozialsysteme
24858	Sozialverhaltens
24860	Sozialversicherungsbeiträge
24861	Sozialversicherungspflicht
24862	Sozioinformation
24864	Soziotherapie
24865	Space
24866	Spaghetti-Produkten
24867	Spam
24868	Spam-Abwehr
24869	Spambots
24870	Spammail
24871	Spaniens
24872	Spanischkurs
24875	Sparfüchsen
24877	Sparkassen
24878	Sparkassen-
24879	Sparkassen-Card
24880	Sparkassenverbands
24881	Sparphase
24882	Sparzwang
24883	Spate
24884	Spazieren
24885	Spaziergangs
24886	Spaziergänge
24887	Spaziergänger
24888	Speaker
24889	Speakerin
24890	Special
24891	Speicherbereich
24892	Speichererweiterungen
24893	Speicherkarten
24894	Speichermedien
24896	Speicherplatz
24897	Speichers
24898	Speicherstände
24899	Speicherung
24900	Speichervermögen
24901	Speise
24902	Speiseröhrenkrebs
24903	Speisesaal
24904	Spendenaktion
24905	Spendenaktionen
24906	Spendenanteil
24907	Spendenkasse
24908	Spendenmarathon
24909	Spendenquittungen
24910	Spendenrats
24911	Sperber
24912	Sperrgebiet
24913	Sperrkonto
24914	Speyerer
24915	Spezial
24916	Spezialgebieten
24917	Spezialistinnen
24918	Spezialteile
24919	Spezialuntersuchungen
24923	Spiegelreflexkameras
24924	Spiegelstrich
24925	Spiegler
24927	Spiel-
24928	Spielbetriebs
24929	Spiele-Apps
24930	Spiele-Arena
24931	Spiele-Boxen
24932	Spielekonsole
24933	Spielekultur
24934	Spielerinnen
24936	Spielerische
24937	Spielerlebnisse
24938	Spielern
24939	Spieletestergruppe
24940	Spielfeldrand
24941	Spielfähigkeit
24942	Spielgeschehen
24943	Spielkontakte
24944	Spielorten
24945	Spielplatz-Bürgerinitiative
24946	Spielplätzen
24947	Spielraum
24948	Spielregeln
24949	Spiels
24950	Spielszenen
24951	Spieltag
24952	Spieltagen
24953	Spielvarianten
24954	Spielzeit
24955	Spielzeug-UFO
24956	Spielzeugen
24957	Spiller
24958	Spin
24959	Spinnereigebäude
24960	Spins
24961	Spitzenklasse
24962	Spitzenköche
24963	Spitzenplatz
24964	Spitzenreiter
24965	Spitzensportler
24966	Spitzenverbänden
24967	Splitter
24968	Spolien
24969	Sport-Kontext
24970	Sport-Realität
24971	Sportabzeichen
24972	Sportabzeichen-Uni-Challenge
24973	Sportabzeichens
24974	Sportangebote
24975	Sportbetrieb
24976	Sportbund
24977	Sporterlebnis
24978	Sportfachverband
24979	Sportfest
24980	Sportfreunde
24982	Sportgestaltung
24983	Sporthelfer
24984	Sporthilfe-Athlet
24985	Sporthochschule
24987	Sportkarriere
24988	Sportlern
24989	Sportmediziner
24990	Sportnachrichten
24991	Sportpark
24992	Sportprogramm
24993	Sportprominenz
24994	Sportpsychologie
24995	Sportschau
24996	Sportschuhe
24997	Sportsektor
24998	Sportsmann
24999	Sportstunde
25000	Sportstätten
25001	Sportswear
25002	Sportverbände
25003	Sportverein
25004	Spot
25005	Spots
25006	Sprachendichte
25007	Sprachentwicklung
25008	Spracherwerbs
25009	Sprachförderbedarf
25010	Sprachfördergruppen
25011	Sprachgefühl
25012	Sprachkenntnisse
25013	Sprachkompetenzen
25014	Sprachkurs
25015	Sprachkursen
25016	Sprachlabor
25017	Sprachlosigkeit
25018	Sprachmittel
25019	Sprachniveau
25020	Sprachstörungen
25021	Sprachtrainer
25022	Sprachunterricht
25023	Sprachwechsel
25024	Sprachzertifikate
25025	Sprech-
25026	Sprecherin
25027	Sprechers
25028	Sprechstundenzeit
25029	Sprechvermögen
25030	Spreewaldes
25031	Spreizt
25032	Sprengbunker
25033	Springbrunnen
25035	Spruch
25036	Sprunglinks
25037	Spule
25038	Spurenelement
25039	Spurenelemente
25040	Spurensicherung
25041	Sputterprozesse
25042	Spätgotik
25043	Späth
25044	Spätsommer
25045	Spüle
25046	Spülmaschinen
25047	Sri
25049	Ssuschke
25057	Staates
25060	Staatsangehörige
25061	Staatsangehörigen
25062	Staatsangehörigkeitsgesetz
25064	Staatsanwaltschaft
25065	Staatsanwaltschaften
25066	Staatsarchiv
25067	Staatsbetriebes
25068	Staatsbürgerinnen
25069	Staatsbürgern
25070	Staatsform
25071	Staatsfunk
25072	Staatsgebiet
25073	Staatsgewalt
25075	Staatsminister
25076	Staatsministerin
25078	Staatsoberhaupt
25079	Staatsrecht
25080	Staatssicherheit
25081	Staatsvertrag
25082	Staatsvertrags
25083	Staatszeitung
25084	Staatszuschuss
25085	Stabsstelle
25086	Stachel
25087	Stade
25088	Stader
25092	Stadt-
25094	StadtRegion
25095	Stadtbezirksämtern
25096	Stadtbild
25097	Stadtbrandmeister
25098	Stadtdirektor
25099	Stadtebene
25100	Stadtentwicklungspolitik
25101	Stadtfesten
25102	Stadtflucht
25103	Stadtförsterei
25104	Stadtführung
25105	Stadtgrenzen
25106	Stadthalle
25107	Stadtjugendring
25109	Stadtkernen
25110	Stadtmarketings
25111	Stadtmissionen
25112	Stadtmuseums
25113	Stadtpfleger
25114	Stadtplanung
25115	Stadtplanungsamt
25116	Stadtpolitik
25117	Stadtradeln
25118	Stadtradeln-Aktion
25120	Stadtratssitzungen
25121	Stadtredaktion
25122	Stadtsparkasse
25124	Stadtteile
25125	Stadtteilen
25126	Stadtteilentwicklung
25127	Stadtverwaltung
25128	Stadtviertel
25131	Staffel
25132	Staffeln
25133	Stahlplatten
25134	Stalleinrichtungen
25135	Stammdaten-
25136	Stammdatenblatt
25137	Stammtisch
25141	Standardberichte
25142	Standardfragebogen
25143	Standardgitter
25144	Standardpreise
25145	Standardtext
25146	Standardversion
25147	Standardvertragsklauseln
25148	Standbeine
25149	Standes
25150	Standortkonvolute
25151	Standpartys
25152	Standpunkte
25153	Standsicherheit
25154	Stange
25155	Stanhope
25156	Stanislaw
25158	Stanzen
25159	Star-Dirigenten
25160	Starburst
25163	Start-Seite
25164	Start-up-Paket
25165	Start-up-Szene
25166	Starte
25167	Startelf
25168	Starter-Programmen
25169	Starterpaket
25170	Starthilfe
25171	Startkapital
25172	Startschuss
25173	Startup
25174	Startup-
25175	Startup-Phase
25176	Startzone
25177	Stasimitarbeiter
25178	Statement
25179	Statistik
25180	Statistische
25181	Statue
25182	Status
25183	Statusangst
25184	Staubfiltern
25185	StaubwolkeSaharastaub
25186	Steckdose
25187	Steding
25189	Stefanie
25192	Steglitz-Zehlendorf
25194	Stehplans
25196	Stehtische
25197	Steigerung
25199	Stein-Bastuck
25200	Steinbach
25202	Steinberger
25203	Steinblöcke
25204	Steinbrocken
25205	Steinbruch
25206	Steine
25207	Steinen
25208	Steiner
25209	Steinfurt
25210	Steinkreise
25212	Steintürmen
25213	Stellaratoren
25214	Stellenangeboten
25215	Stellenanteilen
25216	Stellenausschreibung
25217	Stellenausschreibungen
25218	Stellenbeschreibung
25219	Stellenprofil
25220	Stellenzulage
25221	Stellplatz
25222	Stellschrauben
25223	Stellvertreterin
25224	Stellvertreterinnen
25225	Stellvertretern
25226	Stellwände
25227	Stempelplaketten
25228	Stephanie
25230	Stephenie
25232	Sterbehilfe
25233	Stereoanlagen
25234	Stern-
25235	Sterne
25236	Sterne-
25237	Sternphysik
25238	Sternschnuppe
25239	Sternschnuppen
25240	Sternzeichen
25241	Steroiden
25242	Steroidhormon
25243	Steuerabzugsbeträge
25244	Steuerart
25245	Steuerbarkeit
25246	Steuerberater
25247	Steuerberaters
25248	Steuerbescheid
25249	Steuerermäßigung
25250	Steuerexperten
25251	Steuergeräte-Software
25252	Steuergutschrift
25253	Steuerkanzlei
25254	Steuernummer
25255	Steuerrecht
25256	Steuerreform
25257	Steuerschätzung
25258	Steuerseminar
25259	Steuerst
25260	Steuersätze
25261	Steuerungs-
25263	Steuerungsgruppe
25264	Steuerungsinstrument
25265	Steuerungssoftware
25266	Steuerungstechniken
25267	Stevens
25268	Stevenson
25269	Stichprobenartige
25270	Stichtagsregelung
25271	Stickstoff-Flächenbilanz
25272	Stickstoffelimination
25273	Stiefelfett
25274	Stielen
25275	Stiers
25276	Stifte
25277	Stifterverbandes
25286	Stiftungsbüro
25287	Stiftungskapital
25288	Stiftungssatzung
25289	Stiftungsverfassung
25290	Stig
25291	Stilen
25292	Stillen
25293	Stillgewässer
25294	Stillschweigen
25295	Stillstand
25296	Stilwechsel
25297	Stimm-
25298	Stimmbelastbarkeitsuntersuchung
25299	Stimmberechtigt
25300	Stimmenfang
25301	Stimmenverteilung
25302	Stimmleistung
25303	Stimmqualität
25304	Stimmungen
25305	Stimmungslagen
25306	Stimmungsqualität
25307	Stimmungstagebuch
25308	Stimmzettel
25309	Stimmzetteln
25310	Stimpel
25311	Stipendiaten
25312	Stipendiatinnen
25313	Stipendienaufenthalt
25314	Stipendienfonds
25315	Stipendienprogramm
25316	Stipendienübergabe
25318	Stockwerke
25319	Stoffen
25320	Stoffentwicklung
25321	Stoffhosen
25322	Stoffkreisläufen
25323	Stoffmasken
25324	Stoffmengen
25325	Stoffs
25326	Stoffwechselabbauprodukten
25327	Stoll
25328	Stolpersteine
25330	Storag
25331	Storage-Umgebungen
25332	Store
25333	Stores
25334	Story
25336	Stracke
25337	Strafanzeige
25338	Strafgefangenen
25339	Strafmaß
25340	Strafsachen
25341	Strafverfahrens
25342	Strafverfolgungsbehörde
25343	Strafvollzug
25344	Strahlendosen
25345	Strahlendosis
25346	Strahlkraft
25347	Strahlung
25348	Stralsund
25349	Stralsunds
25351	Strandkorb
25352	Strandlust
25353	Strategie-Konzept
25354	Strategiedialog
25355	Strategiekonzept
25357	Stratmann
25358	Straubing
25359	Straßburg
25362	Straßenanschrift
25364	Straßenbahndepot
25365	Straßenbahnhaltestelle
25366	Straßenbau
25367	Straßenbauprojekte
25368	Straßenberger
25370	Straßenecke
25371	Straßenmusiker
25372	Straßennamen
25373	Straßennetz
25374	Straßenverbindungen
25375	Stream
25376	Streaming
25377	Streaming-Dienste
25378	Streaming-Server
25379	Streckenführung
25381	Streich
25382	Streich-
25383	Streichquartett
25385	Streitfälle
25386	Streitschlichtern
25387	Strelow
25388	Stressforschung
25389	Stressphysiologie
25391	Stressresistenz
25392	Streugerät
25393	Streuobstwiesen
25394	Streusalz
25395	Streuverluste
25396	Strich
25397	Striezelmarkt
25398	Striezelmarkt-Weihnachtspostamt
25399	Strike
25400	StrlSchV
25401	Strobl
25402	Stroh
25403	Strohgäu-Bahn
25404	Strohmaier
25405	Stromanbieter
25406	Stromanbieterwechsel
25407	Stromausfällen
25408	Stromerzeugung
25409	Strommenge
25410	Stromnetzentgeltverordnung
25411	Stromsparhelfer
25412	Stromspeicher
25413	Stromvergleich
25415	Strukturentwicklungsstudie
25416	Strukturfonds
25418	Strukturierungen
25419	Strukturreform
25420	Strukturwandels
25421	Struppi
25422	Stube
25425	Studentenausweis
25426	Studentenclubs
25427	Studentenrabatt
25430	Studi-Portal
25431	StudiSoft
25433	Studienablauf
25434	Studienabschluss
25435	Studienakademie
25436	Studienalltag
25437	Studienanfängerinnen
25438	Studienanfängern
25439	Studienangebote
25440	Studienanteile
25441	Studienarbeiten
25442	Studienaufenthalt
25443	Studienbedingungen
25444	Studienbeginn
25445	Studienbeiträge
25446	Studienberatung
25447	Studienberatungsgespräch
25448	Studienbescheinigungen
25449	Studienbewerbern
25450	Studienbotschafter
25451	Studiendekan
25452	Studiendirektor
25453	Studienentscheidung
25454	Studienergebnisse
25455	Studienfach
25456	Studienfeld
25457	Studiengangsfinder
25458	Studiengangsleiter
25459	Studienguthaben
25460	Studieninformationstag
25461	Studieninhalte
25462	Studieninteressierte
25463	Studieninteressierten
25464	Studienjahre
25465	Studienkommission
25466	Studienleiter
25467	Studienmöglichkeiten
25468	Studienorganisation
25469	Studienorientierung
25470	Studienort
25471	Studienphasen
25472	Studienplatzvergabe
25473	Studienplätze
25474	Studienprojekt
25475	Studienprojektplätze
25476	Studienreihe
25477	Studienschwerpunkte
25479	Studiensemester
25480	Studienservice
25481	Studienthema
25482	Studienurlaubs
25483	Studienvarianten
25484	Studienzeit
25485	Studienzeiten
25486	Studienzentrum
25487	Studienzulassung
25489	Studierendenbefragung
25490	Studierendenkontext
25491	Studierendenleben
25492	Studierendenparlament
25493	Studierendenperspektive
25494	StudierendenschaftDas
25495	Studierendenwerk
25497	Studierendenwerkes
25498	Studierfähigkeit
25499	Studierwerkstatt
25500	Studies
25506	Studium-Jahresplaner
25507	StudiumsBeantragung
25509	Stuhlbluttest
25513	Stundenplan
25514	Stundenwoche
25515	Stundenzahlen
25517	Sturheit
25519	Sturmschäden
25520	Stuten
25524	Style
25525	Styling
25526	Städtebauförderungsmitteln
25527	Städtebauförderungsprogramm
25528	Städteranking
25529	Städtetages
25530	Städteverbund
25532	Ständehaus
25533	Ständer
25536	Stärkster
25537	Stätten
25538	Stöckach
25539	Stöcke
25540	Stöhr
25542	Störungsbildes
25543	Stübgen
25544	Stürken
25545	Stürme
25546	Stützpunkt
25547	Subsidiaritätsprinzip
25548	Substrat
25549	Suchagent
25550	Suchagenten
25551	Suchaktionen
25552	Suchende
25553	Suchfeld
25554	Suchfunktionen
25555	Suchmaschinen-Positionierung
25556	Suchmaschinenergebnissen
25557	Suchmaschinenmarketing
25558	Suchmaschinenoptimierung
25559	Suchraum
25561	Suchtkranke
25562	Suchtproblemen
25563	Suchtprävention
25564	Suchtreffer
25565	Suchtverhaltens
25566	Suhling
25567	Suizidprävention
25569	Summer
25570	Summierung
25571	Summon
25572	Suntory
25575	Superfood
25576	Superhalbschwergewicht
25577	Superhelden-Maske
25578	Superinfektionen
25579	Superkräfte
25580	Superlative
25583	Support-Mitarbeitende
25584	Surround
25586	Suspendierung
25587	Sustainability
25588	Sustala
25589	Swallowing
25590	Swiss
25592	Symbol
25593	Sympathiewerte
25595	Symphonien
25596	Symphonieorchester
25597	Symphonieorchesters
25598	Symphoniker
25600	Synagogen
25601	Synchronsprecherin
25602	Synergie
25603	Synthesis
25604	Synthesizern
25605	Systel
25607	Systemadministratorin
25608	Systemakkreditierung
25609	Systemanbieter
25610	Systemdesign
25611	Systemen
25612	Systemgebühr
25613	Systemisch-Lösungsorientierte
25614	Systemlandschaft
25615	Systemmissbrauchs
25616	Systemstruktur
25617	Systemvoraussetzungen
25618	Systen
25619	Szene-Vertrieben
25620	Szenencollage
25621	Szenetreffs
25622	SächsGVBl
25623	SächsHSFG
25624	SächsNatSchG
25626	Sächsischer
25628	Sägespäne
25629	Säkularisation
25630	Sänger
25631	Sängerbund
25632	Sängerin
25633	Sängerjugend
25634	Säuberung
25635	Säugetieren
25637	Säuglingen
25638	Säuglings-
25639	Säumnisgebühr
25640	Säuren
25641	Söchting
25642	Söhnen
25643	Süd-Osten
25644	Südamerika
25645	Südbayern
25646	Süddeutschland
25647	Südens
25648	Südfrankreich
25649	Südlich
25650	Südostasien
25651	Südosten
25652	Südrand
25653	Südseite
25654	Südstadt
25655	Südtirol
25656	Südwest
25657	Südwestderby
25658	Südwesthälfte
25659	Südwürttemberg-Hohenzollern
25660	Sünder
25661	Süßem
25662	Süßkartoffel-Pommes-Rezept
25663	Süßliches
25664	T-Shirts
25666	TA
25667	TAFH
25668	TAN-Generator
25669	TBT
25670	TC
25671	TCM
25672	TEC
25673	TEKLa
25674	TERMINHINWEIS
25675	TFK-Matratze
25676	TGDs
25677	TGZ
25680	THD-Professor
25681	THErapieORGanisation
25682	THZ
25683	TIM-online
25684	TMG
25685	TOA
25686	TOGETHER
25687	TOSHIBA
25689	TOTW
25690	TQM
25692	TS
25695	TUK
25696	TV-Journalist
25697	TV-Persönlichkeit
25698	TV-Studio
25699	TVA
25702	Tabakgesetzgebung
25703	Tabea
25704	Tabellenentgelt
25705	Tabellenführer
25706	Tabellenführung
25707	Tablets
25708	Tabula
25709	Tafel
25710	Tafelbilder
25711	Tafelladen
25712	Tageblatt
25713	Tagesausflug
25714	Tagesgeld
25715	Tagesgästen
25716	Tageslicht
25717	Tagesmutter
25718	Tagesordnungspunkte
25719	Tagespflege
25720	Tagespflegepersonen
25721	Tagesschau
25722	Tagesveranstaltungen
25723	Tagesverlauf
25724	Tageszeitunabhängig
25725	Tagfahrten
25726	Tagfalter
25727	Tags
25728	Tagungsdokumentation
25729	Taiwaner
25730	Taiwanerinnen
25731	Takt
25732	Taktik
25733	Talaue
25734	Talentfaktoren
25735	Talentförderung
25736	Taliban
25737	Talsperre
25738	Talsperren
25741	Tanz
25742	Tanz-Musik
25743	Tanzklasse
25744	Tanzschritten
25745	Tanzschule
25746	Tanzveranstaltung
25747	Tapas
25748	Tareq
25750	Tarifbeschäftigtenverhältnis
25751	Tarifdschungel
25752	Tarife
25753	Tarifen
25754	Tarifvertrags
25755	Tarifverträgen
25756	Tartu
25758	TaschenfederkernmatratzenTonnen-Taschenfederkernmatratzen
25759	Taschenfedern
25760	Taschengeld
25761	Taschenmuseum
25762	Taschentuch
25763	Taschentücher
25764	Tasler
25765	Tastaturen
25766	Taste
25767	Tasten-
25768	Tastendruck
25769	Tatarstan
25770	Tatausführung
25771	Taten
25772	Tatorten
25773	Tatsachen
25774	Tatsachenbehauptungen
25775	Tatverdacht
25776	Tatverdächtige
25777	Tatzen
25778	Taubblinde
25779	Tauberbischofsheim
25780	Tauch-
25782	Taucher
25783	Tauchparadies
25784	Tauf-Torte
25785	Taufkleidung
25786	Taufpate
25787	Taufpatin
25788	Taufpräsenten
25789	Tauglichkeitsbescheinigung
25790	Taunus
25791	Tauschmarkt
25792	Tausende
25793	TaxMaster
25794	Taycan
25795	Tayyip
25799	TeamViewer
25800	Teamaufstellung
25801	Teamentwicklung
25802	Teamkollegen
25803	Teammitglieder
25804	Teammitgliedern
25805	Tech-Giganten
25806	TechStage
25807	Techies
25808	Technikansprechpartner
25809	TechnikchefWas
25811	Technikerbesuch
25812	Technikplan
25814	Techno-Z
25815	Technologie-
25816	Technologieberatung
25817	Technologiefirmen
25818	Technologiepolitik
25819	Technologies
25820	Technologiezentrum
25821	Technologiezentrums
25823	Teemu
25825	Teepflanze
25826	Teestrauchgewächse
25827	Teich
25828	Teigtaschen
25829	Teil-
25830	Teil-Lockdown
25831	Teilbewegungen
25832	Teilbibliothek
25833	Teilchenverlust
25834	Teileinkünfteverfahren
25835	Teileinstürzen
25836	Teilelementen
25837	Teilfonds
25838	Teilgruppen
25839	Teilhabe-Chancengesetz
25840	Teilhabepaket
25841	Teilkaskoversicherung
25842	Teillieferungen
25843	Teilmodulbeschreibungen
25844	Teilnahme-
25845	Teilnahmebedingungen
25846	Teilnahmetag
25847	Teilnahmezertifikat
25849	Teilnehmende
25854	Teilnehmerkreis
25855	Teilnehmerkreises
25856	Teilnehmernummer
25857	Teilreisewarnung
25860	Teilzahlungen
25861	Teilzeit-
25863	Teisnach
25864	Tejolos
25865	Tel
25868	Tele-
25869	Telefon-Firma
25870	Telefon-Nummer
25871	TelefonSeelsorge
25872	Telefonaten
25873	Telefonberatungen
25874	Telefonica
25875	Telefoniefunktion
25877	Telefonnummern
25878	Telefonservices
25879	Telefonzelle
25882	Telegram
25883	Telekom-Stiftung
25884	Telekommunikationsanbieter
25885	Telekommunikationsgesetzes
25886	Telekommunikationstechnik
25887	Telemedienangebot
25888	Teletherapie
25889	Tellern
25890	Temperaturbereich
25891	Temperaturen
25892	Tempi
25893	Template
25894	Ten
25895	Tennisclub
25896	Tennisgelände
25897	Tenniskarriere
25898	Tepel
25899	Teppichs
25900	Terbeck
25901	Teresa
25902	Terminanfrage
25903	Terminankündigung
25904	Terminplaner
25905	Terminshopping
25906	Terminvereinbarung
25907	Terminvereinbarungsdienst
25908	Terrasse
25909	Terrassenpunkt
25910	Terroranschlags
25911	Terroranschläge
25913	Terrorismus
25914	Tesche
25915	Tesla
25916	Tessloff
25918	Testamenten
25919	Testaments
25920	Testbericht
25922	Testende
25923	Tester
25924	Testergebnis
25925	Testerhebungen
25926	Testfeld
25927	Testfrequenz
25928	Testhaus
25929	Testkapazitäten
25930	Testpersonen
25931	Teststelle
25932	Teststellen
25933	Testungen
25934	Testurteil
25936	Testzentren-
25937	Testübungen
25938	Teufelszeug
25939	Teutoburger
25941	Text-
25942	Textabschnitte
25943	Textanzeigen
25944	Textaufbau
25945	Textdatei
25946	Texteingabe
25947	Textinformationen
25948	Texturen
25949	Textverarbeitung
25950	Textverarbeitungsprogramm
25951	Thallium-haltigem
25952	Tharandt
25955	Thea
25956	Theater-AG
25957	Theateraufführung
25958	Theaterautors
25959	Theatermenü
25960	Theaterstück
25961	Theke
25962	Thekenraum
25965	Thematisierung
25966	Themen-
25967	Themen-Workshops
25968	Themenblöcke
25969	Themenblöcken
25970	Themenkomplex
25971	Themenkonferenz
25972	Themenmärkten
25973	Themenreihe
25974	Themenschwerpunkte
25975	Themenspecial
25976	Themes
25977	Theologe
25979	Theologiestudierende
25980	Theoretische
25982	Theorie-Unterricht
25983	Theoriephase
25984	Theoriephasen
25985	Therapeutin
25986	Therapieangebot
25987	Therapieausbildungen
25988	Therapieerfolg
25989	Therapieräume
25990	Therapiesituationen
25991	Therese
25992	Theresia
25994	Theresienstadt
25995	Thermo
25996	Thermometer
25997	Theuerl
25998	Thiel
25999	Thomanerchor
26008	Thormählen
26011	Thoß
26012	Thrombozyten
26013	Thrombozytenfunktionstests
26014	Thümler
26015	Thünenschen
26016	TiB-Moderator
26017	TicketPAY
26018	TidioChat
26020	Tiefbau
26021	Tiefbauleistungen
26022	Tiefebene
26023	Tiefenachse
26024	Tiefensensoren
26025	Tiefenstrukturen
26026	Tiefgang
26027	Tiefschlaf
26028	Tiegeln
26029	Tiele-Winckler
26030	Tierarten
26031	Tierarzt
26032	Tierfutter
26033	Tiergesundheitsdienste
26034	Tierleid
26035	Tierpark
26037	Tierra
26038	Tierschutzgesetz
26039	Tierschützerin
26040	Tiertrophäen
26041	Tiervielfalt
26042	Tierwirtin
26043	Tierwohl-Aspekten
26044	Tierzucht
26045	TikTok-Account
26046	Tilde
26047	Tillich
26048	Tim
26049	Times
26050	Timm
26053	Tinkturen
26054	Tinnitus
26055	Tinte
26056	Tintenfischen
26057	Tintenstrahldruckers
26059	Tippen
26060	Tirschenreuth
26062	Tische
26063	Tischler
26064	Tischlern
26065	Tischlösung
26066	Tischtennis-Bund
26067	Tischtennis-Ortsmeisterschaften
26068	Tischtennisclub
26069	Tischwäsche
26070	Titels
26071	Tja
26072	Toaster
26073	Toasts
26076	Toccata
26077	Tochterbanken
26078	Tochtergesellschaften
26079	Tochterunternehmens
26080	Tode
26081	Todes
26082	Todes-
26083	Todesangst
26084	Todesfälle
26085	Todesursache
26088	Tokyo
26090	Toleranz
26091	Toleranzbildung
26092	Tollwut
26093	Tollwutimpfung
26097	Tonalität
26098	Tonaufnahmen
26099	Tondo
26100	Tone
26101	Tonern
26102	Tonkünstler-Orchester
26103	Tonnen
26104	Tonübertragungen
26105	Toolbox
26108	Top-Liste
26109	Top-Stellen
26110	Top-Unternehmen
26111	Topfpflanzen
26112	Topper
26113	Topteams
26115	Tore
26117	Toren
26118	Torgau
26119	Torhüter
26120	Torsten
26122	Torstuben
26123	Tostedt
26126	Tote
26127	Totempfähle
26128	Totenbuch
26129	Totenzettel
26130	Totfund
26131	Totholz-Haufen
26132	Touch
26133	Tourdaten
26134	Tourenfahrt
26136	Tourismusbereich
26137	Tourismusdienstleistungen
26138	Tourismusregionen
26139	Touristenort
26140	Touristenzentren
26141	Touristinformation
26142	Tower
26143	Toyah
26145	Tracer
26146	Trachtenverein
26147	Trachyt
26148	Track
26149	Tracker
26150	Tracking-
26151	Tracking-Service
26152	Trade
26155	Trails
26156	Trainee
26157	Trainern
26158	Trainerplanung
26159	Trainers
26160	Trainings
26161	Trainingsgestaltung
26162	Trainingsinstituten
26163	Trainingsmöglichkeiten
26164	Trainingsprogramm
26165	Trainingstherapie
26166	Trainingszeiten
26167	Trajectories
26168	Traktoren
26169	Trans-Kinder-Netz
26170	Transaktion
26171	Transanaler
26172	Transatlantischen
26174	Transfergutscheine
26175	Transferinstrumente
26176	Transferleistungen
26177	Transferzentrum
26178	Transformationsprozess
26179	Transformieren
26180	Transgenese
26181	Transmission
26182	Transnational
26183	Transparency
26184	Transpondernummern
26185	Transportverlusten
26186	Transportweg
26187	Transportwege
26188	Transportwegen
26189	Transposition
26190	Trauerweide
26191	Trauma
26192	TraumaZentrum
26193	Traumahilfezentrum
26194	Traumas
26195	Traumberuf
26196	Traumhaus
26197	Traummann
26198	Traumschiff
26199	Trauring
26200	Traut
26201	Trautner
26202	Treff-Punkt
26203	Treffer
26205	Treibhausgas
26206	Treibhausgase
26207	Treibhausgasemissionen
26208	Trekkingtickets
26209	Trendgetränken
26210	Trendthema
26211	Trendwende
26212	Trennvorrichtungen
26213	Treppengeländern
26214	Treppenhäuser
26216	Treutle
26217	Triaphon
26218	Triathlon
26219	Trichtern
26220	Trickvideos
26221	Trieben
26222	Triell
26223	Trier
26224	Trikot
26225	Trikots
26226	Trimm
26227	Trimm-Dich-Pfad
26228	Trinitatis
26229	Trinkhalmen
26230	Trinkmilch
26231	Trinkwasseraufbereitung
26232	Trinkwasserverteilungsanlage
26233	Trio
26235	Trip
26236	Triphenylzinn
26237	Trisubstituierte
26238	Trittau
26239	Trittstufe
26240	Trockenfrüchte
26241	Trockenraum
26242	Trockenzeiten
26243	Trocknen
26244	Trockner
26245	Trocknungsschritt
26246	Tropenmedizin
26248	Trophäen
26250	Trouble
26253	Trucks
26254	True-Wirekless-Kopfhörer
26255	Trump
26256	Trumps
26257	Truppen
26258	Trusted
26260	Truthühnern
26261	Träger-
26262	Trägermaterialien
26263	Trägern
26264	Trägerstruktur
26265	Trödelshow
26266	Tschirner
26267	Tsunami-Warnzentrum
26268	Tucholskys
26269	Tue
26270	Tumorrezidiv
26271	Tumorzellen
26272	Turbobahn
26273	Turn-over
26274	Turnen
26275	Turnhalle
26276	Turnhallen
26277	Turniers
26278	Turnus
26279	Tusche
26280	Tuschetien
26281	Tust
26282	TutorInnen
26283	Tutorien
26284	Tuttlingen
26285	Tweet
26286	Twilight-Saga
26287	Twitter-
26289	Typenbezeichnung
26291	Typisierungsaktion
26292	Typografen
26293	Typographie
26294	TzBfG
26295	TÜV-Verband
26296	Täler
26297	Tänzer
26299	Tätiger
26300	Tätigkeitsbereiche
26301	Tätigkeitsbereichen
26302	Tätigkeitsfelder
26303	Täufling
26304	Töpferscheibe
26305	Tötungen
26306	Tötungsdelikt
26307	Tübingen
26308	Tübinger
26309	Tüftler
26310	Tümpel
26311	Tümpels
26312	Türchen
26313	Türklinken
26314	Türkonzept
26315	Tüten
26326	UAV
26327	UELZEN
26328	UG
26329	UK
26330	UKW-
26331	UN-Übereinkommen
26332	UNBRK
26334	UNESCO-Geoparks
26335	UNESCO-Welttag
26336	UNICEF-Helfer
26337	UNICEF-Mitarbeiterinnen
26338	UNICEF-Patin
26339	UNICEF-Spende
26340	URN-Resolving-Dienst
26341	US
26342	US-Dollar
26343	US-Hauptstadt
26344	US-Pharmaunternehmen
26345	US-Soldaten
26346	US-amerikanische
26347	US-amerikanischer
26348	USB-Schnittstellen
26349	USB-Steckers
26350	UVP
26351	UWH
26352	Ubbedissen
26353	Uckermark
26354	Ueckermünde
26355	Uetze
26357	Ukulele
26358	Ulbrich
26359	Ulipristalacetat
26360	Ullrich
26361	Ulrich
26363	Ultima
26365	Umbenennung
26367	Umfeldes
26368	Umformtechnik
26369	Umfragebögen
26370	Umgangs
26371	Umgangsregeln
26372	Umgebindehäuser
26373	Umgebungsgeräuschen
26374	Umgebungslärm
26378	Umgestaltungen
26379	Umkreise
26380	Umlagebetrag
26381	Umlagen
26382	Umland
26383	Umlaufbeschluss
26384	Umliegende
26385	Umnutzungen
26386	Umsatzausfallentschädigung
26387	Umsatzbedingungen
26388	Umsatzeinbruch
26389	Umsatzes
26390	Umsatzsteuerpflicht
26391	Umschlag
26392	Umschreibungen
26393	Umsetzbarkeit
26394	Umsetzungsstand
26395	Umsetzungsstärke
26397	Umsteiger
26399	Umstrukturierung
26401	Umweg
26402	Umweltallianz
26404	Umweltatlas
26405	Umweltbelastungen
26406	Umweltbereich
26407	Umweltbildung
26408	Umweltbundesamt
26410	Umweltkennzeichen
26411	Umweltleistung
26412	Umweltminister
26413	Umweltministeriums
26414	Umweltqualitätsnormen
26415	Umweltqualitätszielen
26416	Umweltrisiken
26417	Umweltschutzmaßnahmen
26418	Umweltschutzverletzungen
26419	Umwelttagen
26420	Umwelttechnik
26421	Umwelttechnologie
26422	Umweltverbrechen
26424	Unabhängigkeit
26425	Unbedenklichkeitsbescheinigung
26426	Unbefugte
26427	Unbefugten
26429	Unbekannter
26430	Unbenennbarkeit
26431	Underwood
26432	Underwriter
26433	Unechtheit
26435	Unfähigkeit
26436	Unfälle
26437	Unfällen
26438	Ungerechtigkeit
26439	Ungleichheiten
26440	Ungünstige
26441	Uni-Bremen
26442	Uni-Liga
26443	UniCredit
26445	Uniformen
26447	Universities
26470	Universitätsangehörige
26471	Universitätsgesellschaft
26472	Universitätshauptgebäude
26475	Universitätsstadt
26476	Unkenntnis
26477	Unkraut
26478	Unmut
26479	Unna
26480	Unrat
26481	Unruhen
26486	Unter-und
26487	Unterarm
26488	Unterbindung
26489	Unterfangen
26490	Unterfinanzierung
26491	Untergliederung
26492	Untergrund
26493	Unterhalt
26494	Unterhaltsames
26495	Unterhaltsansprüche
26496	Unterhaltsvollstreckungsübereinkommens
26497	Unterhaltsvorschuss
26498	Unterjährig
26499	Unterkünften
26500	Unterlassungserklärung
26501	Unterlegscheiben
26502	Unterlüß
26503	Unterm
26504	Untermieter
26505	Unternehmens-
26506	Unternehmensalltag
26507	Unternehmensberaterin
26508	Unternehmensberatung
26509	Unternehmensbereich
26510	Unternehmensbereichen
26511	Unternehmensbesuche
26512	Unternehmensdiagnose
26513	Unternehmenseigner
26514	Unternehmensentwicklung
26515	Unternehmenserfolg
26516	Unternehmensergebnis
26517	Unternehmensfamilie
26518	Unternehmensgruppe
26519	Unternehmenslandschaft
26520	Unternehmensmagazin
26521	Unternehmensstruktur
26523	UnternehmerSchule
26524	Unternehmergeist
26525	Unternehmerinnen
26526	Unternehmungen
26527	Unterrichtenden
26528	Unterrichts-
26529	Unterrichtsbefreiung
26530	Unterrichtsbesuche
26531	Unterrichtseinheit
26532	Unterrichtseinheiten
26533	Unterrichtsentwürfe
26534	Unterrichtsergebnisse
26535	Unterrichtsform
26536	Unterrichtsgegenstände
26537	Unterrichtsgestaltung
26538	Unterrichtsidee
26539	Unterrichtsmaterial
26540	Unterrichtspausen
26541	Unterrichtsplanung
26542	Unterrichtspraxis
26543	Unterrichtsprogramm
26544	Unterrichtsprojekten
26545	Unterrichtstool
26546	Unterrichtsumfang
26547	Unterrichtsversorgung
26548	Unterrichtsvorhaben
26549	Unterrichtswesens
26550	Unterrieden
26551	Unterscheidungskriterium
26554	Unterstufe
26556	Unterstütze
26557	Unterstützergruppe
26559	Unterstützungen
26560	Unterstützungsangebote
26561	Unterstützungsangeboten
26562	Unterstützungsbedarf
26563	Unterstützungsmaßnahmen
26564	Unterstützungsstufen
26565	Untersuchungsbericht
26566	Untersuchungsergebnisse
26567	Untersuchungsgang
26568	Untersuchungsgebiet
26569	Untersuchungshaft
26570	Untersuchungskommission
26571	Untersuchungsmethoden
26572	Unterthemen
26573	Unterwasser-
26574	Unterweisung
26575	Unumstritten
26576	Unverletzlichkeit
26578	Unverpackt-Angebote
26579	Unverständnis
26580	Unverträglichkeitsreaktionen
26581	Unwetter
26582	Unzufriedenheit
26583	Up-Leveling
26584	Update-Dumps
26585	Upgrade
26586	Uphöfener
26587	Ur-Unioner
26588	Uran
26589	Uranerzproduzenten
26590	Urbano
26591	Ureinwohner
26592	Urheber
26593	Urheberrechte
26594	Urheberrechtsinhaber
26595	Urheberrechtsverstoß
26596	Urins
26597	Urinuntersuchung
26598	Urkunde
26599	Urkunden
26601	Urlauber
26602	Urlaubern
26603	Urlaubs-
26604	Urlaubs-Reisen
26605	Urlaubsjahr
26606	Urlaubsregelung
26607	Ursprung
26608	Ursprünge
26612	Urteilen
26613	Urteils
26614	Urteilsfindung
26615	Usability
26616	Usberti
26617	Uschi
26619	Uterwedde
26620	Utopie
26621	Utrecht
26622	Uumlber
26623	Uwe
26626	VCO
26628	VD
26629	VDP
26631	VHS
26632	VIS
26634	VLDL-Apolipoproteine
26635	VMWare
26638	VORWERK
26639	VPN-Konzentrators
26640	VR
26641	VR-Angebote
26642	VR-InnovationsPreis
26643	VR-Trainings
26644	VSW
26645	Vadas
26646	Vakuum
26647	Valaitis
26649	Value
26650	Vampir-Romane
26651	Vanessa
26652	Variabel
26653	Variantenentscheidung
26654	Variationen
26655	Vaterschaft
26656	Vaterschaftsanerkennung
26658	VdM
26659	Veedelszoch
26660	Veen
26661	Veganer
26662	Vegesack
26663	Veklury
26664	Vektor-basierte
26666	Venezia
26667	Vennehof
26669	Verabschiedung
26670	Verachtung
26671	Veranlassungen
26672	Veranstaltungsmanagement
26673	Veranstaltungsnachlese
26674	Veranstaltungsort
26675	Veranstaltungsraum
26676	Veranstaltungsseite
26677	Veranstaltungsstätten
26678	Veranstaltungsteilnehmer
26679	Verantwortungsunterschiede
26681	Verarbeitungsbetrieb
26682	Verarbeitungstätigkeiten
26683	Verarbeitungszwecke
26684	Veras
26686	Verbandes
26688	Verbandsrat
26689	Verbandsratsvorsitzenden
26690	Verbandszweck
26692	Verbesserungsbedarf
26694	Verbindlichkeit
26695	Verbindungsbüro
26696	Verbleib
26698	Verbraucher-
26699	VerbrauchergemeinschaftDiese
26700	Verbraucherinitiaitve
26701	Verbrauchern
26702	Verbraucherprodukten
26703	Verbraucherschutz
26704	Verbraucherstreitbeilegung
26705	Verbrauchertipps
26706	Verbrauchsjahr
26707	Verbrauchsmedien
26708	Verbrauchsstichprobe
26709	Verbrauchsstiftung
26711	Verbrecherjagd
26712	Verbrenner
26713	Verbrenner-Bruder
26714	Verbrennermotor
26715	Verbrennungen
26716	Verbräuche
26717	Verbundenheit
26718	Verbundes
26719	Verbundleitung
26720	Verbundnetz
26721	Verbundsystem
26722	Verbundwerkstoffe
26723	Verbündeter
26724	Verdachtsfälle
26725	Verdauerung
26726	Verdauungsprobleme
26727	Verden
26728	Verdickung
26729	Verdrängung
26734	Vereinfachung
26735	Vereinfachungsprinzip
26736	Vereinigungen
26737	Vereinsführung
26738	Vereinsheim
26739	Vereinsrecht
26740	Vereinssport
26741	Vereinszweck
26742	Vereinzelte
26743	Verena
26746	Verewigt
26747	Verfahrensabschlussquote
26748	Verfahrensgebiet
26749	Verfahrensschritte
26750	Verfahrenstechnik
26751	Verfasser
26752	Verfasste
26754	Verfassungsfeindlichkeit
26755	Verfassungsschutzbehörde
26756	Verfassungsschutzberichts
26757	Verfehlungen
26758	Verfilmung
26759	Verflechtungen
26762	Verfälschung
26763	Verfügbarmachung
26764	Verfügungs-
26765	Verg
26766	Vergabeausschuss
26767	Vergaberecht
26768	Vergangene
26769	Vergangenheitsbewältigung
26770	Vergara
26771	Vergleichend
26772	Vergleichsstudie
26773	Vergleichstests
26775	Vergleichswohnungen
26776	Vergogna
26777	Vergrößerungssoftware
26778	Vergütungsmodell
26779	Vergütungssystemen
26781	Verhaftungen
26782	Verhaltensregeln
26783	Verhaltensübungen
26784	Verhandeln
26785	Verhandlungspunkte
26787	Verhinderung
26788	Verhinderungspflege
26789	Verhältnismäßigkeit
26790	Verhältniswert
26791	Verifikation
26792	Verifizierung
26794	Verivox-geprüfte
26796	Verjährungsfristen
26797	Verkaufsaktionen
26798	Verkaufszahlen
26799	Verkehrs-
26800	Verkehrsexperte
26801	Verkehrsfreigabe
26802	Verkehrsinformationszentrale
26803	Verkehrsleistung
26804	Verkehrslenkung
26805	Verkehrsmanagementsysteme
26806	Verkehrsminister
26807	Verkehrsministerium
26808	Verkehrsraum
26809	Verkehrssicherheitsstrategie
26810	Verkehrssystems
26811	Verkehrsunfallgeschehens
26812	Verkehrsunternehmen
26813	Verkleinerung
26814	Verkoppelung
26815	Verkäufe
26818	Verlage
26819	Verlags
26820	Verlagsprodukte
26821	Verlandungsvegetation
26824	Verlautbarungen
26826	Verleger
26827	Verletzlichkeit
26828	Verletzten
26829	Verletzungsgefahren
26830	Verletzungspech
26831	Verletzungsprävention
26832	Verletzungsrisiken
26833	Verlinkung
26834	Verlinkungen
26835	Verlobungsrings
26837	Verlusten
26838	Verlängerung
26839	Vermarkter
26840	Vermehrte
26841	Vermerk
26842	Vermessungs-Verwaltung
26843	Vermessungskostenverordnung
26845	Vermietersicht
26846	Vermietung
26848	Vermittlungsart
26849	Vermittlungsstelle
26850	Vermittlungszentrale
26852	Vermutungswirkung
26853	Vermächtnis
26854	Vermögens
26855	Vermögensgegenstände
26856	Vermögensverhältnisse
26857	Vermögensverteilung
26858	Vermögensübergänge
26861	Verona
26862	Verordnungsermächtigung
26863	Verordnungsgeber
26864	Verpackung
26865	Verpackungs-
26867	Verpflegungswünsche
26868	Verpflichteten
26869	Verpflichteter
26870	Verprellen
26871	Verrechnung
26873	Verringerung
26874	Verrohung
26875	Versammlung
26876	Versandart
26877	Versandkosten
26878	Verschalungen
26881	Verschiedenheit
26882	Verschlechterung
26883	Verschlechterungsverbot
26884	Verschlucken
26885	Verschluss
26886	Verschlusskrankheit
26887	Verschnitt
26888	Verschuldung
26890	Verschwörungsideologien
26891	Verschwörungstheorien
26894	Versetzungskonferenz
26895	Versicherer
26896	Versicherte
26897	Versichertenbefragung
26898	Versicherter
26899	Versicherungsakademie
26900	Versicherungsgesellschaften
26901	Versicherungsjahres
26902	Versicherungspolice
26903	Versicherungsprämien
26904	Versicherungsträgern
26905	Versicherungsvergleich
26906	Versicherungsvertrag
26907	Versionen
26908	Versionsnummer
26909	Versorger-
26910	Versorgungslastenteilung
26911	Versorgungsmodelle
26912	Versorgungsmodellen
26913	Versorgungsprojekten
26914	Versorgungsqualität
26915	Versorgungssicherheit
26916	Versorgungsvertrag
26919	Verstecken
26921	Verstehens
26922	Versteuerung
26923	Verstimmung
26924	Verstopfung
26925	Verstopfungen
26927	Verstoßes
26928	Verständigungsprozess
26929	Verständlicherweise
26931	Versäumnisurteil
26932	Versäumtes
26933	Versöhnung
26935	Verteiler
26936	Verteilverfahrens
26937	Vertiefungsstudium
26938	Vertragsabwicklung
26939	Vertragsentwurf
26940	Vertragsklauseln
26941	Vertragslaufzeit
26942	Vertragsschluss
26943	Vertragssoftware
26944	Vertragssätze
26945	Vertragsverhandlungen
26946	Vertragsverhältnis
26947	Vertragszeitraums
26948	Vertragsärzte
26949	Vertrauens
26950	Vertrauensmangel
26951	Vertreibungswillen
26952	Vertretende
26953	Vertreterin
26954	Vertriebsbühne
26955	Verurteile
26956	Vervielfältigung
26957	Verwaltungsakt
26958	Verwaltungsangestellte
26959	Verwaltungsbereichen
26960	Verwaltungsfachangestellte
26961	Verwaltungsgerichtshof
26962	Verwaltungsgesellschaft
26963	Verwaltungshandeln
26964	Verwaltungshochschulen
26965	Verwaltungskosten
26966	Verwaltungsleiter
26967	Verwaltungspersonal
26968	Verwaltungsrat
26969	Verwaltungsstellen
26970	Verwaltungsverfahren
26972	Verwandtenkreis
26973	Verwarnung
26974	Verwendbarkeit
26975	Verwertungsverbot
26976	Verwirbelungen
26977	Verwirklichung
26978	Verwirrung
26979	Verzahnung
26981	Verzeichnismedien
26982	Verzeichnissen
26983	Verzeihens
26984	Verzicht
26985	Verzug
26986	Verzugs
26987	Verzugsfolgen
26989	Verzögerung
26990	Verzögerungen
26992	Veränderungsprozess
26993	Veränderungsprozesse
26995	Vestner
26996	Veterinärbescheinigung
26997	Veterinärämtern
26998	VfB
27000	VfL
27002	VgV
27005	Vibrationen
27006	Vice
27008	Vicky
27009	Victoriafälle
27010	Video-
27011	Video-Demand-Dienste
27012	Video-Dialog
27013	Video-View
27014	Videobeitrag
27015	Videokonferenzen
27016	Videokonferenzsystemen
27017	Videomitschnitt
27018	Videonutzung
27019	Videoplattform
27020	Videoporträt
27021	Videoruckeln
27022	Videospiel
27023	Videosprechstunde
27024	Videosprechstunden
27025	Vids
27026	Viecher
27027	Viehdichte
27029	VielFalterGarten
27030	Vielschichtigkeit
27032	Vierecken
27033	Vierer-Zimmern
27034	Viermal
27035	Viersen
27036	Viertelblatt-Ansicht
27037	Viertels
27039	Viertklässler
27040	Viewer
27041	Viewing
27043	Villach
27044	Vimeo
27045	Virealen
27046	Virginia
27047	Virtual
27049	Virtual-Reality-Brillen
27050	Virus-Varianten
27051	Virusvarianten-Gebiet
27052	Virusvariantengebieten
27053	Viscomatratze
27054	Visiermasken
27055	Visualisierungen
27056	Visumsbestimmungen
27057	VitaSan
27058	Vitale
27059	Vitamin-K-Antagonisten
27060	Vitamin-K-Quelle
27061	Vitaminbombe
27062	Vivaldi
27063	Vizekanzler
27064	Vizepräsidentin
27065	Vladimir
27067	Vlieslaken
27068	VoIP-Portal
27070	Vogels
27071	Vogelzählaktionen
27072	Vogl
27073	Voigtsgrün
27074	Vokabular
27077	Volksbeauftragten
27078	Volksbildung
27079	Volksentscheid
27080	Volksgruppen
27082	Volkskammerbeschluss
27083	Volkslieder
27084	Volksmund
27085	Volksschullehrern
27086	Volkstheater
27087	Volkswagen
27088	Volkswirtschaften
27089	Voll-
27090	Volleys
27091	Vollkostendeckungsprinzip
27092	Vollstreckung
27093	Vollstreckungshaftbefehls
27094	Vollstreckungsverfahren
27095	Volltextarchiv
27096	Volltexte
27097	Vollzeitausbildungen
27098	Vollzeitäquivalenten
27099	Vollzugs
27100	Vollzüge
27101	Voltaire-Programm
27102	Volumenreduzierung
27103	Vor-Corona-Jahr
27104	Vorabend
27105	Vorabgangsklassen
27106	Vorabüberweisung
27107	Voranfragen
27108	Vorankündigung
27109	Voranmeldungszeitraum
27110	Vorbefragungen
27111	Vorbehalt
27113	Vorbereitungsarbeiten
27114	Vorbereitungsmodulen
27115	Vorder-
27116	Vorderbeine
27117	Vorderhirns
27118	Vorderleib
27119	Vordruck
27120	Vorerfahrungen
27121	Vorerkrankungen
27122	Vorfahren
27124	Vorgabe
27126	Vorgehensweisen
27127	Vorgeschichte
27128	Vorgesehene
27129	Vorgesetzten
27130	Vorgesetzter
27132	Vorgründungsberatung
27133	Vorgängerbetrieben
27134	Vorgängerinnen
27135	Vorgängertarif
27136	Vorgängerverfahren
27137	Vorhalte-
27138	Vorhaut
27139	Vorhersagen
27140	Vorhersageregionen
27141	Vorjahres
27142	Vorjahresergebnis
27143	Vorjahresmonat
27144	Vorjahresniveau
27145	Vorjahressaison
27146	Vorkehrungen
27147	Vorkenntnissen
27148	Vorkommnisse
27149	Vorlauftemperatur
27150	Vorleseheft
27152	Vorlesetages
27153	Vorlesetipps
27154	Vorlesungsbetrieb
27155	Vorlesungsraum
27156	Vorlesungszeit
27157	Vorliebe
27158	Vorlieben
27159	Vorliegens
27160	Vormerkung
27161	Vormerkungen
27162	Vormieterin
27163	Vormittags-
27164	Vormonat
27165	Vornamens
27166	Vorplanung
27167	Vorratsdatenspeicherung
27168	Vorregistrierung
27169	Vorreiter
27170	Vorrunde
27171	Vorräte
27172	Vorsatz
27173	Vorschaulink
27174	VorschriftenFormulare
27175	Vorschriftswidrigkeit
27176	Vorschubwalze
27177	Vorschulen
27179	Vorsitzendes
27180	Vorsorge
27181	Vorsorgedokumente
27182	Vorsorgeuntersuchungen
27183	Vorsorgevollmachten
27184	Vorstandschefin
27185	Vorstandsmitglied
27186	Vorsteher
27187	Vorstellungsgespräche
27188	Vorstellungsgesprächen
27189	Vorstellungskraft
27190	Vorstoß
27191	Vorstudiums
27192	Vorständen
27193	Vortag
27194	Vortages
27195	Vorteilen
27196	Vorteilsangebote
27197	Vortrags
27198	Vortragsthemen
27199	Vorurteil
27200	Vorurteile
27201	Vorurteilen
27202	Vorverkauf
27203	Vorwahl
27204	Vorweihnachtszeit
27205	Vorwirkungen
27206	Vorwissen
27207	Vorwurf
27208	Vorwürfen
27209	Vorzug
27210	Vorzugspreis
27212	Vorzüge
27213	Votings
27214	Vries
27215	Vulkane
27216	Vulkanite
27217	Vulkanstein
27218	Vuskovic
27219	Völklinger
27223	W-Seminar-Leistungen
27225	WADA
27226	WAI-ARIA
27227	WAI-ARIA-Rollen
27228	WASRAinklusiv
27229	WC-Anlagen
27230	WCAG-konform
27231	WCS
27232	WCS-fähige
27234	WDR-Moderatorin
27235	WDR-Sendung
27237	WHCV-Familientag
27238	WHG
27239	WHO
27240	WLAN-Standard
27241	WLAN-fähig
27242	WM-Finale
27243	WM-Sommer
27244	WMK
27245	WPZ
27246	WRO-Wettbewerbe
27248	WTO
27249	WWF
27251	WWU-Forschungsgruppe
27252	WWW
27253	WZB
27254	Waage
27255	Wachstums-
27256	Wachstumsbedingungen
27257	Wachstumsbranchen
27258	Wachstumsfelder
27259	Wachstumskern
27260	Wachstumstreiber
27261	Wachteln
27262	Wachtposten
27263	Wackelaugen
27264	Waffeleisen
27265	Waffenbesitzern
27266	Wagenmission
27267	Wagner-Pinter
27268	Wagnis
27269	Wagniskapitalgeber
27270	Wagons
27271	Wahl-
27272	Wahl-O-Mat
27273	Wahlmodulen
27274	Wahlorgane
27275	Wahlpflichtfächern
27276	Wahlpflichtmodulen
27277	Wahlpflichtunterrichts
27278	Wahlprogramme
27279	Wahlprüfstein
27280	Wahlscheins
27281	Wahlschlappen
27282	Wahlsonntag
27283	Wahlvorschlägen
27284	Wahlvorstand
27285	Wahlwerbung
27286	Wahrheitsordnung
27287	Wahrheitstreue
27288	Wahrnehmungen
27289	Wahrnehmungskompetenz
27290	Wahrnehmungsschwelle
27291	Waiblingen
27292	Waibstadter
27293	Walahfrid
27294	Waldbesitzer
27295	Waldbrandgefahr
27296	Waldbrandgefahrenklassen
27297	Walder
27298	Walderhalt
27299	Waldhof
27301	Waldinformationszentrum
27303	Waldorfschule
27304	Waldpatenschaft
27305	Waldrettung
27306	Waldseite
27307	Waldstücken
27308	Waldumbau
27309	Waldwichtel
27310	Walldorf
27311	Wallfahrtskirche
27312	Wallhausen
27313	Walsrode
27314	Waltraud
27315	Wandbild
27316	Wandergebiete
27317	Wanderinstitut
27318	Wanderschuhe
27319	Wandersport
27320	Wanderstiefel
27321	Wanderungen
27323	Wandmalerei
27324	Wandmontage
27325	Wandtke
27326	Wandungen
27327	Wangen
27329	Wangenabstrich
27330	Wanken
27331	Wannbacher
27333	Wanner
27334	Wanzek-
27335	Wappen
27336	Warendorf
27337	Warenkreditbetrugs
27338	Warenkreditversicherung
27339	Warentransport
27340	Warenvereinnahmung
27341	Warenwirtschaftssysteme
27342	Warmwasserbereitung
27343	Warmwasserleitungen
27344	Warnemünde
27345	Warnmeldungen
27346	Warnstufe
27347	Warnung
27348	Warschau
27350	Wartestandes
27351	Wartestandsauftrag
27352	Wartung
27353	Wartungsfragen
27356	Waschbecken
27357	Waschküche
27358	Waschmaschinen
27360	Washingtoner
27362	Wasser-
27363	Wasser-Straßen
27364	Wasseranwendungen
27365	Wassereinspeisung
27366	Wassergewinnung
27367	Wassergraben
27368	Wasserhaushaltsgesetz
27369	Wasserknappheit
27370	Wasserkocher
27371	Wasserkraft
27372	Wassermangel
27373	Wassermengen
27374	Wasseroberfläche
27375	Wasserproben
27376	Wasserrahmenrichtlinie
27377	Wasserrettung
27378	Wasserschenkel
27379	Wasserschlauch
27380	Wassersparte
27381	Wasserstellen
27382	Wasserstoff-
27383	Wasserstoff-Strategie
27384	Wasserstoff-Taskforce
27385	Wasserstoffantrieb
27386	Wasserstoffflotte
27387	Wassertropfens
27388	Wasserversorgungsunternehmen
27389	Wasservorräte
27390	Wasserwacht
27391	Wasserwerk
27392	Waste-Projektes
27393	Watch
27394	Watkin
27395	Wattenmeer
27396	We
27401	Web-App
27402	Web-Banner
27403	Web-Cookie
27404	Web-Seiten
27405	Web-Versionen
27406	WebEx-Kursräumen
27409	Webanalyse-
27410	Webanalysetool
27411	Webauftritt
27412	Webauftritte
27413	Webcode-Bereich
27414	Webdesignerin
27415	Webdienst
27416	Webentwickler
27417	Webinar
27418	Webinar-Programm
27419	Webinare
27420	Webinaren
27421	Webportal
27422	Webreaders
27423	Webseiten-
27424	Webshop-Paketen
27425	Webshops
27426	Website-Konzept
27427	Wechselausstellungen
27428	Wechseljahrebeschwerden
27429	Wechselspiel
27430	Wechselunterricht
27431	Wechselwirkungen
27432	Wecker
27433	Weekend
27434	Weekender
27435	Weerdt
27436	Wegener
27437	Wegenetz
27438	Weges
27439	Wegesrand
27440	Wegeverbreiterungen
27441	Wegewart
27442	Wegpunkten
27443	Wegraine
27444	Wegstrecken
27445	Wehingen
27446	Weiber
27447	Weiberfastnacht
27448	Weidegang
27449	Weidegräser
27450	Weidenfeld
27451	Weidle
27452	Weigerung
27453	Weihbischof
27454	Weiher
27455	Weihnachtsbasars
27456	Weihnachtsbaumkulturen
27457	Weihnachtsdinner
27458	Weihnachtskarten
27459	Weihnachtsmann
27460	Weihnachtspost
27461	Weihnachtswunder
27462	Weilandt
27463	Weiler
27465	Weimarer
27467	Weinaromen
27469	Weinstände
27471	Weitblick
27472	Weiterbilder
27473	Weiterbildungsangebots
27474	Weiterbildungsbudgets
27475	Weiterbildungskurs
27476	Weiterbildungsmodulen
27477	Weiterbildungspläne
27478	Weiterbildungsprogramms
27479	Weiterbildungsprüfungen
27480	Weiterbildungsscheck
27482	Weiterförderungsanträge
27483	Weitergehende
27484	Weitergestaltung
27485	Weiterleitung
27486	Weiterverbreitung
27487	Weiterveröffentlichung
27488	Weitwinkellinse
27491	Weißen
27492	Weißenberg
27493	Weißenburgs
27494	Weißenhof-Siedlung
27495	Weißer
27497	Weißwasser
27498	Weißwurst-Eis
27499	Wel-
27500	Wellenlänge
27501	Welpen
27502	Welt-
27503	Welt-Anti-Doping-Agentur
27504	WeltAutos
27505	Weltall
27506	Weltanschauung
27507	Weltberühmte
27508	Weltentdecker
27509	Welterbe
27510	Welterbeliste
27511	Welterbestätten
27512	Weltfinale
27513	Weltgeschichte
27514	Weltgesundheitsbehörde
27515	Weltgesundheitsorganisation
27516	Weltkriegs
27517	Weltladen
27518	Weltleitmesse
27519	Weltläden
27520	Weltmarktführers
27521	Weltmeister
27522	Weltraum
27523	Weltraum-Jobs
27524	Weltraums
27525	Weltraumzentrum
27527	Weltsparwoche
27528	Weltspiele
27529	Weltstar
27530	Weltsystem
27531	Welttag
27533	Weltverbands
27535	Weltwissenschaftstag
27537	Wendepunkte
27538	Wendeschleife
27539	Wendewand
27540	Wendezeit
27543	Werbeaufsicht
27544	Werbebanner
27545	Werbeblocker
27546	Werbebotschaft
27547	Werbebriefen
27548	Werbeeintrag
27549	Werbegemeinschaft
27550	Werbeinhalte
27551	Werbekampagne
27552	Werbekampagnen
27553	Werbemöglichkeiten
27554	Werbeportal
27555	Werbetexter
27556	Werbeträger
27557	Werbeumfelder
27558	Werbevideos
27559	Werder
27560	Werkes
27561	Werkraum-Leseclubs
27562	Werks
27563	Werkschule
27565	Werkstattleitung
27567	Werkstattverfahren
27568	Werkstoffklasse
27569	Werkstudent
27570	Werkstufe
27571	Werkstätten
27572	Werkverkehr
27573	Werkzeugen
27574	Werkzeugkoffer
27575	Werkzeugmaschinen
27576	Werte-
27577	Wertebündnis-Projekt
27578	Wertekonzept
27579	Werten
27580	Wertermittlungsergebnisse
27581	Wertes
27582	Wertguthaben
27583	Wertigkeit
27584	Wertigkeiten
27585	Wertpapiere
27586	Wertpapieren
27588	Wertsteigerung
27589	Wertstoffen
27590	Wertung
27591	Wertvorstellungen
27592	Werwolf
27596	Weser-Ems-Gebiet
27598	Westdeutsche
27599	Westdeutscher
27601	Westdeutschland
27602	Westenhöfer
27603	Westerzgebirge
27604	Westfalen
27605	Westfälischen
27606	Westjordanland
27607	Westjordanlands
27608	Westsächsischen
27609	Wettbewerber
27610	Wettbewerbes
27611	Wettbewerbsbedingungen
27612	Wettbewerbsbehörden
27613	Wettbewerbsfaktor
27614	Wettbewerbsfähigkeit
27615	Wettbewerbshüter
27616	Wettbewerbsrecht
27617	Wettbewerbssituation
27618	Wettbewerbssituationen
27619	Wettbewerbssystem
27620	Wettbewerbsvorteil
27621	Wetter-Apps
27622	Wetterdienst
27623	Wetters
27624	Wetterverhältnisse
27625	Wettervorhersagemodell
27626	Wettkampfpause
27627	Wettkampfsituationen
27628	Wettkämpfe
27629	WfbM
27630	WhatsApp
27632	Whipple-Operation
27633	Whirlpool
27634	Whitepaper
27635	WiFi
27636	WiSo-Fakultät
27637	WiSo-FakultätDie
27638	Wich-tig
27640	Wickelkommoden
27641	Wickels
27642	Wid-
27643	Widerrufs
27644	Widerrufsbelehrung
27645	Widerspricht
27646	Widerstandskraft
27647	Widgets
27648	Widukind
27649	Wiebicke
27650	Wiederaufbau
27651	Wiederaufbaus
27652	Wiederaufnahme
27653	Wiederaufnahmeantrag
27654	Wiederbefestigung
27655	Wiederbelebungsmaßnahmen
27656	Wiedereinbau
27657	Wiedereinführung
27658	Wiedererkennungseffekt
27659	Wiedererkennungsmerkmale
27660	Wiedererleben
27661	Wiederholungen
27662	Wiedersehensfreude
27664	Wien
27667	Wiese
27668	Wiesenbach
27669	Wiesner
27670	Wieviel
27671	Wiki
27672	Wikileaks
27673	Wikis
27674	Wild
27675	Wildbienen
27676	Wildbiologischen
27677	Wilder
27678	Wildkamera
27679	Wildkräuter
27680	Wildtieren
27681	Wiley
27682	Wiley-Verlags
27685	Wilhlem
27686	Wilke
27687	Wille
27689	Willicks
27690	Willkommenslotsen
27691	Willkür
27692	Willms
27693	Willow
27694	Willy
27695	Wilmbusse
27696	Wilson
27697	Win-Win-Win-Situation
27698	Windeln
27699	Windenergie
27700	Windenergieanlagen
27701	Windenergienutzung
27702	Windkraft
27703	Windkraftanlagen
27704	Windows
27705	Windparkprojekte
27706	Windpocken
27707	Windrad
27710	Winkel
27711	Winterhalbjahr
27712	Wintermonaten
27713	Winterpause
27714	Winterspiele
27715	Winzer
27719	Wir-Form
27720	Wirbelsäule
27721	Wirf
27723	Wirkmechanismen
27724	Wirkstoffe
27725	Wirkungsbeobachtung
27726	Wirkungsbericht
27727	Wirkungsfaktor
27728	Wirkungspotenziale
27731	Wirtschaftlichkeit
27732	Wirtschaftlichkeitsprüfungen
27734	Wirtschaftsbereichen
27735	Wirtschaftsform
27736	Wirtschaftsforschung
27737	Wirtschaftsförderungsgesellschaft
27738	Wirtschaftsgüter
27739	Wirtschaftsinformatik
27740	Wirtschaftsinformatik-Studium
27741	Wirtschaftskreisläufe
27742	Wirtschaftsminister
27743	Wirtschaftsprüfer
27744	Wirtschaftsprüfern
27745	Wirtschaftsprüfers
27746	Wirtschaftsraum
27747	Wirtschaftsregion
27748	Wirtschaftsschule
27749	Wirtschaftsschulen
27750	Wirtschaftssektor
27751	Wirtschaftsstandort
27752	Wirtschaftsstandortes
27753	Wirtschaftsstruktur
27754	Wirtschaftswachstum
27755	Wirtschaftswissenschaftler
27756	Wirtschaftswissenschaftlers
27757	Wirtschaftswissenschaftlichen
27758	Wirtschaftszone
27759	Wirtz
27760	Wisentgeheges
27761	Wismar
27762	Wismut
27763	WissCoach
27764	WissZeitVG
27766	Wissenbereichen
27767	Wissender
27770	WissenschaftenDenkmalwissenschaftenEuropäischen
27773	Wissenschaftliches
27775	Wissenschaftsdokumentation
27776	Wissenschaftsgemeinschaft
27778	Wissenschaftskonferenz
27779	Wissenschaftsminister
27780	Wissenschaftsministerin
27781	Wissenschaftsorganisationen
27782	Wissenschaftspodcast
27783	Wissenschaftsrat
27784	Wissenschaftszentrum
27787	Wissenschaftszusammenarbeit
27788	Wissenselemente
27789	Wissenserwerb
27790	Wissensmanagement
27791	Wissensmanagements
27792	Wissensportal
27793	Wissensstadt
27794	Wissenstransfers
27795	Wissenswertes
27796	Witt
27797	Witten
27799	Wittenberger
27800	Witterung
27801	Wittgensdorf
27802	Wittgensteiner
27804	Wittstock
27806	Witzel
27807	Wochen-Challenge
27808	Wochenblatts
27809	Wochenendausflüge
27810	Wochenenden
27811	Wochenendes
27812	Wochenendlehrgängen
27813	Wochenserie
27814	Wochenstart
27815	Wochenstunden
27819	Wohle
27820	Wohlergehen
27821	Wohlfahrtspflege
27822	Wohlfahrtsverbände
27823	Wohlstands
27824	Wohn-
27825	Wohnanlage
27826	Wohnbauprämie
27827	Wohnberechtigungsbescheinigung
27828	Wohnberechtigungsscheines
27829	Wohnbereich
27830	Wohnbezirks
27831	Wohneigentum
27832	Wohnens
27833	Wohnflächen
27834	Wohnflächenbedarf
27835	Wohngebiet
27836	Wohngebieten
27837	Wohngebietes
27838	Wohngebäude
27839	Wohngebäudeversicherung
27840	Wohngebäudeversicherungs-Vergleichs
27841	Wohngenossenschaften
27842	Wohnglück
27843	Wohngruppe
27844	Wohnheim
27845	Wohnheimplatz
27846	Wohnkonzepte
27847	Wohnkonzernen
27848	Wohnmobile
27849	Wohnnähe
27850	Wohnpflegestätte
27851	Wohnqualität
27852	Wohnrecht
27853	Wohnräumen
27855	Wohnstruktur
27856	Wohnstätte
27857	Wohnumfeld
27858	Wohnungs-
27859	Wohnungs-Rechtsschutz
27860	Wohnungsangebot
27861	Wohnungsanzeige
27862	Wohnungseigentümergemeinschaft
27863	Wohnungsgeberbestätigungen
27864	Wohnungsinserats
27865	Wohnungspakete
27866	Wohnungssuche
27867	Wohnungszuweisung
27868	Wohnungszählung
27869	Wohnzimmershow
27870	Woidke
27871	Wolff
27875	Wolfratshausen
27876	Wolfratshauser
27877	Wolfsgebiet
27878	Wolfsmonitorings
27879	Wolfspaar
27880	Wolfsrudels
27881	Wolfswelpen
27882	Wolken
27883	Wolkendecke
27884	Wolkenkratzer
27885	Wolle
27887	Wonderwomen
27888	Wooks-Schulcatering
27889	WordPress
27891	Worin
27892	Work
27893	Workout-Imperium
27894	Workshop-Reihe
27898	Worst
27900	Wort-
27901	Wortakrobatin
27902	Wortfetzen
27903	Wortkreation
27904	Wortlaut
27905	WossiApp
27906	Wovor
27907	Wraps
27908	Wucherpreise
27909	Wucht
27910	Wulff
27912	Wunderkind
27913	Wundheilung
27914	Wunsch-
27915	Wunsch-Bachelorstudiengang
27916	Wunsch-Gravur
27917	Wunschgewicht
27918	Wunschkennzeichen
27919	Wunschstudienplatz
27920	Wunschwitz
27921	Wunsiedel
27922	Wurstwaren
27924	Wähler
27925	Wäldern
27926	Wänden
27927	Wärmedämmung
27928	Wärmeleistung
27929	Wärmepumpe
27930	Wärmepumpenstrom
27931	Wärmeversorgung
27932	Wäscheständer
27933	Wöckener
27934	Wörishofen
27935	Wörth
27936	Wülfrath
27937	Würdigung
27938	Würfe
27939	Würstchen
27940	Würzburger
27941	Wüste
27942	X-CODE
27943	XING
27944	XXL
27945	YOU
27947	YOUR
27948	YYF
27949	Years
27950	Yo-Yo
27951	YouCodeGirls
27952	YouTube-Channel
27953	YouTube-Videos
27954	Young
27955	Youtube-Server
27958	ZAB
27959	ZDF
27960	ZDF-Shop
27961	ZDH
27962	ZFB
27963	ZIM
27964	ZIP-Dokument
27965	ZISCH-INTERVIEW
27966	ZITiS
27967	ZJS
27968	ZKI
27969	ZKM
27970	ZOLAR
27971	ZV
27972	Zahlungsabwicklung
27973	Zahlungsanbieter
27974	Zahlungsbedingungen
27975	Zahlungsformen
27976	Zahlungsfrist
27977	Zahlungsmethode
27978	Zahlungsverkehr
27979	Zahlungsverkehrs
27980	Zahlungsverpflichtung
27981	Zahlungsziel
27983	Zahnarztausweis
27984	Zahnarzttermin
27985	Zahncreme
27986	Zahnrad-Icon
27987	Zahnreinigung
27988	Zahnärzte
27989	Zahnärztinnen
27990	Zander
27991	Zaragoza
27992	Zaudereien
27993	Zechstein-Abfolgen
27994	Zegelin
27996	Zehn-Familien-Haus
27997	Zehnjährige
27998	Zehntausende
27999	Zehntel
28000	Zeichenfolge
28001	Zeichne
28002	Zeichner
28003	Zeichnungen
28004	Zeigefingern
28005	Zeile
28006	Zeilen
28007	Zeilsheim
28008	Zeitarbeit
28009	Zeitaufwand
28010	Zeitdiebe
28011	Zeitenwende
28012	Zeitersparnis
28013	Zeitfenster
28014	Zeitgenossen
28015	Zeitgründen
28016	Zeitleiste
28017	Zeitmanagement-Seminaren
28018	Zeitmaschine
28019	Zeitplan
28020	Zeitpunkte
28021	Zeitraffer
28022	Zeitrahmen
28023	Zeitreise
28024	Zeitrichtwerte
28025	Zeiträume
28027	Zeitspanne
28028	Zeitungen
28029	Zeitungsannoncen
28030	Zeitvorgaben
28031	Zeitvorteil
28032	Zelltyp
28033	Zelte
28034	Zement
28035	Zements
28036	Zen-Kampfkunst
28037	Zentner
28038	Zentralabitur
28039	Zentralasien
28040	Zentralbank
28041	Zentralbibliothek
28045	Zentralklinikum
28046	Zentralstellen
28047	Zentralverwaltung
28048	Zentrifugalkraft
28049	Zeremoniell
28051	Zerfallsvorgang
28052	Zero
28053	Zerrissene
28054	Zerschlagung
28055	Zertifikate
28056	Zertifikaten
28057	Zertifikatshinweise
28058	Zertifikatsstudium
28059	Zertifizierer
28061	Zertifizierungen
28062	Zertifizierungsmechanismus
28063	Zeugenvernehmung
28064	Zeugniskopie
28065	Zeugnisvergabe
28066	Zeugnisverweigerung
28067	ZfL
28068	ZfSG
28069	Ziegel-Bestandteile
28070	Ziegen
28073	Ziehung
28074	Ziehungen
28075	Ziel-
28078	Zielen
28079	Zielerreichung
28080	Zielflagge
28081	Zielgruppen
28082	Zielgruppenkonzept
28083	Zielkonflikte
28085	Zielort
28086	Ziels
28087	Zielstellungen
28088	Zielsteuerung
28089	Zielstoffs
28090	Zielvorgaben
28091	Zielwasser
28092	Ziergärten
28093	Ziergärtner
28094	Ziffern
28095	Zigaretten
28096	Zigarettenfabrik
28097	Zimmermann
28098	Zimmern
28099	Zink
28100	Zinn
28101	Zinsanpassungsprogramm
28102	Zinsbindungszeit
28103	Zinslage
28104	Zinssätzen
28105	Zinszahlung
28106	ZirbenWürfels
28107	Zirkulationen
28108	Zirkusvorstellung
28109	Zivil-
28110	Zivilbevölkerung
28111	Zivildienstes
28112	Zivildienstschule
28113	Zocker-Herz
28114	Zonen
28115	Zoom
28116	Zoom-Applikationen
28117	Zoom-Peer-Beratung
28118	Zootiere
28119	Zopf
28120	Zorgverzekeraar
28121	Zubehör
28122	Zubehörschuh
28123	Zubereitung
28124	Zubereitungsmethoden
28125	Zuchttier
28126	Zuckerkristalle
28127	Zufahrten
28128	Zufriedenheit
28129	Zufriedenzeit
28130	Zugangebot
28131	Zugangsbeschränkung
28132	Zugangsdaten
28133	Zugangslink
28134	Zugangsmöglichkeiten
28135	Zugbegleiter
28136	Zugehörigkeit
28137	Zugriffs
28138	Zugriffszeiten
28139	Zugänglichkeit
28140	Zuhörenden
28141	Zuhörer
28142	ZukunftDiese
28143	Zukunftsaufgaben
28144	Zukunftsbild
28145	Zukunftsbranche
28146	Zukunftsfähige
28147	Zukunftsinitiative
28148	Zukunftsplanung
28149	Zukunftsrat
28150	Zukunftsrats
28151	Zulassungsagentur
28152	Zulassungsbescheid
28153	Zulassungsstudien
28154	Zulassungsvoraussetzungen
28155	Zulieferers
28156	Zulieferindustrie
28157	Zulässigkeit
28159	Zumutbarkeit
28160	Zunahme
28161	Zunamen
28162	Zuneigung
28164	Zupf-
28166	Zusammenfluss
28167	Zusammenführung
28168	Zusammengefasste
28169	Zusammengehörigkeit
28170	Zusammenkunft
28172	Zusammenlebens
28173	Zusammenschluss
28174	Zusammenschlüsse
28175	Zusammenschlüssen
28176	Zusammenspiel
28177	Zusammenstellung
28178	Zusammenstoß
28179	Zusammentreffen
28181	Zusatz
28182	Zusatzangebote
28183	Zusatzausbildungen
28184	Zusatzausstattung
28185	Zusatzkosten
28186	Zusatzprogramme
28187	Zusatzqualifikation
28188	Zusatzweiterbildung
28189	Zuschauerinnen
28190	Zuschauerzahlen
28191	Zuschläge
28192	Zuspruch
28193	Zustandsberichten
28194	Zustandssignalisierungen
28195	Zustellfahrzeuge
28197	Zustände
28199	Zuständigkeit
28200	Zuständigkeitsbereich
28201	Zusätze
28203	Zutritt
28204	Zutun
28205	Zuwanderungsgeschichte
28206	Zuweiserperspektive
28207	Zuweisung
28208	Zuwendungsbetrag
28209	Zuwendungsfähig
28210	Zuwendungszweck
28211	Zuwendungszwecks
28212	Zuwächse
28213	Zuzahlung
28214	Zuzugs
28215	Zwangsverheiratungen
28216	Zwangsvertreibung
28217	Zweckentfremdung
28218	Zweckmäßigkeit
28219	Zweckvereinbarungen
28221	Zwei-Bett-Zimmern
28222	Zweieinhalb
28223	Zweifeln
28225	Zweisprachigkeit
28226	Zweiteintrag
28229	Zweitimpfungen
28230	Zweitligisten
28231	Zweitschlüssel
28232	Zweitstimmenergebnis
28233	Zweitstudium
28234	Zweitwagen
28235	Zweitwohnung
28236	Zwergenland
28237	Zwergziegen
28238	Zwillinge
28239	Zwingers
28240	Zwischenbegutachtung
28241	Zwischenbereich
28242	Zwischenbericht
28243	Zwischendurch
28244	Zwischenfall
28245	Zwischenfazit
28246	Zwischenmahlzeiten
28247	Zwischenprüfung
28248	Zwischenstopp
28249	Zwischenunterbringung
28250	Zwischenzeit
28251	Zwolle
28253	Zyklone
28254	Zyklonen
28255	Zylinder
28257	Zähleranlage
28258	Zählung
28259	Zähne
28260	Zäunen
28261	Zögling
28262	Zölle
28263	Zöllner
28264	Zürich
28269	abbekommt
28270	abbestellen
28271	abdecken
28272	abdominal-chirurgischer
28273	abe
28274	abegstandenen
28275	abergläubischer
28276	aberkannt
28277	abermals
28278	abfall-
28279	abfangen
28281	abgeführter
28282	abgeholt
28283	abgeladen
28284	abgelagert
28285	abgelaufen
28286	abgelaufene
28287	abgelehnter
28288	abgeleistete
28289	abgeleitet
28290	abgelöst
28291	abgemeldet
28293	abgeregelt
28294	abgeschaltet
28295	abgeschleppt
28297	abgeschrieben
28298	abgesichert
28299	abgespeichert
28300	abgesprochen
28301	abgestimmte
28302	abgestimmtes
28303	abgestottert
28304	abgetaucht
28305	abgetrennt
28306	abgewechselt
28307	abgewendet
28308	abgewichen
28309	abgewickelt
28310	abgewogen
28311	abgezeichnet
28312	abhängt
28315	ablehnen
28316	ablehnend
28319	abläuft
28320	ablöschen
28321	ablösen
28322	abmelden
28323	abnehmbar
28325	abnehmender
28326	abnimmt
28327	abonniert
28328	abreißen
28329	abrupte
28330	abruptem
28332	abschauen
28333	abschleifen
28334	abschneiden
28335	abschwillt
28336	abschwächen
28337	absenken
28338	absetzbar
28340	absolviere
28341	absolvierte
28342	abspeichern
28343	abspielen
28344	absprechen
28345	absteigen
28348	abstrahiert
28349	abstrakten
28350	absurdeste
28351	abtritt
28352	abwechslungsreicher
28353	abwechslungsreiches
28354	abweisen
28355	abwägt
28356	abziehen
28357	abzielen
28358	abzudecken
28359	abzufedern
28360	abzuführen
28361	abzugeben
28362	abzuhalten
28363	abzuheben
28364	abzukippen
28365	abzulehnen
28366	abzuleiten
28367	abzumelden
28368	abzupfen
28369	abzurufen
28370	abzustatten
28371	abzustellen
28372	abzuwarten
28373	abzuwickeln
28374	abzuwägen
28375	abzüglich
28376	abändern
28379	achtest
28380	achtzehnten
28381	adaptieren
28382	adaptive
28384	adh
28385	adhäsiven
28386	adhäsiver
28387	adidas
28388	adressiert
28389	adäquate
28390	afrikanischen
28391	again
28392	aggregiert
28393	aggressive
28394	aggressivsten
28395	agieren
28396	agierende
28397	agierte
28399	agilen
28400	agiles
28401	agrarpolitischer
28402	agrarwissenschaftliche
28403	ah
28404	ajs
28405	ajs-informationen
28406	akademisch
28407	akribisch
28408	aktionsreich
28409	aktiver
28410	aktiviertem
28411	aktivierten
28412	akustische
28413	akustischen
28414	akustischer
28415	akzentfreie
28416	akzeptablen
28421	allenfalls
28422	allerhand
28423	allerneuesten
28424	allerwenigsten
28425	allesamt
28430	allgemeiner
28431	allgemeineren
28432	allgemeines
28433	allgemeingültig
28434	alljährlich
28435	allmächtiger
28436	allmählich
28437	allseits
28438	alltagsnahe
28439	alltagspraktische
28440	alltagstaugliche
28441	alltägliches
28443	alphabetischer
28444	alptraumhaften
28445	altem
28446	alternde
28447	altersaine
28448	altert
28451	ambei
28452	ambitionierte
28453	ambulanter
28454	amtsenthoben
28455	amüsierte
28459	analogen
28460	analysiert
28461	analytischen
28462	anatomisch-pathologischen
28463	anatomischen
28464	anbringen
28465	anderthalb
28467	anfallenden
28470	anfing
28471	anforder
28472	anfänglich
28473	anfühlt
28474	angeblich
28475	angeborenen
28476	angebrachte
28477	angefallen
28478	angefallene
28479	angefallenen
28480	angefeuchteten
28481	angefochten
28482	angefragten
28483	angeführt
28484	angegangen
28485	angeglichen
28486	angegliederte
28487	angegriffene
28488	angehangen
28489	angehen
28491	angehört
28492	angehörte
28493	angeklagt
28494	angelaufen
28495	angeleitet
28496	angeleiteten
28497	angemeldeten
28498	angemietet
28499	angenehmen
28500	angenehmeres
28501	angeordneten
28502	angepassten
28503	angeprangert
28504	angesagten
28505	angesetzt
28506	angesetzte
28507	angestachelt
28509	angestiegen
28510	angestoßen
28511	angestrebte
28512	angetreten
28513	angewandte
28514	angewinkelten
28515	angezeigte
28516	angezeigten
28517	angezogen
28518	angezüchtet
28519	anglo-amerikanischen
28520	angreifen
28521	angstfreies
28522	anhaltender
28523	animalischen
28525	anlassbezogene
28526	anlocken
28527	anmieten
28528	anmutig
28529	annähernd
28530	anonyme
28531	anonymisierten
28532	anonymisierter
28533	anpassbare
28534	anpassungsbereit
28535	anrechenbar
28536	anrechnen
28537	anregt
28538	anreichert
28540	ansagen
28542	anschließenden
28543	anschließender
28544	anschließt
28545	anschlussfähiger
28546	anschneiden
28550	ansprechenden
28551	ansprechender
28553	anspruchsvoller
28554	anspruchsvollsten
28556	ansteigenden
28558	anstrengendem
28559	anstrengenden
28560	ansässig
28562	ansässiger
28563	anteilig
28564	anteilige
28565	anteilmäßig
28566	antibiotische
28567	antijüdisch
28568	antijüdischen
28569	antiken
28570	antisemitischer
28571	antragsberechtigte
28572	antreibt
28573	antrieb
28574	antrocknen
28575	antwortete
28576	anwaltliche
28577	anwaltlicher
28578	anwenderorientierten
28579	anwendungsbezogene
28580	anwesende
28581	anwesenden
28582	anzeigt
28583	anzeigten
28584	anzubringen
28585	anzueignen
28586	anzufertigende
28587	anzugehen
28588	anzuhalten
28589	anzukommen
28590	anzukurbeln
28591	anzukündigen
28592	anzulegen
28593	anzumelden
28594	anzurechnenden
28595	anzuschauen
28596	anzusehen
28597	anzusprechen
28598	anzustecken
28599	anzusteuern
28600	anzuwendendes
28601	anzuzeigen
28602	anzuziehen
28605	apostolischen
28606	appelliere
28607	arbeitende
28608	arbeitslosen
28609	arbeitsmedizinische
28610	arbeitsreichen
28611	arbeitstherapeutische
28612	arbeitswissenschaftliche
28613	arbeitsübergreifende
28614	architektonisch
28615	architektonischen
28616	archiviert
28618	arithmetischen
28620	arme
28622	armenisch-protestantischer
28623	armenischen
28624	armseligen
28625	artenreiche
28626	arterieller
28627	artikulation
28628	asiatische
28630	assoziierte
28631	astronomischer
28632	astrophysikalischer
28633	asymmetrische
28634	asymmetrischer
28635	asymptomatische
28636	asynchron
28637	at
28638	atemberaubend
28639	atmungsaktiv
28640	attackiert
28641	attraktiven
28642	audio-visuellem
28651	auf-
28653	aufbauenden
28655	aufbürden
28657	aufeinanderfolgenden
28658	auferweckt
28659	auffindet
28661	auffälliges
28662	aufgearbeitet
28663	aufgeblasen
28664	aufgeblähten
28665	aufgebraucht
28666	aufgedeckt
28667	aufgefallen
28668	aufgefordert
28669	aufgeführte
28670	aufgehalten
28671	aufgeharkt
28672	aufgeheizten
28673	aufgeht
28674	aufgehört
28675	aufgeklebt
28676	aufgeklärt
28677	aufgeklärten
28678	aufgelegte
28679	aufgelistet
28680	aufgelisteten
28681	aufgelockertes
28682	aufgelöst
28683	aufgemacht
28684	aufgenommener
28685	aufgepasst
28687	aufgerissen
28688	aufgesaugten
28689	aufgeschoben
28690	aufgestellten
28691	aufgesucht
28692	aufgeteilt
28693	aufgewachsen
28694	aufgewirbelt
28695	aufgezählten
28696	aufgreifen
28698	aufhängen
28699	aufkleben
28701	aufmacht
28702	aufnimmt
28703	aufopferungsvoll
28704	aufrechterhalten
28705	aufrechtzuerhalten
28706	aufregende
28707	aufrufbar
28709	aufschiebende
28710	aufschneiden
28711	aufsetzen
28713	aufsteigenden
28714	aufsteigt
28717	aufstrebende
28718	aufstrebenden
28719	aufsucht
28720	aufsuchte
28722	aufweist
28723	aufwendig
28724	aufwendiges
28725	aufwändig
28726	aufwändigen
28727	aufziehenden
28728	aufzubereiten
28729	aufzubessern
28730	aufzufordern
28731	aufzuhören
28732	aufzuklären
28733	aufzurufen
28734	aufzusteigen
28735	aufzuwenden
28736	aufzuzeigen
28737	aufzählte
28738	augenzwinkernd
28739	augenärztliche
28744	ausbessern
28745	ausbleibende
28746	ausdrücklichen
28747	ausdrückt
28749	auseinanderzusetzen
28750	ausfällt
28751	ausführliches
28752	ausgearbeiteten
28753	ausgebildete
28754	ausgebildeter
28755	ausgeblieben
28756	ausgebreitet
28757	ausgefallen
28758	ausgefallene
28760	ausgefüllten
28761	ausgehandelte
28763	ausgehenden
28764	ausgehändigt
28765	ausgehöhlt
28766	ausgelastet
28767	ausgelaufen
28768	ausgelegte
28769	ausgeliefert
28770	ausgelöscht
28771	ausgeprägten
28772	ausgeprägter
28773	ausgerottet
28774	ausgerufen
28775	ausgerüstet
28776	ausgeschiedenen
28777	ausgeschüttet
28778	ausgesendet
28779	ausgesetzte
28780	ausgesetzten
28781	ausgesperrt
28782	ausgestalten
28783	ausgestaltet
28784	ausgestattetem
28785	ausgestellt
28786	ausgestellten
28787	ausgestrahlt
28788	ausgesäten
28789	ausgetragen
28790	ausgewachsene
28791	ausgewichen
28792	ausgewiesene
28793	ausgewogenes
28794	ausgewählter
28795	ausgewähltes
28796	ausgezahlte
28797	ausgezogen
28798	ausgeübt
28799	ausharren
28800	auskühlt
28801	auslösten
28803	ausmacht
28804	ausmachte
28805	ausmalen
28806	ausmisten
28807	ausnahmsweise
28808	ausrangierte
28810	ausreichender
28811	ausreisepflichtiger
28812	ausruhen
28813	ausrüsten
28815	ausschalten
28816	ausschnittweise
28819	aussen
28820	aussenden
28821	aussetzen
28822	aussortiert
28823	ausspielen
28824	ausstehende
28825	ausstrahlen
28826	aussäen
28827	austauschbar
28828	austauscht
28830	austritt
28832	auswählbar
28833	auszahlt
28835	auszieht
28836	auszuarbeiten
28837	auszubauen
28838	auszubilden
28839	auszubreiten
28840	auszudrücken
28841	auszuführen
28842	auszugleichen
28843	auszuhändigen
28844	auszuhängen
28845	auszulesen
28846	auszumachen
28847	auszurauben
28848	auszuschöpfen
28849	auszusprechen
28850	auszusteigen
28851	auszustellen
28852	auszutoben
28853	ausüben
28854	ausübt
28855	authentifizieren
28856	authentisch
28857	authentische
28858	autobiografisch
28859	autographe
28860	automatisierte
28861	automatisiertes
28862	autonom
28864	autonomes
28865	autoritären
28866	außen-
28867	außenpolitische
28868	außenwirtschaftlichen
28869	außergerichtliche
28870	außerordentlich
28871	außerplanmäßige
28872	avanciert
28873	avisierten
28874	ayurvedische
28875	azubiTV
28879	bahnen
28880	bahnt
28881	bakteriellen
28882	bakteriologische
28883	baldmöglichst
28884	barrierearmer
28885	barrierefreies
28887	basierten
28888	basteln
28889	bastelt
28890	bat
28891	bauartbedingten
28892	baufachliche
28893	baulich
28894	baulich-planerische
28895	bauliche
28896	bayerisch-französische
28897	bayernweit
28898	bayrischen
28899	beabsichtigen
28900	beabsichtigt
28901	beachteten
28902	beamtenrechtlichen
28903	beansprucht
28904	beantragte
28905	bearbeitest
28906	beatmet
28907	beaufsichtigen
28908	beauftragt
28910	beautragen
28911	bebauten
28912	bebilderte
28913	bebilderten
28914	bedarfsorientierte
28915	bedauert
28916	bedenkenlos
28917	bedenklichen
28918	bedeute
28919	bedeutend
28920	bedeutender
28921	bedeutendes
28922	bedeutendstes
28923	bedeutungsgleich
28924	bedienenden
28926	bedingten
28927	bedrohliches
28928	bedruckten
28929	beeindruckenden
28930	beeindruckendste
28931	beeindruckt
28932	beeinflussende
28933	beeinflußt
28935	beengten
28936	beerbt
28937	befahrbaren
28938	befallenen
28939	befand
28940	befanden
28941	befasste
28942	befindliche
28943	beflockten
28944	befragen
28945	befreien
28946	befreundete
28947	befreundeter
28948	befristete
28949	befruchtet
28950	befugt
28951	befugte
28952	befördert
28953	begab
28954	begangen
28955	begannen
28956	begeben
28958	begehrten
28959	begeht
28960	begeisterter
28961	begibt
28962	begingen
28963	beginne
28965	beglaubigt
28966	beglichen
28967	begonnenes
28968	begrenzten
28970	begründen
28971	begründete
28972	begründeten
28973	begründungsbedürftig
28974	begrünt
28975	begrüßen
28976	begutachtet
28977	begutachteten
28978	begünstigt
28979	behackten
28980	behandelnden
28981	behaupte
28982	behauptet
28983	beheben
28984	behebt
28985	beheizbar
28986	beherbergte
28988	beherrscht
28989	beherzte
28990	behindern
28991	behinderten
28992	behindertengerechte
28993	behinderter
28994	behinderungsbedingten
28995	behördliche
28999	beibringen
29000	beiderseits
29002	beidseitig
29003	beigefügte
29004	beigefügten
29005	beigelegt
29006	beihilfefähigen
29007	beihilferechtliche
29008	beilegen
29009	beiliegende
29011	beiseite
29012	beispielhafte
29013	beispielhaftes
29014	beitragsfrei
29016	beizubringen
29017	beizusteuern
29018	bejubelte
29023	bekannter
29024	bekannterweise
29025	bekanntes
29026	bekanntestem
29027	bekanntlich
29028	bekennen
29029	beklagen
29030	beklagt
29032	bekämp-fen
29033	belastenden
29034	belastender
29035	belasteter
29036	beleben
29037	belegbar
29038	belegte
29039	belehrend
29040	beleuchten
29041	beleuchtete
29042	belgische
29043	beliebigen
29044	beliefern
29045	belle
29046	belächelt
29047	bemerkenswerte
29048	bemerkenswerten
29049	bemessen
29050	benachrichtigt
29051	benachteiligten
29054	benutztes
29055	benötige
29057	benützten
29058	beo-Wettbewerbs
29059	beobachte
29060	beobachtenden
29061	beobachteten
29062	bepflanzte
29063	beprobten
29064	beratende
29066	berechnungsfähigIm
29067	berechtigen
29068	berechtigtem
29069	bereinigt
29070	bereitwillig
29071	bereitzustellen
29073	bergsportlichen
29075	berreits
29077	beruflicher
29079	berufsbegleitenden
29080	berufsbildenden
29081	berufspolitische
29082	berufspraktisch
29083	berufspraktischen
29084	berufsübergreifende
29085	beruft
29086	beruhigen
29087	beruhigend
29088	beruhte
29089	berücksichtigte
29090	berühmte
29091	berühren
29092	besagt
29093	besanden
29094	beschaeftigt
29095	bescheiden
29096	bescheinigten
29097	beschert
29098	beschleunigt
29099	beschleunigte
29100	beschließt
29101	beschlossene
29102	beschlossenen
29103	beschlussfähig
29104	beschriebene
29105	beschriftet
29106	beschuldigt
29107	beschweren
29108	beschwerlichen
29109	beschwörend
29110	beschädigen
29111	beschädigt
29112	beschädigte
29113	beschäftige
29116	besiegeln
29117	besiegelt
29118	besinnlichen
29119	besitze
29120	besoldungsrechtlichen
29121	beson-
29122	besonnenes
29123	besorgniserregenden
29125	bespielen
29126	bespielt
29127	bespricht
29128	besprochen
29132	bestanden
29133	bestandenem
29134	bestellst
29135	bestellten
29136	bestem
29139	besteuert
29140	bestimmbaren
29141	bestimme
29142	bestimmend
29143	bestmögliche
29144	bestreiten
29145	bestritten
29146	beständig
29147	beständige
29148	bestärkt
29150	bestätigten
29154	betrachteten
29155	betreibe
29156	betreuenden
29157	betreute
29160	betriebsbezogene
29161	betriebseigenes
29162	betriebsnotwendige
29163	betrugen
29166	betätigen
29167	beugt
29168	beurteilt
29169	bevollmächtigten
29170	bevorstehende
29171	bevorzugen
29172	bevorzugte
29173	bewaffnet
29174	bewahrt
29176	bewegenden
29177	bewehrten
29178	beweist
29179	bewerbenBitte
29180	bewerkstelligen
29181	bewilligt
29182	bewilligte
29183	bewilligten
29184	bewirbt
29185	bewirkt
29186	bewirtschaften
29187	bewundere
29188	bewundert
29189	bewusste
29190	bewussten
29191	bewältigt
29192	bewölkt
29193	bezahlenden
29194	bezahlte
29195	bezeichneten
29196	bezogenen
29198	beängstigend
29199	bibliografischen
29200	biegbare
29201	biegsam
29202	bildende
29204	bildender
29205	bildete
29206	bildeten
29207	bildungsbenachteiligten
29208	bildungsfernen
29209	bildungsrelevanten
29210	bilienpreise
29211	bilinguale
29212	billigem
29213	binationaler-bilingualer
29214	biobasierte
29215	biologischer
29216	biomedizinische
29217	bioregionale
29218	birgt
29220	bisherig
29221	bisheriges
29222	bisschen
29223	bissig
29225	bittet
29226	bke
29228	bleibenden
29229	blicken
29230	blies
29231	blind
29232	blinkendes
29233	blockiert
29234	bloggt
29236	blättern
29237	bodenschutzrechtlichen
29238	bodenständig
29240	booktube-Videos
29241	bosnische
29242	bot
29243	boten
29244	brach
29245	brachten
29246	branchen-
29247	branchenfremder
29248	brav
29251	breitet
29252	brennen
29254	brieflich
29255	britischer
29256	bruchsicher
29257	brummt
29258	bräunliche
29259	brüten
29260	brütende
29261	bspw
29262	buddhistischen
29263	building
29265	bundesstaatlichen
29266	bundesweitem
29267	bundesweiter
29269	bunter
29270	buntes
29271	bwim
29273	bz-ticket
29274	börsennotierte
29275	bösartig
29276	bösartigen
29277	bösartiger
29279	böten
29280	büffeln
29282	bürokratisch
29283	bürokratische
29286	carnea
29288	chancenorientiert
29289	chancenreich
29290	changiert
29291	charakterisiert
29292	charakteristische
29293	charaktervollen
29295	checkt
29296	chemisch
29297	chirale
29298	chirurgische
29299	chlorierte
29301	christlichen
29302	christlicher
29304	chronischer
29306	clevere
29307	clogs
29308	compehensive
29309	computergestützte
29310	con
29313	coronabedingten
29314	cotidiana
29315	cremigen
29316	cross
29317	cross-funktionale
29322	dachte
29323	dahingehend
29325	dahoam
29326	dankte
29327	dankten
29328	daransetzen
29330	dargeboten
29331	darstellendem
29332	darstellt
29333	darwini
29338	datenschutzrechtlich
29339	dauernd
29340	davontragen
29341	dazugekauft
29342	dazugewonnen
29343	dazuverdienen
29344	dazuzugehören
29345	deaktivieren
29346	debattiert
29348	defekt
29350	dehnt
29352	dekompensierte
29353	dekoriert
29354	delegierbare
29355	delegierenden
29356	della
29357	dementsprechendes
29358	demenziell
29359	demografische
29360	demokratisches
29362	demotivieren
29363	demzufolge
29364	demütigen
29368	denihr
29369	denjenigen
29370	denkbaren
29371	denkende
29372	denkender
29373	denkmalgerechten
29374	denkst
29375	deponieren
29376	deponiert
29377	depressive
29378	derart
29380	derjenigen
29384	designen
29385	destination
29387	detaillierten
29388	detailreiches
29389	deuten
29390	deutig
29391	deutliche
29392	deutlicher
29393	deutliches
29394	deutsch-kongolesische
29395	deutsch-polnisches
29397	deutschlandweiter
29398	diagnostische
29399	diagnostischen
29400	diakonisches
29401	dialogischen
29402	dialogorientierte
29403	dichtem
29404	dichter
29405	dichtesten
29406	dicke
29407	dickes
29408	didaktisch-methodische
29409	didaktischen
29410	didaktischer
29414	diePrüfung
29415	diebildschirmzeitung
29416	diejenigen
29419	dienstrechtlichen
29420	dienstspezifische
29421	dienten
29422	diesbezüglich
29423	differenzieren
29424	differenzierte
29425	differenzierten
29426	differenziertes
29427	differieren
29428	diffuser
29429	digitalisiert
29430	digtale
29431	dike
29432	dimap
29433	dingfest
29434	direkteren
29435	direktes
29436	diskriminierungskritische
29437	diskutierte
29438	disruptive
29439	distanzieren
29440	disziplinären
29441	diva-e
29442	diverser
29443	diätetischer
29444	do
29445	dogmatische
29447	dominieren
29448	dominierende
29450	doppelt
29452	doppelter
29453	dortbleiben
29454	dortige
29455	dos
29456	dotiert
29458	drag
29459	drang
29460	drapieren
29461	dreck
29462	drehe
29463	dreidimensionales
29464	dreieinhalb
29465	dreimal
29466	dreiste
29467	dreizehngrad
29469	dringen
29470	dringenden
29471	dringender
29472	dringliche
29473	dringt
29475	drinstehen
29478	drohen
29479	drohenden
29480	drop
29481	druckt
29482	drängte
29483	drückte
29484	duesseldorf
29485	dunklen
29486	durchdacht
29487	durchdachter
29488	durchdringen
29489	durchdringt
29490	durcheinandergeworfen
29491	durchführende
29492	durchführt
29493	durchgearbeitet
29495	durchgehend
29496	durchgehende
29497	durchlebt
29498	durchs
29499	durchschaubar
29500	durchschaut
29501	durchschnittliches
29502	durchspielen
29503	durchstoßen
29504	durchsuchen
29505	durchsucht
29506	durchzieht
29507	durchzuführenden
29509	duscht
29510	dynamischen
29511	dümpelt
29512	dünner
29513	dürften
29514	düstere
29516	e-Football-Turnier
29518	e-learnings
29522	eBay
29523	eBay-Händler
29524	eBooks
29525	eCampus
29526	eCoupon
29527	eG
29528	eHBA
29529	eJournals
29530	eKomi
29531	eStandards
29532	eTwinning
29533	eZAA
29534	eatbetter
29536	ebenerdigen
29537	ebenflächig
29541	ebensoviel
29543	echten
29544	echter
29545	echtes
29546	ect
29547	editierbar
29548	editorische
29549	edler
29550	effektivste
29551	effizienter
29552	eh
29554	ehren
29555	ehrgeiziges
29557	ehrlichem
29558	ehrt
29560	eigenem
29561	eigengenutzte
29562	eigenständige
29563	eigenständiger
29564	eigenständiges
29565	eigentliche
29566	eigentlichen
29567	eigenverantwortlich
29568	eigenverantwortliche
29569	eilbedürftige
29576	ein-sehen
29577	einarbeiten
29578	einberechnet
29579	einbogen
29580	einbürgern
29581	eindeutigen
29582	eindrucksvoll
29583	eindrucksvolle
29584	eindrucksvollen
29586	eineentscheiden
29587	eineinhalb
29588	einfallsreichsten
29589	einfielen
29590	einfinden
29591	einfindet
29592	einfordern
29593	einführte
29594	eingearbeitet
29595	eingebaute
29596	eingebautem
29597	eingebettet
29598	eingebundenen
29599	eingebürgert
29600	eingeflossen
29601	eingefüllt
29602	eingegangene
29603	eingegangenen
29604	eingehalten
29605	eingehende
29606	eingeholten
29607	eingelegt
29608	eingeleitet
29609	eingerichteten
29610	eingerosteten
29611	eingescannt
29612	eingeschriebene
29613	eingeschränkte
29614	eingeschränkter
29615	eingeschätzt
29616	eingesetztes
29617	eingespart
29618	eingespielt
29619	eingesprochen
29620	eingessenen
29621	eingestuft
29622	eingesungen
29623	eingetippte
29624	eingetreten
29625	eingetretenen
29626	eingewechselte
29627	eingeweiht
29628	eingewilligt
29629	eingewintert
29630	eingezogen
29631	eingezogenen
29632	eingeübt
29633	eingreife
29634	eingrenzen
29635	eingängigen
29638	einheitliche
29640	einheitliches
29641	einhergehende
29642	einhergeht
29643	einhergingen
29644	einholen
29645	einig
29646	einigten
29647	einjährige
29649	einkommensschwache
29650	einkommensschwächere
29651	einlassen
29652	einlädt
29653	einlösbar
29654	einmaligen
29655	einmaliger
29656	einordnen
29657	einplant
29660	einschalten
29661	einschließt
29662	einschneidendes
29664	einsehbar
29665	einsetzbares
29666	einsetzende
29668	einspringen
29669	einstigen
29670	einstimmig
29671	eint
29672	eintauchen
29673	eintauschen
29674	eintrifft
29675	einträgt
29676	eintägigen
29677	einvernehmlich
29678	einwandfreiem
29679	einwickeln
29680	einwöchiges
29682	einzeln
29683	einzelnes
29685	einzigartiges
29686	einzigen
29687	einziges
29688	einzubinden
29689	einzudämmen
29690	einzugehen
29691	einzuordnen
29692	einzuplanen
29693	einzurichten
29694	einzuräumen
29695	einzuschlafen
29696	einzusehen
29697	einzustehen
29698	einzustellen
29699	einzutragen
29700	einzuwirken
29701	eisernen
29702	elegante
29703	elegantes
29705	elektrischer
29706	elektrisiert
29707	elektromagnetische
29708	elektronischer
29709	elementare
29710	elliptisch
29712	elterlichen
29714	emetriq
29715	emotionale
29716	emotionalen
29717	emotionaler
29718	emotionalsten
29720	empfindet
29721	empfindliche
29722	empfindlicher
29723	empfohlene
29724	empfohlenen
29725	empfunden
29726	empfundene
29727	empfänglicher
29728	emphatisches
29729	emporfliegen
29731	endgültigem
29732	energetische
29733	energetischem
29734	energetischen
29735	energieeffizienter
29736	engagierter
29737	engere
29738	englische
29739	englischen
29740	englischer
29741	entbehrlich
29742	entdeckenJavascript
29743	entfernten
29744	entferntere
29745	entführen
29746	entgangenen
29747	entgegen
29748	entgegenbringen
29749	entgegengesetzten
29750	entgegennehmen
29751	entgegennimmt
29752	entgegenstehen
29753	entgegenwirken
29754	entgegenzuwirken
29755	entgeltpflichtigen
29756	entgültig
29757	enthemmten
29759	entkommt
29760	entleihenden
29761	entrichten
29762	entsandt
29763	entscheidender
29764	entscheidest
29765	entscheidungsrelevanten
29766	entschloss
29767	entschlossen
29768	entschlüsseln
29770	entsendete
29772	entsorgt
29773	entspannen
29774	entspannende
29775	entspannt
29776	entsprechen-
29777	entstandene
29778	entstandenen
29779	entstehende
29780	enttabuisiert
29781	enttarnt
29782	entwachsen
29784	entwickelnder
29786	entwicklungspolitisch
29787	entziehen
29788	epithelialem
29789	er-
29790	erachtet
29791	erarbeitetem
29793	erbitten
29794	erblicken
29795	erblindet
29796	erbrachte
29797	erbt
29798	erdgeschichtlich
29799	ereignisreichen
29800	erfahrener
29801	erfahrensten
29802	erfahrungsgemäß
29803	erfinden
29804	erfolgende
29806	erfolgrei-
29807	erfolgreichsten
29808	erfolgsversprechend
29809	erfolgten
29810	erfragt
29811	erfragten
29812	erfreulich
29813	erfreut
29814	erfreuten
29815	erfuhr
29816	erfüllender
29817	erfülltes
29818	ergangen
29819	ergattern
29820	ergiebigen
29821	erging
29822	ergonomischen
29823	ergründen
29824	erhaltender
29825	erhaltenen
29826	erhaltenswerte
29827	erhebliche
29828	erheblichem
29829	erheblicher
29831	erhob
29832	erhoffen
29833	erhofften
29834	erholsame
29835	erholsamen
29836	erholsames
29837	erinnerte
29838	erkannte
29839	erkannten
29840	erklangen
29841	erkläre
29842	erkochte
29843	erkrankt
29845	erkundet
29846	erlangt
29847	erlangten
29848	erlaubnisfrei
29849	erlaubten
29850	erlebte
29851	erlebten
29852	erledigende
29853	erledigt
29854	erleichterten
29855	erleidet
29856	erläuterte
29858	ermordeten
29860	ermutige
29861	ermäßigt
29862	ermäßigten
29863	ermögliche
29864	ermöglichte
29865	erneuerbare
29866	erneuter
29867	erniedrigenden
29869	erobert
29870	erodierte
29871	errechnet
29873	errichten
29874	errichteter
29875	erringen
29876	erschaffen
29877	erschafft
29878	erscheinenen
29879	erschossen
29880	erschwert
29881	erschöpfend
29882	ersetzte
29883	ersetzten
29885	erstaunt
29887	erstelltes
29888	erstens
29889	erstgenannte
29890	erstklassige
29891	erstklassiger
29892	erstmal
29893	erstmaliger
29894	erstochen
29895	erstrebenswert
29896	erstrecken
29897	erstritten
29898	ersuchende
29899	ersuchenden
29900	erteile
29901	ertragbringend
29902	eruiert
29903	erwacht
29904	erwarte
29905	erwartete
29906	erweckt
29907	erweist
29909	erweiterten
29910	erwerbsfähiger
29911	erwerbsmäßig
29912	erwiesen
29913	erwirbst
29914	erwirbt
29915	erworbene
29916	erworbenen
29917	erworbenes
29918	erwächst
29919	erwähnen
29920	erwärmt
29922	erzähl
29923	erzählend
29924	erübrigt
29926	essbare
29927	essentielle
29928	essenziell
29929	etablierte
29930	ethisch
29931	ethischen
29933	euphorische
29934	europapolitischen
29935	europaweit
29936	europaweiten
29937	europäischem
29938	evakuiert
29939	evalag
29941	eventuellen
29943	ewige
29944	exakte
29945	exemplarischen
29946	exemplarspezifischen
29948	exklusive
29949	exklusiver
29950	exogene
29951	exotische
29952	experimentell
29953	explanativem
29954	exponierter
29955	extensiv
29956	extracurricular
29958	exzentrischer
29962	facettenreich
29964	fachbezogene
29965	fachbezogenen
29966	fachgebundene
29967	fachkompetent
29968	fachkundigen
29969	fachlicher
29970	fachliches
29971	fachmännischen
29972	fachpraktischen
29973	fachtechnischen
29974	fachtheoretischen
29975	fachverwandten
29976	fachärztlichen
29977	fachübergreifend
29978	fahrbare
29979	fahrende
29980	fahrlässig
29981	faktischen
29982	faktorisiert
29983	falsche
29984	falscher
29985	faltbaren
29986	falten
29988	familienfreundlich
29989	familienpolitischer
29990	familiär
29991	familiäre
29992	familiärem
29993	fancy
29994	fange
29996	fangfrisch
29997	fangt
29998	fantasievoll
29999	fassbar
30001	fasst
30002	fasste
30003	faszinierte
30004	fatale
30005	faucht
30006	faulen
30007	feet
30008	fehlenden
30009	feierliche
30010	feiertags
30011	feierten
30012	fein
30013	feinfruchtige
30014	fern
30015	fernab
30018	fertigten
30019	fesselnder
30020	festgesetzter
30021	festgestellten
30023	festliche
30024	feststehen
30025	festzulegen
30027	feuchte
30028	ff
30029	fiebrigen
30032	film-
30033	filtert
30034	filzt
30035	finanzschwacher
30036	finep
30037	finnische
30039	fixe
30040	fixen
30041	flache
30042	flankt
30043	flauschiger
30045	fleißiges
30046	flexiblen
30047	flexibler
30048	flexibles
30049	fliegt
30050	fliehen
30052	fließenden
30054	flotten
30055	flächendeckend
30056	flächendeckendes
30057	flächenelastisch
30058	flächig
30059	flächige
30060	flöten
30061	flüchtete
30062	flüssig
30063	flüssiger
30064	fokussieren
30065	fokussierte
30066	folgender
30068	folgenlos
30069	foltern
30070	footage
30071	fordere
30072	forderte
30073	formal
30074	formal-juristischer
30075	formaler
30076	formativen
30077	formellen
30078	formte
30079	forschungsgetriebene
30080	forschungsintensiven
30081	forschungsorientierte
30082	forschungspolitischen
30083	forstliche
30084	forstlicher
30085	fortan
30086	fortfahren
30087	fortgeschrittenem
30088	fortlaufend
30089	fortschreitender
30090	fortschrittliche
30091	fortzusetzen
30093	fossilen
30094	fotografiert
30095	fotografische
30096	found
30097	foundation
30101	fragilen
30102	fragmentiert
30103	frame
30107	freigeben
30108	freigegeben
30109	freigegebenen
30110	freigemacht
30112	freigesetzt
30114	freiheitliche
30117	freitesten
30118	freizeitlichen
30119	freizuschalten
30122	fremdenfeindliche
30123	fremdenfeindlicher
30125	fremdes
30126	fresse
30128	freundliches
30129	freundschaftlicher
30130	freuten
30133	frischen
30135	fristgerechten
30136	frittiert
30138	fruchtbaren
30139	frustriertes
30140	fränkischen
30141	fränkischer
30142	fröhlich
30143	fröhlichen
30144	frühkindlichen
30145	frühzeitige
30146	frühzeitigen
30147	fuhr
30148	fundamental
30149	fundamentalen
30150	fundiert
30151	fundierte
30152	fungierte
30153	funktionale
30154	funktionelle
30155	funktioneller
30156	funktionierende
30157	funktionierte
30158	funktionsfähig
30159	fußläufig
30161	fächerverbindende
30162	fächerübergreifende
30163	fältige
30164	fängt
30165	färben
30166	föderales
30168	förderlich
30169	förderlichen
30170	fördernd
30171	förderwürdig
30172	fügt
30173	führenden
30175	füllstoffen
30176	füllt
30177	füllten
30178	fündig
30179	fünfjährige
30181	fünftes
30182	fünftgrößte
30184	füreinander
30187	gabs
30188	gamescom
30189	gan
30192	ganzheitlich
30193	ganzheitliche
30194	ganzheitlicher
30195	garnicht
30196	gastroenterologischen
30197	gastrointestinale
30198	gastronomischen
30199	gather
30200	ge-hört
30201	ge-sundheitlichen
30202	gebacken
30203	gebackene
30204	gebastelt
30205	gebeugtem
30206	gebildet
30207	gebilligte
30208	gebogene
30209	gebrachte
30210	gebrannt
30211	gebrannten
30212	gebraten
30214	gebrechlich
30215	gebrochenes
30216	gebuchtem
30217	gebundenen
30218	gebundener
30219	gebührenfrei
30220	gebührenpflichtig
30221	gebürtig
30222	gebürtigen
30223	gedankenlose
30224	gedankenrausch
30225	gedenken
30226	gedonnert
30227	gedrucktes
30229	geduldete
30231	geduldiges
30232	geeignetes
30233	geeinigt
30235	gefahrene
30237	gefaltet
30238	gefalteten
30239	gefehlt
30241	gefertigt
30242	gefertigten
30243	gefielen
30244	geflohen
30245	geflutet
30246	geformt
30247	geformten
30248	gefreut
30250	gefundenem
30251	gefunkt
30252	gefächert
30253	gefährdete
30254	gefälschte
30255	gefärbten
30256	geförderten
30257	gefüllten
30258	gefürchtet
30259	gegebener
30261	gegengesteuert
30262	gegenseitigen
30263	gegensteuern
30264	gegenwartsbezogener
30265	gegenwärtigen
30266	gegenübersitzt
30267	gegessen
30268	gegnerische
30269	gegrillt
30270	gegründeten
30272	gehackte
30273	gehaltene
30274	gehaltenen
30275	gehandhabt
30276	gehbehinderte
30278	gehegt
30279	geheim
30280	geheimen
30281	geheiratet
30282	geholfen
30283	gehorchen
30284	gehst
30286	gehängt
30287	gehörenden
30288	gehörig
30289	gehörige
30291	geirrt
30292	geistige
30293	geistigen
30294	geistiger
30295	geistlichen
30296	gejagt
30297	gekannt
30298	gekennzeichneten
30299	gekentert
30300	geklebt
30301	gekleidet
30302	geknetet
30303	geknüpft
30304	gekocht
30305	gekoppelt
30306	gekämpft
30307	gekürzt
30308	gelangt
30309	gelangweilt
30312	gelben
30313	gelbes
30314	gelebten
30315	gelegene
30316	gelegenen
30317	gelenkte
30318	gelernten
30319	gelerntes
30320	geliebt
30321	geliked
30322	gelistet
30323	gelisteten
30324	gelobt
30325	gelohnt
30326	gelungenen
30327	geläutet
30328	gelöschten
30329	gelöst
30330	gelüftet
30331	gemachten
30332	gemahlen
30333	gemauert
30334	gemauerten
30335	gemeindenahen
30336	gemeine
30337	gemeinfreie
30338	gemeinnützigen
30339	gemeinnütziger
30341	gemeinschaftliche
30342	gemeinwohlorientierte
30343	gemerkt
30344	gemessenen
30345	gemieteten
30346	gemischt
30347	genanntes
30348	genaueren
30350	genehmigtem
30351	genehmigter
30352	genehmigungspflichtigen
30353	genehmigungsrelevanter
30354	generalisierenden
30355	generalistische
30356	generelle
30357	genereller
30358	generelles
30359	generieren
30360	genervter
30362	genialischen
30363	genieße
30364	genießt
30365	genossenschaftlichen
30366	gentechnisch
30367	gentechnischen
30368	genussorientierten
30369	genutzte
30370	genutzten
30371	genutzter
30372	genügender
30373	genüsslich
30374	genüßlich
30375	geographische
30376	geographischen
30377	geologischen
30378	geometrischen
30379	geopfert
30380	geordneten
30381	gepaart
30382	gepflastert
30383	geplante
30384	gepostet
30385	geprüfte
30386	geratener
30387	gerechtes
30388	geregelten
30389	geregelter
30390	gereifte
30391	gereinigt
30392	gereinigten
30393	gereist
30394	gereizt
30395	gerendert
30396	gerettet
30397	geriatrische
30398	geringeren
30399	geringeres
30400	geringes
30401	geringfügige
30403	gerockt
30404	geräteübergreifend
30405	geräumige
30406	geräumtMit
30407	geräuschlos
30408	gerückt
30409	gesamtes
30410	gesamteuropäische
30411	gesamtgesellschaftliche
30412	gesamtgesellschaftlichen
30413	gesandt
30414	geschenkt
30415	gescheucht
30417	geschickte
30418	geschickten
30419	geschilderte
30420	geschlachtetes
30421	geschlagen
30422	geschlechtergerechte
30423	geschlechtlichen
30424	geschlechtsbezogener
30425	geschlechtsreif
30426	geschlechtsspezifischer
30427	geschlossene
30428	geschlossener
30429	geschnitten
30430	geschnittenen
30431	geschont
30432	geschuldet
30433	geschult
30434	geschultes
30435	geschwollene
30436	geschädigten
30437	geschädigter
30438	geschäftsfähig
30439	geschätzt
30440	geschätzten
30441	geschütztem
30443	gesellen
30444	gesellschaftspolitische
30445	gesellschaftstheoretische
30446	geshared
30447	gesicherten
30448	gesonderte
30449	gesonderten
30451	gespannte
30452	gespart
30453	gespendete
30454	gesperrte
30455	gestaltende
30456	gestaltenden
30457	gestalterisch
30458	gestaltete
30459	gestanden
30460	gestartete
30461	gesteigertes
30462	gestellte
30463	gestillt
30464	gestoppt
30465	gestorben
30466	gestrandet
30467	gestreut
30468	gestrigen
30469	gestuften
30470	gestundet
30471	gestupften
30472	gestütztes
30473	gesuchten
30474	gesunder
30475	gesundheitliches
30476	gesundheitsbezogene
30477	gesundheitsbezogenen
30478	gesundheitsorientierte
30479	gesundheitsorientierten
30480	gesundheitsorientiertes
30481	getauft
30482	geteiltes
30484	getippt
30485	getragenen
30486	getraut
30487	getrennten
30488	getreu
30489	getrost
30490	getränkt
30491	getuntes
30492	getätigten
30493	gewachsen
30494	gewachsene
30495	gewahrt
30496	gewaltbetroffene
30497	gewaltfreie
30498	gewaltige
30499	gewaltsam
30500	gewaltsame
30501	gewalttätige
30502	gewandt
30503	geweihte
30504	gewerblich
30505	gewerblich-technischen
30506	gewerkelt
30507	gewichtete
30508	gewidmet
30510	gewiss
30512	gewisser
30513	gewisses
30514	gewohnter
30515	gewollt
30516	gewordene
30517	gewordenen
30518	gewusst
30521	gewählter
30522	gewähltes
30523	gewöhnlichen
30524	gewöhnlicher
30525	gewünscht
30526	gewünschter
30527	gewürzt
30528	gezahlte
30529	gezahltes
30530	gezeigte
30531	gezeugt
30532	gezielten
30533	gezielter
30534	gezückt
30535	geänderten
30536	geäußerten
30537	geöffneten
30538	geölt
30539	ggf
30541	gibtCorona
30542	giftiges
30543	giropay
30544	glatten
30545	glatter
30546	glaubt
30547	glaubten
30548	gleichberechtigte
30549	gleicher-
30550	gleichmäßig
30551	gleichmäßige
30552	gleichnamigen
30553	gleichstellungspolitische
30554	gleichwertiger
30555	gleitenden
30556	gleitet
30558	gliedkirchlichen
30559	globaler
30560	glutenhaltiges
30561	glänzenden
30562	gläserne
30563	glücklicher
30564	glühen
30565	gn
30566	goAML
30567	goldenen
30568	grandios
30569	grandiosen
30570	grasen
30571	graue
30572	gravierender
30573	great
30574	greifbar
30575	greifend
30576	grenznahen
30577	grenzüberschreitend
30578	grenzüberschreitende
30579	grenzüberschreitenden
30580	grenzüberschreitender
30582	grob
30583	grober
30584	groovendes
30585	großartigen
30587	großformatige
30588	großgeschrieben
30589	großstädtischen
30590	großzügig
30591	grundlegender
30592	grundsätzlichen
30595	größeres
30596	größtenteils
30597	größtes
30598	größtmögliches
30602	grüßt
30603	guenstiger
30610	gutartigen
30611	gutgehen
30612	gutgeschrieben
30613	gängige
30614	göttlich
30615	günstigeren
30616	gütlich
30620	halblinken
30621	halbseitigen
30622	halbstündlichen
30623	halbwegs
30624	halfen
30626	haltende
30627	handarbeiten
30628	handbemalten
30629	handele
30630	handelnde
30631	handlungsorientiert
30632	hannoversche
30633	hannoverschen
30634	hansische
30635	harsche
30637	hartes
30639	hauptamtliche
30640	hauptamtliches
30641	hauptberuflich
30642	hauptsächlichen
30644	hauseigenes
30645	hautbleichenden
30646	hautnah
30647	hautsympathische
30649	he
30651	hegen
30652	hegt
30654	heiligem
30655	heilsame
30656	heim
30658	heimgekehrt
30659	heimgesucht
30660	heimisches
30661	heimlich
30662	heimlichen
30663	heise-Bot
30665	helle
30667	herabgesunken
30668	heraneilenden
30669	herangeführt
30670	heranreicht
30671	heranzukommen
30672	herausfordernden
30673	herausforderndes
30674	herausgebracht
30675	herausgefunden
30676	herausgenommen
30677	herausgeputzt
30678	herausgestellt
30679	herausholen
30680	herausstellen
30681	herausstellt
30682	herauszuholen
30683	herauszunehmen
30684	herauszustellen
30685	hereingebrochen
30686	hereinspaziert
30687	herkömmlich
30688	herleiten
30689	herrenlosen
30690	herrlich
30691	herrschende
30692	herrschenden
30693	herrschender
30694	herrschte
30695	heruntergebrochen
30696	herunterrattern
30697	hervorbringen
30698	hervorgehen
30699	hervorgehoben
30700	hervorgeht
30701	hervorgerufen
30702	hervorhebenden
30703	hervorragen
30704	hervorrufen
30705	hervorruft
30707	herzustellen
30708	hessenschau
30709	hessenweit
30711	heterogene
30712	hetzerische
30713	heuer
30714	heutigem
30715	heutiger
30716	heutiges
30717	hie
30718	hielten
30719	hier-über
30720	hierauf
30721	hierdurch
30723	hierzulande
30724	hiesigen
30725	hilfreicher
30726	hilfsweise
30728	hinab
30729	hinauf
30730	hinausgehen
30731	hinausgeschaut
30732	hindeuten
30733	hindurch
30734	hineingeboren
30735	hineinwachsen
30736	hineinwirkt
30737	hineinziehen
30738	hinken
30739	hinnehmen
30740	hinreichender
30741	hinschauen
30742	hinterfragt
30743	hinterher
30744	hinterlegten
30745	hinterlässt
30746	hinunter
30747	hinziehen
30748	hinzugefügt
30749	hinzugerechnet
30750	hinüber
30751	hiterlassen
30752	hkk
30755	hochbelastbar
30756	hocheffizienten
30757	hochgeklappt
30758	hochgeladen
30759	hochgerechnet
30760	hochgestuft
30761	hochgezogen
30762	hochgradig
30763	hochinteressant
30764	hochladen
30765	hochmotiviert
30766	hochpreisiges
30767	hochprofessionell
30768	hochpräzise
30769	hochschulweite
30770	hochwertigem
30771	hochwertigeren
30772	hochzuladen
30773	hoffnungslos
30774	hoffnungsvoll
30775	hoffnungsvollen
30776	hohlen
30777	holt
30779	homogene
30780	homogenkatalytischen
30781	honoriert
30782	hormonabhängig
30783	how
30785	hr
30786	hr-Sinfonieorchesters
30791	https-verschlüsselt
30805	humorvollen
30807	hunderten
30808	hybrid
30809	hyperalistischen
30810	hysterische
30811	hältst
30812	härtesten
30813	häufigste
30814	häusliche
30815	häuslichen
30818	höhenverstellbaren
30819	höherem
30820	höheres
30821	höhlenreiche
30822	hörst
30823	hörte
30825	hügeligen
30828	iGaming
30830	iMINT-Akademie
30831	iPhones
30832	iPods
30833	ibug
30835	ideellen
30836	identifiziert
30837	identifizierten
30838	ideologischen
30839	idyllische
30840	idyllischen
30841	ignorieren
30844	ihresgleichen
30845	illustrierten
30846	illustriertes
30854	immissionsschutz-
30855	immobilienwirtschaftlichen
30856	immunmodulatorischem
30857	importiert
30858	imposantesten
30859	imstande
30880	in-
30881	in-ternationale
30882	inFranken
30883	inaktiv
30884	indie
30886	indivduelle
30887	individualisierbaren
30888	individualisierenden
30889	individualisiert
30890	indiziert
30891	ineinander
30892	ineinem
30893	infiltratives
30894	infizierten
30896	informationsbewusste
30897	informative
30898	informativer
30899	informelle
30900	informiere
30901	infrastrukturelle
30902	infratest
30903	inhaltlicher
30904	initiieren
30905	initiierte
30907	inklusiver
30908	inkompatible
30909	inn
30910	inne
30911	innen-Schutzes
30912	innennetzwerk
30913	innerbetrieblichen
30914	innerlich
30915	innerstädtischen
30917	insektenfreundlicher
30918	inserve
30919	inside
30920	insights
30921	inspiriert
30923	installierten
30924	installierter
30925	instand
30926	institutionelle
30927	instrumentalen
30928	intakte
30929	integraler
30930	integrativen
30931	integrierbar
30932	integrierte
30933	integrierter
30934	intellektuell
30935	intellektuellen
30936	intensiviert
30937	intensivmedizinischer
30938	interaktiver
30939	interdisziplinares
30941	interessantesten
30942	interessengerechte
30943	interessierst
30945	intergenerationale
30946	interkommunalen
30947	interkulturell
30948	international-vergleichende
30950	internistische
30951	interprofessionellen
30952	interreligiös
30953	interreligiöse
30954	intervenieren
30955	intimere
30956	intransparent
30957	intuitive
30958	invasiv
30959	investive
30960	invidiuelle
30961	irgend
30964	irgendwohin
30965	ironischem
30966	irreführenden
30967	is
30968	islamischen
30969	isoliert
30970	israelische
30971	it-sa
30972	itchy
30973	jagt
30975	jahreszeitlich
30976	jahrgangsübergreifenden
30977	jeck
30980	jedesmal
30981	jedwede
30982	jeglichem
30983	jenseits
30984	jetz
30985	jetzigen
30986	jeweil
30988	jordanischen
30989	jubelte
30990	jugendlicher
30994	juristischer
30995	jährlicher
30996	jüdischer
30997	jüngerer
30999	kW
31000	kabelloser
31001	kalendertäglichen
31003	kalten
31004	kandidieren
31005	kannten
31006	kanzerogene
31007	kapitalistische
31008	kapitalistischen
31009	kapitalistischer
31010	kaputtmachen
31012	kassiert
31013	katastrophalen
31014	kategorisierte
31016	katholischen
31017	kaubar-weiche
31018	kaufkräftige
31019	kaufkräftigen
31021	kausale
31026	keinesfalls
31027	ken
31028	kenianischen
31031	kinderpornographischen
31033	kinderreichen
31034	kindlichen
31035	kint
31036	kippen
31037	kirchengemeindliche
31038	klagt
31039	klappen
31040	klarem
31041	klaren
31042	klarer
31043	klargestellt
31044	klassisches
31045	kleinem
31046	kleineren
31047	kleinerer
31049	kleinschrittige
31051	klerikale
31052	klicksafe
31053	klimaaktive
31055	klimaneutrales
31056	klimatischen
31057	klingendes
31058	klingt
31059	klinischen
31060	klinischer
31061	klopfende
31062	klug
31063	klärt
31064	km
31066	knabe
31067	knetende
31068	kniffligen
31069	kniffliges
31070	knüpft
31072	kocht
31073	kognitiver
31074	kollaborative
31075	kollektive
31076	kollektiven
31077	kollidieren
31078	kollidiert
31079	komfortablen
31080	komfortabler
31081	komfortables
31083	kommentierte
31084	kommerziell
31085	kommme
31086	kommst
31088	kommunales
31089	kommunalpolitisch
31090	kommunalpolitische
31091	kommunizierte
31092	kompakter
31093	kompatibel
31094	kompatiblen
31095	kompensieren
31096	kompetenten
31097	kompetentes
31098	kompetenzwidrige
31099	kompetitiven
31100	kompletten
31101	kompletter
31102	komplizierte
31103	komplizierten
31104	komponiert
31105	komprimiert
31106	komprimierten
31107	kondensierenden
31108	konfessionell
31109	konfessionelle
31110	konfirmiert
31111	konform
31112	konfrontiert
31113	konjunktureller
31114	konkreter
31115	konkretes
31116	konkurrenzfähig
31117	konkurrierende
31118	konkurrierenden
31119	konsequente
31120	konservativen
31121	konserviert
31123	konstitu-
31124	konstituierenden
31125	konstitutiv
31126	konstruktive
31128	konstruktiver
31129	konsultieren
31130	konsultiert
31131	konsumiert
31132	kontext-optimierte
31133	kontiniuierlich
31134	kontinuierlichen
31135	kontrollierte
31136	kontrovers
31137	konventionellen
31138	konvertieren
31139	konzentrieren
31140	konzentrierten
31141	konzeptionelle
31142	kooperativ
31143	kooperative
31144	kooperierenden
31145	kopiere
31148	kostendeckend
31150	kostenfreiem
31151	kostenfreies
31152	kostengünstige
31153	kostengünstigen
31154	kostengünstigeren
31155	kostenpflichten
31156	kostenpflichtige
31157	kostenpflichtiger
31158	kostete
31159	kracherten
31161	krankenhausindividuelle
31162	krankenversichert
31163	kranker
31164	krankheitserregende
31166	krautige
31167	kreativen
31168	kreatives
31169	krebskrank
31170	krebskranken
31171	kreidezeitliche
31172	kreierte
31173	kreisangehörigen
31174	kreisförmiges
31175	kreuzen
31177	kriegt
31178	kriminalpolizeilichen
31179	kriselnder
31181	kritischer
31182	kritisieren
31183	kroatischen
31184	kryptographischer
31185	kryptographisches
31186	kräftezehrend
31187	kräftig
31188	kräftigt
31189	krümelt
31190	kulturhistorische
31191	kumulierten
31192	kundig
31194	kununu
31195	kupferfreie
31196	kupferhaltigen
31197	kupferminimierte
31198	kuratierten
31199	kurdische
31200	kuriose
31201	kurz-
31202	kurzerhand
31205	kurzfristigem
31206	kurzfristigen
31207	kurzwei-
31208	kurzzeitig
31212	käme
31213	kämpfe
31214	kämpften
31215	köcheln
31216	königlich
31217	köpfte
31219	körperlicher
31220	kühleren
31221	kühlstellen
31222	kühlt
31223	kühne
31224	künstlerisch
31225	künstlerisch-praktischen
31226	künstlerisch-wissenschaftliche
31227	künstlerischer
31228	künstlerisches
31229	künstlichen
31230	künstlicher
31231	kürzer
31232	kürzester
31235	lacht
31236	lagern
31237	landeseinheitliche
31238	landeseinheitlichen
31239	landesweiten
31240	landet
31241	landete
31242	landläufig
31243	landschaftlich
31244	landschaftsprägende
31246	landwirtschaftlicher
31250	langersehnte
31251	langerwartete
31252	langfristigen
31253	langgezogenen
31255	langwierig
31256	langwierigen
31257	lasch
31258	lastet
31259	lateinischen
31260	latent
31263	laufend
31264	laute
31265	lebe
31266	lebender
31267	lebendigem
31268	lebendiges
31269	lebensbedrohlich
31270	lebensbedrohliche
31271	lebensbejahend
31273	lebensmittelverarbeitende
31274	lebensphasenbewusste
31275	lebensrettende
31276	lebenswert
31277	lebenswerter
31279	lebenswichtige
31280	leberschützende
31281	lebst
31282	lecker
31283	leckeres
31286	legendär
31287	leger
31288	legitimiert
31289	legten
31290	lehnen
31291	lehramtsbezogenen
31293	lehrreiche
31294	lehrten
31296	leicht-
31297	leichten
31298	leichtfüssig
31299	leidenschaftlichen
31301	leistest
31302	leistungsfähig
31303	leistungsfähige
31304	leistungsfähiges
31305	leistungsstarke
31306	leistungsstarkes
31307	leitende
31308	leiteten
31309	lenkt
31310	lentiviraler
31311	lern-
31312	lernte
31313	lesbische
31314	letztens
31315	letztgenannte
31316	letztgenannten
31317	letztmalig
31318	leuchtenden
31319	leuchtet
31320	leugnen
31321	liberalen
31322	lichst
31323	lichtdurchflutetes
31324	lichtete
31325	liebender
31328	liebten
31329	liefen
31330	liegenden
31331	liest
31332	ließen
31333	lige
31334	liken
31336	liminalen
31337	limitierten
31338	lindernd
31339	linienbandkeramische
31346	literarischen
31347	literatursuchende
31348	litten
31349	loben
31350	lobt
31351	lockeren
31352	lockern
31354	logisch-analytisches
31355	logische
31357	logistische
31358	logopädische
31359	lohnen
31360	lokaler
31361	lokalisieren
31362	losgehen
31363	losgeht
31365	love
31366	lt
31367	lud
31368	luftige
31371	lybstes
31372	lymphatischen
31373	läd
31375	ländlicher
31376	längerfristig
31377	längerfristige
31378	längerfristigen
31380	lästigen
31381	löblich
31382	löchern
31383	löst
31386	mBTC
31387	mache
31390	make
31391	malaysischer
31393	malerischen
31394	managen
31395	mancherorts
31396	manches
31397	mandantenfähig
31398	mangelnder
31399	manipulieren
31400	manipuliert
31403	manueller
31404	manuelles
31405	maritimen
31407	markierte
31408	marktgerecht
31409	marktgetriebene
31410	marktseitige
31411	martini-Park
31412	maschinell
31413	massiv
31416	maternaler
31417	mathematische
31418	mathematischen
31421	maximaler
31422	maßen
31423	maßgebend
31424	maßgebenden
31425	maßgebliche
31426	maßgeschneidert
31427	maßnahmenkonformen
31428	mec
31429	mecklenburgischen
31431	medienblau
31432	medienethische
31433	medienpädagogische
31434	medienspezifisch
31435	medientheoretischen
31436	medikamentöse
31437	medizinisch
31438	medizinisch-technischen
31439	medizinischer
31440	medizinprodukterechtlicher
31441	medizintechnischen
31444	mehren
31445	mehrerer
31446	mehrheitlich
31447	mehrheitsfähig
31448	mehrjährigen
31449	mehrjähriger
31450	mehrmonatige
31451	mehrperspektivischen
31452	mehrsprachigen
31453	mehrstufige
31454	mehrstündiger
31455	mehrtägigen
31456	mehrwöchigen
31458	meistbesuchten
31459	melancholisch
31460	melde
31461	meldepflichtigen
31462	meldeten
31463	melodisch
31464	men
31465	menschenrechtsbasierten
31466	menschenverachtende
31467	menschliche
31468	menschliches
31469	menschzentrierter
31470	mentalen
31472	merke
31474	merkwürdig
31475	merkwürdiger
31476	messenden
31477	metallischen
31478	metamorph
31479	meteorologischer
31480	methodischem
31481	mexikanischen
31484	migrationsbedingte
31485	mikrobiologisch
31486	mikrobiologischer
31488	milde
31489	mildtätige
31490	millimetergenau
31491	millionenfach
31493	minder
31494	mindert
31495	minderwertige
31496	minimalistisches
31497	minimiert
31499	missbraucht
31504	mitarbeiten
31505	mitbeten
31506	mitbringt
31507	miteinbeziehen
31508	mitgebrachten
31509	mitgedacht
31510	mitgegeben
31511	mitgelieferten
31512	mitgemischt
31513	mitgerechnet
31514	mitgetragen
31515	mithalten
31516	mithelfen
31517	mitlesen
31518	mitmischen
31519	mitreißende
31520	mitreißenden
31522	mitspielen
31523	mitspielt
31524	mitteilt
31525	mitteilte
31526	mittel-
31527	mittelalterliche
31528	mittelbar
31529	mittelbare
31531	mitteleuropäische
31532	mittelgroßen
31533	mittelhessischen
31534	mittelständisches
31535	mittlerer
31536	mitumfassten
31538	mitzubringen
31539	mitzuhalten
31540	mitzukommen
31541	mitzuliefern
31542	mitzuteilen
31543	mitzuwirken
31544	ml
31545	mmHg
31546	mochten
31547	modellbasierte
31549	moderat
31550	moderierte
31551	moderierten
31552	moderierter
31554	modernem
31555	modernste
31556	modernsten
31557	modernster
31558	modernstes
31559	modifiziert
31560	modifizierte
31561	modischer
31562	modulare
31563	modulbegleitend
31564	molekularbiologische
31565	molekulare
31567	momentanen
31568	monatelangen
31569	moniert
31570	moralischer
31571	morbiditätsorientierten
31572	mordernen
31574	motivierte
31575	motorischen
31579	mtl
31580	mulmiges
31581	multifunktionelle
31582	multilaterale
31583	multimedial
31584	multimedialen
31585	multimediales
31586	multipliziert
31587	multiprofessionellen
31588	multiprofessionelles
31589	museale
31590	musealen
31591	musikkulturellen
31592	musizieren
31593	musiziert
31594	muskelbepackter
31595	muslimen-
31596	mutiert
31598	mutmaßlichen
31599	muß
31600	mußte
31602	myHEALTHcoach
31603	myWEIGHTcoach
31604	männliche
31605	märchenhafte
31607	möblierten
31608	möchtet
31609	mög-
31611	mündige
31612	mündigen
31613	mündiger
31614	müsstest
31618	nachbarlicher
31619	nachbauen
31620	nachdenklich-kritisch
31621	nachdrücklich
31622	nacheinander
31624	nachgedacht
31625	nachgefeiert
31626	nachgegangen
31627	nachgekommen
31628	nachgelagerte
31629	nachgelagerten
31630	nachgeordneten
31631	nachgereicht
31632	nachgewiesenen
31634	nachhaltigem
31635	nachhaltigere
31636	nachhaltiges
31638	nachlegen
31639	nachmachen
31640	nachprüfbar
31641	nachrangig
31643	nachspüren
31644	nachstehend
31645	nachtaktive
31646	nachträglichen
31648	nachweislich
31649	nachweist
31650	nachzubessern
31651	nachzufragen
31652	nachzulassen
31653	nachzuqualifizieren
31654	nachzuverfolgen
31655	nachzuweisen
31659	nahebringen
31660	naheliegend
31661	nahtlos
31662	nannte
31663	nanokleine
31664	naschen
31665	nassen
31666	nationalem
31667	nationalistische
31668	nationalsozialistischen
31669	naturkundlichen
31670	naturnaher
31671	naturräumlichen
31673	ne
31675	negativem
31676	nehme
31677	nehmt
31678	neiderschlagen
31679	neige
31680	neigen
31681	neigt
31682	nennenswerter
31683	neoklassische
31684	neoliberaler
31685	netten
31686	neuartige
31687	neuartiges
31688	neuerer
31689	neugegründete
31690	neugierigen
31691	neugierigsten
31693	neurologischen
31694	neusta
31695	neusta-Unternehmen
31696	neutrale
31697	neutralen
31698	neutralisierungsfreien
31699	nicer
31702	nicht-kommerziellen
31703	nicht-kommerzieller
31704	nicht-medizinischen
31705	nicht-operative
31706	nichtakademischen
31707	nichtdeutsche
31708	nichtkommerzielle
31709	nichtpsychologische
31710	nichtstaatlicher
31711	nichtwirtschaftliche
31712	nieder
31713	niederbayerische
31714	niederbayerischen
31715	niedergelassene
31716	niedergelassenen
31717	niedergeschrieben
31718	niederländischen
31719	niedersachsenweit
31720	niederschlagen
31721	niederschwelliges
31722	niederzulegen
31724	niedriger
31725	niedrigschwellig
31726	niedrigschwelligen
31727	niedrigsten
31728	niemandem
31730	nix
31731	nm
31732	nnen
31734	nolens
31735	nominieren
31736	nordbayern
31737	nordrhein-westfälischen
31738	nordwestlichen
31739	normaler
31740	normalgewichtige
31741	norwegischen
31742	notarielle
31744	notverkündet
31745	notwendigerweise
31746	notwendigsten
31747	novelliert
31748	nukleare
31750	nutzbarer
31751	nutzerautonome
31752	nutzerbezogene
31753	nutzerfreundlichere
31754	nutzerseitig
31755	nutzerspezifischen
31756	nutzte
31757	nutzungsoffene
31758	nächtlichen
31761	nähern
31762	nähert
31763	nährstoffreichen
31764	nährt
31765	nördlicher
31766	nördöstliche
31767	nüchternen
31768	nützen
31770	nützlichsten
31773	oberen
31774	oberflächlich
31775	oberste
31776	obersten
31777	oberstes
31778	obligatorisches
31779	obsolet
31780	offenbaren
31781	offenbart
31782	offener
31783	offenes
31784	offenkundigen
31785	offenporigen
31787	offensteht
31788	offizieller
31789	offizielles
31790	ogni
31793	ohnehin
31794	oho
31796	online-Friedensgebet
31797	online-Gebrauchtwarenbörse
31801	operationalisierte
31802	operative
31803	operativen
31804	optimierten
31805	optimistisch
31806	optionale
31807	optisch
31808	optische
31809	opulent
31810	opulente
31811	opulenten
31812	ordentlichen
31813	ordnete
31814	ordnungsgemäß
31815	ordnungsgemäßen
31816	ordnungsrechtliche
31817	organisatorischen
31818	organische
31819	orientiere
31820	orientierten
31821	orientiertes
31822	originelle
31823	originellste
31824	ortsansässige
31825	ortsbezogene
31826	ortsflexiblem
31827	ortsgebundene
31828	ortskundigen
31829	ortsnah
31830	ortsunabhängiges
31831	ortsübliche
31832	ortsüblichen
31833	osteuropäischen
31834	palliativen
31835	palästinensischen
31836	pandemiebedingt
31837	papierbasiert
31838	para
31839	parenterale
31840	parlamentarisch
31842	parteilich
31843	partiell
31845	passender
31846	passives
31847	passwortgeschützten
31848	pastorale
31849	patriarchale
31850	pauschaler
31851	pauschalierten
31852	pausieren
31853	pausierten
31854	paydirekt-App
31855	pectoris-Beschwerden
31856	peeters
31857	pendeln
31858	perfide
31859	performt
31860	perinealer
31861	peripherer
31862	permanent
31863	permanenten
31864	permeabel
31865	personalbearbeitenden
31866	personalisierte
31867	personell
31868	personelle
31869	personellen
31870	personelles
31872	personzentriert
31873	perspektivischer
31875	pfiffige
31877	pflanzlichen
31880	pflegenden
31881	pflegerischen
31882	pflegte
31883	pflichtgemäßem
31884	pflügt
31885	phantasievollen
31886	philosophieren
31888	philosophischer
31889	phonetischen
31890	phosphororganische
31891	physikalisch-chemischen
31892	physikalisch-chemischer
31894	physiotherapeutische
31895	plan-
31896	planst
31898	planungsrelevante
31899	plastischer
31900	plauert
31901	plädiert
31902	point
31903	pointierten
31904	polizeilichen
31905	populistischen
31907	portugiesische
31908	porös
31909	positioniert
31910	positivem
31911	positiver
31912	postkoloniale
31913	postulierte
31914	potentieller
31915	potenzialbasierten
31916	potenzieller
31917	pragmatisch
31918	pragmatische
31919	pragmatischen
31920	praktischsten
31921	praktizieren
31922	praktiziert
31923	prall
31924	prallen
31925	praxisbezogene
31926	praxisbezogenen
31927	praxisorientiert
31928	praxisrelevante
31929	preisgebundene
31930	preisgünstiges
31931	preisgünstigsten
31933	preiswerte
31934	prestigeträchtiges
31936	primäre
31937	primären
31939	prioritär
31940	privatrechtliche
31941	privatrechtliches
31943	problematisch
31944	problematische
31946	produktiven
31947	produktives
31949	produzierenden
31950	produzierte
31951	produzierten
31952	professionell
31953	professionellem
31954	professoralen
31955	profilbildende
31956	profilgebende
31957	prognostischer
31958	programmatischen
31960	programmiert
31961	programmreichen
31962	projektspezifischen
31963	prominent
31964	prominente
31965	prominentes
31966	prominenteste
31967	promoviert
31968	protekt
31969	protokolliert
31970	prunkvollen
31971	prächtigen
31973	prägende
31974	prämierte
31975	prämierten
31976	präsent
31977	präsentationsfertige
31978	präsentierten
31979	präventiven
31980	präzisen
31981	prüde
31982	pseudonyme
31984	psychologischen
31985	psychologischer
31986	psychosoziale
31987	psychosozialer
31988	publik
31989	publizieren
31990	pulsiert
31991	puncto
31992	punkt-
31993	punktete
31994	pure
31995	purzelten
31996	pushTAN-App
31997	pushTAN-Verfahren
31998	pyloruserhaltende
31999	pädagogischer
32001	quadratischen
32003	qualitätsvolles
32004	quantitativ
32005	quantitative
32006	quartären
32007	quatschen
32008	queren
32009	quälen
32012	rabattiert
32013	radeln
32014	radikale
32015	radioaktiven
32016	radioaktives
32017	raffiniertes
32018	ran
32019	rar
32020	rasante
32021	rasselnden
32022	rassistische
32023	ratifiziert
32028	reaktive
32029	realer
32030	realisierbar
32031	realistisch
32032	realistische
32033	realistischen
32034	realistischere
32035	realitätsnahen
32036	recherchierbar
32037	recherchieren
32038	recherchiert
32039	recherchierte
32040	rechnergestützten
32041	rechnerisch
32042	rechnet
32045	rechtliches
32046	rechtmäßige
32048	rechtsextremer
32049	rechtsextremistische
32050	rechtshändig
32051	rechtsmissbräuchlich
32052	rechtspopulistischen
32053	rechtssichere
32054	rechtssicheren
32055	rechtswidriger
32056	rechtswiedrige
32057	rechtzeitigen
32058	rechtzeitiges
32059	recycelten
32060	redaktionelle
32061	reduzierter
32062	referieren
32063	reflektierte
32064	reformatorische
32066	reformierten
32067	reformpädagogischen
32068	rege
32069	regelhaft
32071	regenerativer
32072	regieren
32073	regiert
32074	regionenspezifisch
32075	regt
32076	regulieren
32077	reguläre
32078	reguläres
32079	rehabilitative
32080	reibungslos
32081	reibungslose
32082	reibungslosen
32083	reiche
32084	reichhaltiges
32085	reichlich
32086	reichlicher
32088	reinschnuppern
32089	reinzuschnuppern
32090	reisemedizinischen
32092	reiste
32093	reiten
32094	reizvolle
32095	reizvollen
32096	reklamieren
32097	rekonstruieren
32098	rekonstruiert
32099	rekrutieren
32100	relativen
32101	release
32102	releasing
32103	relevanter
32104	relevantes
32105	religionsmündig
32106	religionspädagogische
32107	religiösen
32108	renommierter
32109	renoviert
32110	renovierten
32112	repressive
32113	repräsentativer
32114	reserviert
32115	respektabler
32116	respektieren
32118	responsiven
32119	ressourcen-
32120	restaurierte
32121	resümiert
32122	rettet
32123	rezertifiziert
32124	rezitieren
32125	rezitierenden
32126	rheinlandweit
32127	rhythmen
32128	richtungsweisend
32130	rief
32131	riesig
32132	riesiges
32133	rigoros
32135	risikofreie
32136	risikolos
32137	riskieren
32138	robusten
32139	rohstoffgeologischen
32140	rollt
32141	romantische
32142	rosa
32143	rosig
32145	roter
32147	rotieren
32148	routinemäßig
32149	rp-stellenmarkt
32150	ruckzuck
32152	rufe
32153	ruhelos
32155	ruhige
32156	ruhiges
32158	rundete
32160	rustikal
32161	rätselhaften
32162	räum-
32163	räumlichen
32164	römischen
32166	rückgemeldet
32167	rückständige
32168	rückte
32169	rückwirkend
32170	rückzahlbaren
32171	rührt
32172	rüsten
32176	sabotieren
32177	sachbezogene
32178	sachgerecht
32179	sachliche
32180	sachlichen
32181	safe
32182	sage
32183	sah
32184	sahen
32185	saisonalen
32186	sammele
32187	sammelt
32188	sammelten
32189	sandigen
32190	sanftes
32191	sanieren
32192	sanitäre
32193	sanktioniert
32194	satirischen
32195	satt
32196	sattelfeste
32197	sattgrüne
32199	satzungsgemäßen
32201	sauren
32202	scannt
32205	schadstoffarm
32206	schaffe
32207	schafften
32208	schaltete
32210	scharfe
32211	scharfer
32213	scheinbarer
32216	scheiterte
32217	scheiße
32218	schematische
32219	schick
32220	schicke
32221	schickt
32222	schickte
32223	schiebt
32224	schied
32225	schiedenen
32227	schiefgehen
32228	schier
32229	schießt
32230	schildert
32231	schizophren
32232	schlanker
32233	schlaue
32234	schlechten
32235	schlechter
32236	schlechtere
32237	schlechthin
32238	schlemmen
32239	schlichten
32240	schlimmsten
32242	schlug
32243	schlurren
32244	schlussendlich
32245	schläfert
32246	schlüpfen
32247	schlüsselfertigen
32248	schmale
32249	schmalen
32250	schmaler
32252	schmeckt
32253	schmerzhafte
32254	schmiedet
32255	schmiedeten
32256	schmilzt
32258	schnellere
32259	schnelllebigen
32260	schnellstmöglich
32261	schnittiger
32262	schnuppern
32263	schnörkellosem
32264	schnürte
32265	schob
32266	schont
32267	schreibe
32268	schreiten
32269	schrie
32270	schrittweise
32271	schränken
32272	schufen
32274	schulartunabhängige
32275	schuldhaft
32277	schulinternen
32278	schullogin
32279	schulnah
32280	schulpflichtige
32281	schutzbedürftiger
32282	schutzberechtigten
32283	schutzwürdige
32284	schutzwürdigen
32288	schwankenden
32293	schweißen
32297	schwerem
32298	schwerfälliger
32299	schwerhörigen
32300	schwerpunktmäßig
32301	schwerst
32302	schwerwiegenden
32303	schwerwiegender
32304	schwerwiegenderen
32306	schwierigeren
32307	schwieriges
32308	schwierigsten
32310	schwimmend
32311	schwingt
32312	schädliche
32313	schädlicher
32314	schärfen
32316	schätzt
32318	schöner
32319	schönes
32320	schöpfen
32321	schüttelte
32322	sciebo-
32323	scobel
32325	search
32326	sechsstufigen
32328	seelenruhig
32329	seelische
32330	seelischer
32333	sehnen
32334	seht
32335	seidenen
32336	seismisch
32337	seitenlangen
32338	seitlich
32340	sektorenübergreifenden
32341	selbst-organisierende
32342	selbstbestimmt
32343	selbsternannte
32344	selbstgebrautes
32346	selbstgestellten
32347	selbstverständliche
32348	selbstverständlichen
32349	selbstverständlicher
32350	selbständigen
32351	selektivem
32352	selektiven
32353	selige
32354	seltener
32355	sendet
32356	seniorengerechte
32357	senken
32358	senkte
32359	sensibel
32360	sensibilisieren
32361	sensorischen
32362	separater
32363	seriöse
32365	setze
32366	sexistisch
32367	sexualisierte
32368	sexualisierter
32369	shoppe
32370	shoppt
32372	sicherheitsgerechter
32373	sicherheitspolitischen
32374	sicherstellt
32376	sichtbare
32377	sichten
32379	siebzehnten
32380	siedelten
32381	siegte
32382	signalisierte
32383	signiert
32384	signifikant
32385	signifikante
32386	silberfische
32387	singt
32388	sinkendem
32389	sinkender
32390	sinnlos
32391	situations-
32393	skalierbar
32394	skalierbaren
32395	skandalisierte
32396	skandinavisch
32397	skizzieren
32398	smac
32399	smarte
32400	smsTAN
32405	sofortige
32406	sofortigen
32407	soft
32408	sogenanntes
32409	solidarischen
32410	solide
32411	solides
32412	solle
32413	solubilis
32415	somatischer
32416	sonder
32417	sonderlich
32418	sonderpädagogischem
32419	sonnenexponiert
32420	sonntäglichen
32422	sonstiger
32423	sorbischen
32424	sorgfältig
32425	sorgfältige
32426	sorgsam
32427	sorgte
32428	sorry
32429	sortentypisches
32430	sortiert
32433	sozial-diakonischen
32434	sozialarbeiterische
32435	sozialpolitische
32436	sozialpädagogischen
32437	sozialrehabilitative
32438	sozialversicherungs-
32439	sozialversicherungsfrei
32440	sozialversicherungspflichtig
32441	sozio-kulturelle
32442	soziokulturellen
32443	soziologischer
32444	spanische
32445	spanischen
32446	spannendsten
32448	sparsamen
32451	spektakulären
32452	spendiert
32453	sperrige
32454	sperriger
32455	spezialisierte
32456	speziellem
32457	spezieller
32458	spezielles
32460	spiegelbildliches
32461	spiegelte
32463	spielend
32464	spielerisch-ironischen
32465	spielerisches
32466	spielpädagogische
32467	spielten
32468	spontane
32469	spontaner
32470	spornte
32471	sport-spezifisch
32472	sportcollection
32473	sportlich-coole
32474	sportpsychologischem
32475	sprachliche
32476	spreche
32477	springenden
32478	springt
32479	sprinten
32480	spritzwassergeschütztes
32481	spä-
32482	späten
32483	spätgotische
32484	spätromantische
32485	spült
32486	spürbar
32487	spürbaren
32488	spürst
32489	spürt
32490	staatlicher
32491	stabileren
32492	stabilisieren
32493	stabilisiert
32494	stammenden
32495	stammten
32496	standardisieren
32497	standardmäßig
32498	standhalten
32499	standortrelevanten
32500	starben
32501	startenZur
32502	statisch
32504	stattfindendes
32505	stattgefunden
32506	stattliche
32507	stauen
32508	staunen
32509	steifes
32510	steige
32511	steigendem
32512	steigender
32513	steilen
32514	stell
32516	stellvertretend
32518	sterbenden
32519	sterile
32520	sterilisiert
32521	steuerbare
32522	steuerfrei
32523	steuerten
32525	stickig
32526	stilistischem
32529	stillenden
32530	stimmungsvollen
32531	stin
32532	stirbt
32533	stirnrunzelnd
32534	stockender
32535	stoffliche
32536	stolpert
32537	stoppt
32539	stoße
32540	straff
32541	straffällig
32542	strafrechtlich
32543	strafverfolgt
32544	strahlend
32545	strahlt
32546	strahlte
32547	strahlungsärmsten
32548	strategischen
32549	streamen
32550	strebt
32552	strecken
32554	streichende
32555	streift
32556	streng
32557	strengere
32558	strengreligiöse
32559	stressig
32560	streunenden
32561	strikter
32562	strittig
32563	strittigen
32564	stromab
32565	stromauf
32566	strukturelle
32567	strukturiert
32568	strukturierter
32569	strukturschwache
32570	strömendem
32571	studienrelevante
32572	studienrelevanter
32573	studierten
32574	studsek
32575	stufenlos
32576	stufenweise
32577	stummstellen
32578	stumpf
32579	stund
32580	sturmerprobter
32581	städtebauliche
32582	städtebaulichen
32583	städtebauliches
32584	städtische
32585	städtisches
32586	stärkere
32587	stärkste
32588	stürzt
32590	subkulturelle
32591	subsidiär
32592	substanzerhaltende
32593	suchenServicetechniker
32594	suchenden
32595	suchtbelasteter
32596	suchte
32597	suchten
32599	suizid
32600	sukzessive
32601	sulfuris
32602	summatives
32603	summierbare
32604	summieren
32605	sungsrechtlichen
32606	superior
32607	supplementiert
32608	surft
32609	symbolisch
32610	symbolischen
32611	symmetrische
32612	symptomatischer
32613	synchrone
32614	synchroner
32615	synchronisierten
32616	synergetisch
32617	synergetische
32618	synthetische
32619	synthetischen
32620	systemakkreditiert
32621	systematisch
32622	systembedingt
32623	systemischer
32624	systemrelevant
32625	systemrelevanter
32626	sz-ticketservice
32627	sächsisch-polnischen
32629	sämtlichen
32630	särken
32631	säugt
32633	südliche
32634	süßen
32635	süßes
32637	t-Wahrheit
32638	tabellarischen
32639	tabellierten
32640	tagaktive
32642	tagesaktuellen
32644	tageweise
32646	tagtäglich
32647	taktiler
32648	tariflichen
32649	tarifrechtlichen
32650	tarifvertraglich
32652	tatenlos
32653	tauben
32654	tauchten
32655	taugen
32656	tauschen
32657	tauschten
32660	tausenden
32661	te
32662	teamorientierte
32663	technisches
32664	technologieneutral
32665	technologieorientierte
32666	technologischen
32667	technologisches
32668	technotrans
32670	teilhabenden
32671	teilte
32672	telefoniert
32673	telefonischer
32675	temporär
32676	temporäre
32677	teren
32679	termingerechte
32680	terrestrischem
32681	territoriale
32682	terroristischen
32683	tertiärer
32684	testamentarischen
32685	testete
32686	teuflischen
32687	teure
32688	teureren
32689	teures
32690	textile
32691	textilen
32692	than
32693	thematisieren
32694	thematisierte
32695	theologische
32696	theologischem
32698	therapeutischen
32699	thermischen
32700	thermodynamischen
32701	thront
32702	tiefsitzenden
32703	tiefsten
32704	tiergerechte
32705	tierheilkundlich
32706	tierisch
32707	tiermedizinischen
32708	tierärztlicher
32709	tige
32710	tippt
32711	tippte
32712	tives
32714	tokyoterisches
32715	tolerabel
32716	tolerante
32717	tolerantes
32718	tolles
32720	top-aktuell
32721	topinformierter
32722	topographische
32723	toppen
32724	tosenden
32725	totgeschlagen
32726	touchiert
32727	touristische
32728	touristischen
32729	traditionelles
32730	traditionsreichen
32731	trafen
32732	tragbarer
32733	trage
32734	tragfähigen
32735	trainierten
32736	transfemoralem
32737	transferieren
32738	transident
32739	transnationalen
32740	transparenter
32741	transportiert
32742	transzendenten
32743	treiben
32745	triumphiert
32746	triumphierte
32748	trockenen
32749	trockne
32750	tropischen
32751	trug
32752	trugen
32753	träge
32755	tschechische
32756	tschechischen
32757	tung
32758	turnt
32759	turnusgemäß
32762	typisch-emiratisches
32763	typischer
32765	tätigkeitsbedingt
32766	tödlich
32767	tödlichen
32768	tötete
32769	töteten
32770	tüchtig
32774	ultraeffiziente
32777	umeinander
32778	umfangreicher
32779	umfangreiches
32781	umfänglich
32782	umfänglichen
32783	umgangen
32784	umgangssprachlich
32785	umgebaute
32786	umgebende
32787	umgedreht
32788	umgegangen
32789	umgehende
32790	umgehender
32791	umgeht
32792	umgekehrte
32793	umgemeldet
32794	umgerüstet
32795	umgestellt
32796	umgestellten
32797	umgestiegen
32798	umgewandelt
32799	umgezogen
32800	umhüllen
32801	umkämpft
32802	umlenken
32803	umliegenden
32804	ummelden
32805	umrahmten
32806	umrühren
32808	umsatzsteuerrechtlichen
32809	umschlossen
32810	umschrieben
32811	umsetzbare
32812	umsetzbaren
32813	umsetzungsorientierter
32814	umstoßen
32815	umstrittenen
32817	umweltfreundliche
32818	umweltfreundlichen
32819	umweltgerechten
32820	umweltpädagogischen
32821	umweltschonend
32822	umweltschädlich
32823	umweltschädliche
32824	umweltverträgliche
32825	umzubauen
32826	umzuformulieren
32827	umzugestalten
32828	umzunutzen
32829	umzurechnen
32830	unabhängige
32832	unangemessene
32833	unangenehme
32834	unansehnlich
32835	unaone
32836	unbeaufsichtigt
32837	unbedeutende
32838	unbefristet
32839	unbefristete
32840	unbefristeten
32841	unbehandelt
32842	unbekannten
32844	unbemannten
32845	unbemerkt
32846	unberechtigtem
32847	unbesetzt
32848	unbewusst
32850	unbezahlt
32851	unbrauchbar
32852	unbändige
32853	uneindeutig
32854	uneingeschränkte
32855	uneins
32856	unempfindlich
32857	unentgeltlich
32858	unerklärlich
32859	unersetzlichen
32860	unerwartet
32861	unerwartete
32862	unerwartetes
32863	unfreiwillig
32864	unfruchtbare
32865	ungeborenen
32866	ungeheuren
32867	ungehindert
32868	ungehinderte
32869	ungeklärt
32870	ungekürzte
32871	ungepackt
32872	ungerecht
32873	ungeschlagen
32874	ungeschlagene
32875	ungesetzlichen
32876	ungestörte
32877	ungetrübten
32878	ungewohnte
32879	ungewohnten
32880	ungewollte
32881	ungewöhnlich
32882	ungewöhnlichsten
32883	ungezählte
32884	ungiftiges
32885	ungleich
32886	ungültig
32887	unheilbar
32888	unheimliche
32889	universell
32890	universitären
32891	uniweite
32892	unklare
32893	unkomplizierter
32894	unkorrekten
32895	unmerklich
32897	unnötige
32898	unnötigen
32899	unnötiger
32900	unparteiische
32901	unpasteurisierter
32902	unproblematisch
32903	unregelmäßig
32904	unregelmäßige
32905	unruhig
32906	unseemännisch
32907	unsichtbar
32908	untenstehenden
32909	unter-
32910	unterbleiben
32911	unterbrechen
32912	unterbreiten
32913	unterbringe
32914	unterbrochenen
32915	untere
32916	unteren
32917	unterentwickelten
32918	unterfahrbarem
32919	unterfränkische
32920	unterhalb
32924	unterlassen
32925	untermalt
32926	untermauert
32927	unternehmensbezogene
32928	unternehmerisches
32929	unternimmt
32930	unterrichtete
32931	unterrichtliche
32932	unterrichtsbegleitend
32933	unterrichtspraktische
32934	unterschiedlichste
32935	unterschiedlichster
32936	unterschrieben
32937	unterschriebenen
32938	unterschätzende
32939	unterstellen
32940	unterstellt
32941	unterstellter
32942	unterstreichen
32943	unterstrich
32944	unterstrichen
32947	unterstützend
32948	untersuchenden
32949	untersuchte
32950	untertägigen
32951	unterwerfen
32952	unterwiesen
32953	unterwissenschaftlichen
32954	unterworfen
32955	unterzeichnet
32956	unterziehen
32957	unverantwortbare
32958	unverbindliche
32959	unverbindliches
32960	unverbrüchlich
32961	unvergessliches
32962	unvergleichlich
32963	unvergleichliche
32964	unvergleichliches
32965	unverhältnismäßig
32966	unverständlich
32967	unverzichtbaren
32968	unverzichtbarer
32969	unvollständige
32970	unvorhersehbaren
32971	unweit
32972	unwichtige
32973	unwirksam
32974	unwirtschaftlicher
32975	unzulässige
32976	unzureichende
32977	unzureichenden
32978	unübliche
32979	up
32980	upgeloaded
32981	urbanes
32982	urheberrechtlich
32983	urtümlicher
32984	urwüchsige
32985	usw
32986	utilitaristische
32989	validieren
32991	variables
32992	variszischen
32994	vehement
32995	venezianische
32996	ver-
32997	verabredet
32998	verabredeten
32999	verabschiedeten
33000	verallgemeinern
33001	veraltete
33002	veranlasst
33003	veranschlagen
33004	verantwortest
33005	verantwortet
33006	verantwortete
33007	verantwortliches
33008	verauslagte
33009	verbalen
33011	verbannen
33012	verbaut
33013	verbessertem
33014	verbessertes
33016	verbiegen
33017	verbindliche
33018	verbindlicher
33019	verbindliches
33020	verbleiben
33021	verbleibende
33022	verbliebenen
33023	verbreitetsten
33024	verbringe
33025	verbuchen
33026	verdankt
33027	verdauen
33028	verderbnisverursachende
33029	verderbstypischen
33031	verdeutlichte
33032	verdiente
33033	verdoppeln
33034	verdorben
33035	verdränge
33036	verdächtig
33037	vereidigten
33039	vereinfachten
33040	vereinfachtes
33041	vereinsrechtlichen
33043	vereintes
33044	verendeten
33045	vererbt
33047	verfas-
33049	verfassten
33050	verfassungsfeindlichen
33051	verfehlt
33052	verfolge
33054	verfügbarer
33055	verfügbares
33057	verfügst
33058	verfüllt
33059	vergangagen
33060	vergangen
33061	vergangenes
33062	vergebenen
33063	vergeblich
33064	vergessenen
33066	vergleichbaren
33067	vergleichbarer
33068	vergleicht
33069	verglichen
33070	vergriffen
33072	vergrößert
33073	vergünstigtes
33075	verhaltens-
33076	verhandelbar
33077	verhandelt
33078	verhandlungssicher
33079	verheerendes
33080	verhelfen
33081	verhilft
33082	verhält
33083	verhältnismäßige
33084	verhängnisvolle
33085	verkehren
33086	verkehrsgünstige
33087	verkehrsideologische
33089	verkleistert
33090	verkörpert
33092	verkürzenden
33093	verlagern
33094	verlagert
33095	verlange
33096	verlangsame
33097	verlaufen
33098	verleihen
33099	verletzend
33100	verletzte
33101	verlief
33102	verliere
33103	verlor
33105	verlorene
33106	verlost
33107	vermeidest
33108	vermeintlichen
33109	vermerkst
33110	vermerkt
33111	vermietbare
33113	vermietet
33114	vermieteten
33115	vermindern
33116	vermindert
33117	verminderter
33119	vermitet
33120	vermittelten
33121	vermögensabhängig
33122	vernehmenden
33123	vernetzte
33124	vernichtet
33125	vernichteten
33127	verortet
33128	verprügelt
33129	verrechnet
33130	verriet
33131	verringerte
33132	verrückte
33133	versa
33134	versagt
33135	versammelt
33136	versammelten
33137	versandkostenfrei
33138	versandt
33139	verschenken
33140	verschickt
33142	verschied
33143	verschiedenster
33144	verschlechtert
33145	verschließe
33146	verschlimmerten
33147	verschlossener
33149	verschmitzter
33150	verschoben
33151	verschont
33153	verschuldete
33155	verschwindend
33156	verschärfen
33157	verschärfter
33158	verschüttete
33159	versehene
33160	versendenden
33161	versendet
33162	versetze
33163	versicherungspflichtig
33164	versierte
33165	versorgten
33166	verspannter
33167	verspiegelte
33168	verspieltere
33169	versprachen
33170	verspüren
33172	verstandener
33173	versteckte
33174	verstellbar
33175	verstellen
33176	verstellt
33177	verstetigt
33178	verstoßen
33179	verständigen
33180	verständliches
33181	verstärkte
33182	verstärktes
33183	versus
33184	vertauscht
33185	verteilten
33186	verteilungspolitische
33187	vertiefter
33188	vertraglich
33189	vertragsübergreifenden
33190	vertrat
33191	vertrauenswürdig
33192	vertraulich
33193	verunreinigtes
33194	verursachtes
33195	vervollständigen
33196	verw
33197	verwalteten
33198	verwaltungsintensiv
33199	verwandelst
33200	verwandeltem
33202	verweigert
33203	verweigerten
33205	verweissensitive
33206	verweist
33207	verwelkten
33208	verwertenden
33209	verwertet
33210	verwirren
33211	verwirrendsten
33212	verwirrt
33213	verwittern
33214	verwurzelten
33215	verwöhnen
33216	verzahnen
33217	verzeichnet
33218	verzeichnete
33219	verziehen
33220	verzinsen
33221	verzogene
33222	verzögern
33223	verändernden
33224	verödeten
33225	veröffentlichter
33228	vida
33230	viel-
33231	vielerorts
33232	vielfältiger
33233	vielfältigste
33234	vielleichte
33235	vielschichtig
33236	vielschichtigen
33237	vielschichtiges
33238	vielseitige
33239	vielseitiges
33240	vielversprechender
33242	vierjähriger
33244	viermonatiges
33246	viertes
33247	viertgrößten
33249	vigeliensch
33251	virtueller
33252	virtuose
33253	visualisieren
33254	volatil
33255	volens
33256	volkswirtschaftlichen
33258	vollbracht
33259	vollem
33260	vollendet
33261	volles
33263	vollstationären
33264	vollständiger
33265	vollumfänglich
33273	von-
33278	vorangehen
33279	voranging
33280	vorankommen
33281	voranschreitende
33282	voranstellen
33283	voranzubringen
33284	voranzutreiben
33285	vorausgesetzt
33286	voraussagt
33287	vorausschauend
33288	vorausschauender
33289	voraussehbar
33290	vorbeibewegt
33291	vorbeifahren
33292	vorbereitende
33293	vorbestellter
33294	vorbeugen
33295	vorbildlich
33296	vorbildlicher
33297	vorderen
33298	vorfinden
33299	vorgegangen
33300	vorgegebene
33302	vorgekommen
33303	vorgelagerten
33304	vorgelassen
33305	vorgelegten
33306	vorgelesen
33307	vorgeschlagen
33308	vorgeschlagenen
33309	vorgeschriebenen
33310	vorgesehenem
33311	vorgetragen
33312	vorgetäuschter
33313	vorhergehende
33314	vorherigen
33315	vorheriger
33316	vorherrschende
33318	vorlesungsfreie
33319	vorletzte
33320	vorm
33322	vornahm
33323	vornehmen
33324	vornimmt
33325	vorrangiges
33326	vorrendert
33327	vorschwebt
33328	vorsehe
33330	vorsichtigen
33331	vorstehend
33332	vorstehenden
33333	vorstellten
33334	vorstrukturierte
33335	vorsätzlich
33336	vorteilhaft
33337	vortrefflich
33338	vorwiegend
33340	vorzubeugen
33341	vorzubringen
33342	vorzuführen
33343	vorzugehen
33344	vorzulesen
33345	vorzunehmen
33346	vorübergehende
33347	vorübergehenden
33348	votiert
33350	vuelta
33351	vulkanischen
33352	vulkanisches
33353	völliger
33355	waagerecht
33356	wachsendes
33357	wachst
33358	wacht
33359	wahlberechtigte
33360	wahnhafte
33361	wahnsinnig
33362	wahrnehmen
33363	waldbauliches
33364	wandeln
33365	wandelnde
33366	wandert
33367	wanderten
33368	warf
33369	warfen
33372	warnt
33374	wartete
33375	waschechte
33377	wassersparend
33378	wasserwirtschaftlichen
33380	webKita
33381	webalizer
33382	wechselnd
33383	wechselnde
33384	wechselnden
33385	wechselnder
33387	wedeln
33388	weekli
33390	wegfischen
33391	wegschalten
33392	wegschauen
33393	wegzudenken
33395	wehen
33396	wehren
33397	wehrte
33398	weiblichen
33399	weiche
33400	weicher
33401	weicheres
33402	weiches
33403	weigerte
33404	weihen
33407	weisst
33410	weitem
33411	weiten
33412	weiterarbeiten
33413	weiterbestehen
33414	weitererzählen
33415	weiterfahren
33416	weitergebildeten
33417	weitergeführt
33419	weiterkamen
33420	weiterleitet
33421	weiterqualifizieren
33422	weitervergeben
33423	weiterzureichen
33424	weiterzuverkaufen
33425	weitet
33426	weitgefächerten
33427	weitläufigen
33428	weitreichende
33429	weitreichender
33431	weißes
33432	weltanschaulich
33433	weltbekannter
33434	weltoffen
33435	weltoffenes
33436	weltweite
33437	wem
33438	wendete
33440	wenigsten
33441	wenngleich
33442	wenns
33443	werberechtlichen
33444	werbewirksam
33445	werbliche
33446	werdenden
33447	werfe
33449	werteorientierte
33450	wertschätzender
33451	wesentliches
33452	westliche
33453	weswegen
33454	wettbewerblichen
33455	wettbewerbsfähig
33456	wettbewerbsfähigen
33457	wetterunabhängigen
33458	wich-
33459	wichtigere
33460	wichtigeren
33461	wichtigster
33462	wider
33464	widerrufenen
33465	widerruflich
33466	widerruflichen
33467	widersinnig
33468	widerspreche
33470	widerspruchslose
33471	widmeten
33475	wiedererrichteten
33476	wiedererweckten
33477	wiederfindet
33478	wiedergegeben
33479	wiedergutgeschrieben
33480	wiederherzustellen
33482	wiederholte
33483	wiederholtes
33485	wiederverwendbare
33486	wiederzugeben
33488	wieweit
33489	wilden
33491	willenloser
33492	willensabhängige
33493	willigen
33494	willigt
33496	winzigen
33497	wirbt
33498	wirft
33499	wirkende
33500	wirksamer
33501	wirkte
33502	wirkungsvollen
33503	wirtschaft-digital-bw
33504	wirtschafteten
33507	wissenschafltichen
33508	with
33509	wochenlang
33510	wohlfühle
33511	wohlfühlt
33512	wohnhaft
33513	wohnortnaher
33517	wollten
33518	wonach
33519	worum
33520	worüber
33521	wovon
33522	wuchsförderung
33524	wunderbaren
33525	wundervolles
33543	wähle
33544	wälzt
33545	wär
33546	wöchentlicher
33547	wörtlich
33549	wünschenswert
33550	wünscht
33552	würdevollen
33553	würdevoller
33554	würdig
33555	würdiges
33556	würdigt
33557	würdigte
33558	wüsste
33559	y-Achse
33560	youngcaritas-Organisationen
33561	youtu
33563	zahlreicher
33564	zahnmedizinischen
33565	zammgrauft
33566	zapfst
33567	zauberhafte
33568	zauberhaften
33570	zeilenweise
33571	zeitgebundene
33572	zeitgemäßen
33573	zeitgemäßer
33574	zeitgleich
33575	zeitintensiv
33576	zeitliches
33577	zeitloser
33578	zeitraumfremde
33579	zentrumsnahe
33580	zerbrachen
33581	zerbrechen
33582	zerrt
33583	zerstoßen
33584	zerstörerisch
33585	zerstört
33586	zerstörte
33587	zerstörten
33588	zertifizierte
33589	zieh
33590	ziehe
33591	ziehenden
33592	ziehst
33594	zielführend
33595	zielgerichteter
33596	zielgerichtetes
33597	zielt
33598	zig
33599	zinnorganische
33600	zischt
33601	zitiere
33602	zitierten
33603	zivilgesellschaftlicher
33604	zogen
33605	zolle
33611	zu-
33613	zubereiteten
33614	zufriedene
33615	zufällige
33616	zufügen
33617	zuführt
33618	zugeben
33619	zugehörig
33620	zugehörige
33621	zugehörigen
33622	zugelassenen
33623	zugemutet
33624	zugesandt
33625	zugeschlagen
33626	zugeschrieben
33627	zugesetzter
33628	zugespielt
33629	zugestellt
33630	zugeteilten
33631	zugetraut
33632	zugewiesen
33633	zugreift
33634	zugriffsberechtigte
33635	zugrunde
33636	zugunsten
33637	zugutekomme
33638	zugutekommt
33639	zugängliche
33640	zugänglichen
33641	zugänglicher
33642	zukommt
33644	zukunftsorientierte
33645	zukunftssicheren
33646	zukunftsweisende
33647	zukunftsweisenden
33648	zulässige
33649	zulässt
33654	zunutze
33655	zupfastern
33658	zurechtzufinden
33659	zurückbringt
33660	zurückerhalten
33661	zurückführen
33662	zurückgeben
33663	zurückgefahren
33665	zurückgekommen
33666	zurückgerufen
33667	zurückgesandt
33668	zurückgesendet
33669	zurückgesetzt
33670	zurückgezogen
33671	zurückgezogenen
33672	zurückgreifen
33673	zurückhalten
33674	zurückhält
33675	zurückkehren
33676	zurücklassen
33677	zurücklegen
33678	zurückliegende
33679	zurückmelden
33680	zurückschicken
33681	zurücksenden
33682	zurückspringen
33683	zurückzuführen
33684	zurückzugreifen
33685	zurückzutreten
33686	zurückzuzahlen
33687	zusammenfassender
33688	zusammengebrochen
33689	zusammengefassten
33690	zusammengeführt
33691	zusammengerechnet
33692	zusammengeschaltet
33693	zusammengeschlossen
33694	zusammenhängenden
33695	zusammenhängendes
33696	zusammenschrauben
33697	zusammentritt
33698	zusammenzubringen
33699	zusammenzuhalten
33700	zusatzversorgungsfreies
33701	zuschauen
33702	zuschicken
33703	zusehends
33704	zusenden
33706	zustimmenden
33707	zustän-digen
33708	zuständiger
33709	zustößt
33710	zuteilungsreif
33711	zuteilwerden
33712	zutreffen
33713	zutreffend
33714	zutreffende
33715	zutreffender
33716	zuzufügen
33717	zuzuführen
33718	zuzugreifen
33719	zuzuhören
33720	zuzuladenen
33721	zuzuordnen
33722	zuzusenden
33723	zuzüglich
33724	zwangsläufig
33725	zwangsweise
33727	zweckgebunden
33728	zweckloser
33729	zweckmäßig
33730	zwecks
33731	zweckungebundenen
33734	zwei-
33736	zweier
33737	zweifacher
33738	zweifelhaft
33739	zweifellos
33740	zweifelsfrei
33741	zweifelten
33742	zweijährigen
33743	zweistufiges
33744	zweitgrößte
33745	zweitägige
33746	zweiwöchigen
33747	zweizähnige
33748	zwingende
33750	zwischengespeichert
33751	zwischenmenschliche
33752	zwischenmenschlichen
33753	zählte
33754	zählten
33755	zähneknirschend
33756	zögerlich
33757	zügig
33758	Äcker
33761	Älterwerden
33762	Ändere-Dein-Passwort-Tag
33763	Änderungsanträge
33764	Änderungsrate
33765	Änderungswünsche
33766	Ängste
33767	Äpfeln
33769	Ärmsten
33771	Ärzten
33774	Ästhetik
33775	Äthiopien
33776	Äthiopiens
33777	Äußere
33778	Äußerungen
33780	Ö-App
33783	Öffnungs-
33784	Öffnungsmöglichkeiten
33785	Öffnungsschritten
33786	Öko-Tex
33787	Ökobetrieb
33788	Ökobilanz
33789	Ökolandbau
33790	Ökonomie
33791	Ökostromlieferung
33793	Ölverschmutzungen
33794	Örtchen
33796	Özil
33798	Über-
33800	Überbeanspruchung
33801	Überblickseiten
33802	Überdachung
33803	Überdies
33804	Überdrehen
33805	Übereinkommen
33806	Überfinanzierung
33807	Überflutungen
33808	Überformen
33809	Übergangsgewässer
33810	Übergangsphase
33812	Übergießen
33813	Übergrößen
33814	Überhitzungsschutz
33815	Überholspur
33816	Überhänge
33817	Überlagerungsfälle
33818	Überlandreisen
33819	Überlastung
33821	Überlebenschancen
33823	Überleitsystem
33824	Übermittlung
33825	Übernachtungen
33826	Übernachtungsleistungen
33827	Übernahme
33830	Überraschungsei
33831	Überraschungsgeschenk
33832	Überresten
33833	Überschrift
33834	Überschuss
33836	Übersetzt
33837	Übersteigt
33838	Überstimulationssyndrom
33840	Übertragungen
33841	Übertragungs-Verfahren
33842	Übertragungsgeschwindigkeit
33843	Übertragungsrate
33844	Übertragungstechnologie
33845	Übertragungsvarianten
33846	Übertritt
33847	Überträgt
33848	Überwachungen
33849	Überwindung
33850	Überzeugungen
33852	Übringens
33853	Übungsbetrieb
33854	Übungsleitende
33855	Übungsleiter
33856	Übungsmöglichkeiten
33857	Übungsunternehmen
33858	ßung
33859	ähnelt
33860	ähnlicher
33861	älteren
33862	ältesten
33863	ändernde
33864	ändernder
33865	ärgert
33866	ärztlich
33867	ät
33869	äußerer
33870	äußerlich
33871	äußerste
33872	äußersten
33873	äußerte
33874	öffentlich-rechtliche
33875	öffentlich-rechtlichen
33876	öffentlich-rechtliches
33877	öffentliches
33878	ökologisch-ökonomischen
33880	ökologischer
33881	ökonomisch
33882	ökonomischer
33883	örtlicher
33884	österreichischen
33890	überarbeitete
33891	überarbeiteten
33892	überaus
33894	überbracht
33895	überbringen
33896	überdachten
33897	überdachter
33899	überdimensionale
33900	überdurchschnittliche
33901	übereinander
33902	übereingestimmt
33903	überfiel
33904	überführen
33905	überfüllten
33906	übergaben
33908	übergeordneter
33909	übergesiedelt
33910	übergewichtig
33911	überholt
33912	überholten
33913	überhöht
33914	überkommene
33915	überlagert
33916	überlassenen
33917	überlastete
33918	überlebender
33919	überlebensfähig
33920	überlege
33921	überlegenen
33922	überliefert
33923	übermittelte
33924	übermittelten
33925	übermäßig
33927	überparteilichen
33928	überproportionale
33929	überprägter
33930	überprüfe
33932	überregional
33933	überregionaler
33934	überregionales
33935	überreichen
33936	überreichte
33937	überrepräsentiert
33938	überrollt
33939	übers
33940	überschritt
33941	übersehen
33943	übersichtlich
33944	übersichtliche
33945	übersichtlicher
33946	überspringen
33947	überspringenDu
33948	überstandene
33950	übersteigen
33951	überstürzten
33952	übertragenden
33953	übertreffen
33954	übertrifft
33955	übertrug
33956	überweisenden
33957	überwiegen
33958	überwiegende
33959	überwinden
33960	überwältigend
33961	überwältigende
33962	überzeugend
33963	überzeugende
33964	überzeugenden
33965	überzeugten
33966	überörtlichen
33968	übliche
33969	üblicherweise
